:020000040800F2
:10000000203E0020899200083D6B00083F6B0008ED
:10001000556B00086B6B0008816B00080000000046
:10002000000000000000000000000000976B0008C6
:10003000996B0008000000009B6B00089D6B000896
:10004000A3920008A3920008A3920008A3920008BC
:10005000A3920008A3920008A3920008A3920008AC
:10006000A3920008A3920008A3920008A39200089C
:10007000A3920008A39200086B120008FD1100086B
:10008000A3920008A3920008A3920008A39200087C
:1000900045510008A3920008A3920008A96B00082C
:1000A000A3920008A3920008A3920008A39200085C
:1000B000B96B0008A3920008A3920008A39200085D
:1000C000A3920008A3920008A3920008A39200083C
:1000D000A3920008A3920008F31D0008A392000851
:1000E000A3920008A392000849510008DFF80CD041
:1000F0000EF086F800480047116B0008203E0020F3
:10010000F0B507460020059E04460546A9B1844681
:100110009EB1761E8C4212D2B04210D217F804E083
:10012000964508D1A54205D03D4443F8205007F834
:1001300004C0401C651C641CECE70020F0BD8D422F
:1001400003D2791943F82010401C43F820C0F0BDB9
:100150002DE9F04F0024A1B08B4682464FF0FF36C8
:100160004FF02009A0462746802101A80DF035F95F
:100170002CA150460DF03CF9B0B32B4D0FE050468A
:100180000DF036F9040009D055F837000DF042F9AA
:100190000444A4EB0A001FFA80F804E07F1C55F821
:1001A00037100029EBD120783F2804D00D2810D03B
:1001B0003D281AD034E060780D2831D1A0780A2883
:1001C0002ED105EBC700436873B101AA494601204F
:1001D0001BE060780A2823D105EBC70043681BB1F8
:1001E00001AA4946022010E01AE0601CABEB0801AE
:1001F00001AB2C22CDF80090FFF782FF014605EB02
:10020000C700436863B101AA032098470646401C13
:1002100006D006A001F042FD21B03046BDE8F08FC7
:1002200004A0F7E741540000880301080D0A4F4B72
:100230000D0A00000D0A4552520D0A0000B591B09A
:10024000402168460DF0C9F8FCA2FEA168460EF0F8
:100250006BFA68460DF0DEF881B2684600F0B3FF35
:10026000002011B000BD00F031FEFCA001F016FD31
:10027000642001F061FC00F0C1FD00F015FE00F00B
:1002800025FEF6A001F00AFD642001F055FC00F007
:10029000B5FDF2A001F002FD00F0B0FD2DE9F04146
:1002A000C2B017468846032822D14FF4807102A8B5
:1002B0000DF093F838680DF0FCF8C4B278680DF0D2
:1002C000F8F8C5B2B8680DF0F4F8C6B2F8680DF0E9
:1002D000F0F8C1B20DB1012D08D10EB1012E05D13A
:1002E00009B1012902D1B8F1040F04D04FF0FF3059
:1002F00042B0BDE8F081DB482B4680F828501EB3A1
:100300005FF0050280F8792001291FD05FF000021C
:1003100080F87F20012B1BD0202C13D8C484CDE97A
:1003200000612246D0A102A80EF0FEF902A80DF04D
:1003300071F881B202A800F046FFC8A001F0AEFC3F
:100340000CF078FC0020D3E70922DBE70122DFE78D
:10035000082CF7D8C484CDE900612246C2A102A8C6
:100360000EF0E2F902A80DF055F881B202A800F0F3
:100370002AFFBAA001F092FC0BF06FFFE2E730B564
:10038000C3B000252C464FF4807102A80DF025F86B
:10039000B44890F87910092900D0012590F87F1011
:1003A000012900D10124CDE9005490F82830C28CF5
:1003B000B8A102A80EF0B8F902A80DF02BF881B28E
:1003C00002A800F000FF43B0002030BD30B591B06E
:1003D0000C461546402168460CF0FFFF28680DF0DA
:1003E00068F810F0FF0001D0012801D1012C03D0E2
:1003F0004FF0FF3011B030BD9A4C012884F829002D
:1004000001D104F0EBF994F82920ADA168460EF073
:100410008BF968460CF0FEFF81B2684600F0D3FE0F
:1004200000F054FD8DA001F039FC642001F084FB44
:1004300000F0E4FC00B591B0402168460CF0CDFF1F
:1004400088489FA190F8292068460EF06DF968460B
:100450000CF0E0FF81B2684600F0B5FE002000E736
:100460002DE9F04FCDB08B4614464FF480710CA8A7
:100470000CF0B3FF20680DF01CF800F0FF0AA06834
:100480000DF017F800F0FF09E0690DF012F8206A8E
:100490000DF00FF8E0680FF0E3F80DF0D1FB054622
:1004A00020690FF0DDF80DF0CBFB064660690FF018
:1004B000D7F80DF0C5FB8046A0690FF0D1F80DF01C
:1004C000BFFB074660680CF0F4FFBBF1090F04D0D6
:1004D0004FF0FF304DB0BDE8F08F7E490A68A2F8BA
:1004E00017A010800A68CA4650800C68384624F865
:1004F000159FA9466560A660C4F80C804546276133
:100500000DF05BFB8346284600910DF056FB074635
:100510000D4630460DF051FB0646884648460DF024
:100520004CFB024600200A900B460B9000990DF1FF
:10053000080CCDF800A08CE84C01CDE908B1CDE95C
:10054000067534F8153C628863490CA80EF0ECF887
:100550000CA80CF05FFF81B20CA800F034FE002064
:10056000B8E72DE9F047CCB04FF480710CA80CF03F
:1005700034FF58480468D4F82500641C0DF01DFBB6
:1005800081468A46206A0DF018FB07468846E069D6
:100590000DF013FB05460E46A0690DF00EFB0A4652
:1005A00000210A9102AB0B9183E8E507A08A009035
:1005B00034F8013CE28A49490CA80EF0B5F80CA8C1
:1005C0000CF028FF81B20CA800F0FDFD4CB000201B
:1005D000BDE8F0870020704700B591B00020109072
:1005E000402168460CF0F9FE10A806F040F910B161
:1005F0004FF0FF3035E610980DF0DFFA02460B465B
:1006000037A168460EF090F868460CF003FF81B2FF
:10061000684600F0D8FD002023E630B591B00C46C6
:100620001546402168460CF0D8FE28680CF041FFC2
:1006300010F0FF0001D0012864D159E056312E306E
:100640002E3000000D0A67657476657220736F6640
:1006500074776172653A25730D0A00000D0A4F4BDD
:100660000D0A0000880B00200D0A7365746366672D
:100670002049443A25642C20526F6C653A25642C3D
:100680002043483A25642C20526174653A25640D54
:100690000A0000000D0A6765746366672049443AE2
:1006A00025642C20526F6C653A25642C2043483A0F
:1006B00025642C20526174653A25640D0A000000FF
:1006C0000D0A776F726B6D6F64653A2025640D0AB1
:1006D000000000005014002084110108FC100108E3
:1006E0000D0A616E676C653A2025660D0A000000F0
:1006F000012C07D1F84C012806D000202070C0B290
:1007000001F018F9002075E600220121104601F0E1
:10071000F1F80120F2E7014606E00D2A03D00A2A8B
:1007200001D000F8012B491C0A78002AF5D10021DC
:100730000170704710B514460B461068FFF7EBFFC9
:10074000012B07D104F04AF8022303211320226869
:1007500004F05CF8002010BD00B591B0402168465F
:100760000CF03BFEDD4800680DF027FA02460B4610
:10077000DBA168460DF0D8FF68460CF04BFE81B255
:10078000684600F020FD00206BE530B5C1B04FF4A5
:10079000807168460CF021FE45F65A22D5A16846C4
:1007A0000DF0C2FF054668460CF034FE6C4620444E
:1007B000D2A10DF0B9FF68460CF02CFE2044D2A166
:1007C0000DF0B2FF68460CF025FE2044AFF2941203
:1007D000D3A10DF0A9FF68460CF01CFE2044D5A360
:1007E000D7A2DAA10DF0A0FF68460CF013FE20445A
:1007F000DBA2E6A10DF098FF68460CF00BFE421B51
:10080000E6A1A01C0DF090FF7B20605568460CF01F
:1008100001FE2044D1A10DF087FF68460CF0FAFDDF
:1008200081B2684600F0CFFC41B0002030BDF0B589
:10083000A9B00BF011F807460BF006F80546A02109
:1008400001A80CF0CAFD0D221DB10A20152101FBE3
:100850000502A8A101A80DF067FF01AEA021304656
:10086000D0A20DF049FF044615E038680090C4F1AD
:10087000A0013019CEA27B680DF03EFF0444012D8B
:1008800006D9C4F1A0013019A4A20DF035FF04442B
:100890006D1EADB20837002DE7D1C4F1A0013019AB
:1008A000C7A20DF029FF204481B201A800F08BFC03
:1008B0000AF0E8FF002029B0F0BDF0B5A9B0A021F2
:1008C00068460CF08AFD0AF00BFF06460AF00CFFA2
:1008D000071E4FF00C020ADD3146684600F09BFA15
:1008E00068460CF097FD0921C01C00FB071281A18E
:1008F00068460DF019FF6D46A0212846B1A20DF003
:10090000FBFE0446308888B131462819064600F0BF
:1009100082FA30460CF07EFD0444012F06DDC4F15E
:10092000A00128197DA20DF0E7FE0444C4F1A00146
:100930002819A3A20DF0E0FE204481B2684600F021
:1009400042FC0020B7E72DE9F047A8B08A461746D9
:10095000A02168460CF041FD1022002138680CF0FF
:10096000A6FD044688461022002178680CF066FD3A
:100970008146B8680CF09DFD0646F8680CF099FDBC
:10098000054638690CF095FD07461EB115B1BAF160
:10099000050F03D04FF0FF3028B019E61FFA89F297
:1009A000204641460AF0FEFE040037D0A681E581CC
:1009B000278245F65A224FA168460DF0B5FE06463D
:1009C00068460CF027FD6D46284481A10DF0ACFE71
:1009D00068460CF01FFD2844214600F01CFA6846CA
:1009E0000CF018FD28447EA10DF09EFE68460CF028
:1009F00011FD821B69A1A81C0DF096FE7B20A85555
:100A000068460CF007FD284454A10DF08DFE6846A1
:100A10000CF000FD81B2684600F0D5FB0020BBE77A
:100A2000F0B5A9B00E461446A02168460CF0D5FCDE
:100A30001022002120680CF03AFD04460D46012EDC
:100A400002D04FF0FF3036E74FF6FF710020091B50
:100A5000A84104D2204629460AF0EBFE02E0A0B2EB
:100A60000AF0DCFE45F65A2222A168460DF05CFE33
:100A7000074668460CF0CEFC6E46304422462B46B4
:100A800058A10DF051FE68460CF0C4FCC21B43A1F6
:100A9000B01C0DF049FE7B20F05568460CF0BAFC06
:100AA00030442EA10DF040FE68460CF0B3FC81B23C
:100AB000684600F088FB0020FDE610B5012902D051
:100AC0004FF0FF3010BD10680CF0F3FC4C49096882
:100AD000A1F82F00002010BD04000020000000201D
:100AE0000D0A64697374616E63653A2025660D0AA8
:100AF000000000004A532530345800007B22496E24
:100B0000666F223A7B0D0A0022446576696365228E
:100B10003A2250444F41204E6F6465222C0D0A004A
:100B20002256657273696F6E223A222573222C0D4C
:100B30000A00000031343A33303A30390000000006
:100B40004D617920313520323032350022427569CD
:100B50006C64223A222573202573222C0D0A000092
:100B60004457333030302043302044657669636524
:100B7000204472697665722056657273696F6E20C3
:100B800030342E30302E30300000000022447269A4
:100B9000766572223A222573227D7D0025303458F5
:100BA000000000007B22444C697374223A5B2000F1
:100BB000222530386C582530386C5822000000004F
:100BC0005D7D00007B224B4C697374223A5B000010
:100BD0007B225461674164646564223A200000000E
:100BE0007D0000007B2254616744656C6574656418
:100BF000223A20222531366C6C78227D00000000DC
:100C00005014002010B5012902D04FF0FF3010BD64
:100C100010680CF04EFC89490968A1F831000020E9
:100C200010BD10B5012902D04FF0FF3010BD106883
:100C30000CF03FFC81490968A1F84100002010BD7B
:100C40002DE9F04FC7B08B4617464FF4807107A8C7
:100C50000CF0C3FB38680CF02CFC1FFA80FA7868A3
:100C60000CF027FC1FFA80F9B8680CF022FC86B261
:100C7000F8680CF01EFC84B238690CF01AFC1FFAFC
:100C800080F878690CF015FC85B2B8690CF011FC9D
:100C900081B2BBF1070F2DD1BAF1010F2AD8B9F1FA
:100CA000010F27D8012C25D8644808F0FF020068FE
:100CB00020F82B4F46800277C5820183B0F90630B9
:100CC000B0F904700096CDE90573CDE90351CDE983
:100CD0000142C37E827E5A4907A80DF025FD07A870
:100CE0000CF098FB81B207A800F06DFA002047B025
:100CF000BDE8F08F4FF0FF30F9E710B5C8B04FF402
:100D0000807107A80CF069FB4C480DF10C0C0068D1
:100D1000B0F84110B0F93140B0F92F30B0F84320AD
:100D20008CE81E0090F8473030F82B2F41888DE872
:100D30000E00C37E827E424907A80DF0F5FC07A88D
:100D40000CF068FB81B207A800F03DFA48B0002023
:100D500010BD10B5012902D04FF0FF3010BD106852
:100D60000CF0A7FB3549096881F84700002010BD49
:100D700010B5012902D04FF0FF3010BD10680CF003
:100D800098FB2E490968A1F84300002010BD30B53A
:100D900091B00C461546402168460CF01EFB2868B1
:100DA0000CF087FB10F0FF0001D0012801D1012CCD
:100DB00002D04FF0FF30A6E4224981F82A006846AD
:100DC0000CF028FB81B2684600F0FDF900209AE49F
:100DD00000B591B0402168460CF0FFFA19481AA1FD
:100DE00090F82A2068460DF09FFC68460CF012FB34
:100DF00081B2684600F0E7F900200DE4BFF34F8FA1
:100E000017480168174A01F4E06111430160BFF31C
:100E10004F8F00BFFDE730B585B04A880DF1040C57
:100E20000D8ACC898B898CE83C004A6800928B68DB
:100E30000A880D490DF078FC05B030BD5014002033
:100E40000C120108880B00200D0A7477725F706421
:100E50006F615F6D6F64653A2025640D0A000000C4
:100E60000CED00E00400FA057412010810B561A051
:100E700000F014FF69A26CA16EA000F00FFF71A139
:100E800072A000F00BFFBDE810405AA000F006BFB2
:100E900010B503460022104603E010CB521C20443C
:100EA000D2B28A42F9D310BD6F484AF6AA218222F3
:100EB0000160002141608160C16001614161C0F851
:100EC0009C10A0F67C3118300CF06EBA10B5674C4F
:100ED00002E0642000F030FE29226349204600F041
:100EE00030FB0028F5D010BD29225F495F4800F093
:100EF00059BB10B5FFF7F8FF5B4C2068A0F52A41FD
:100F0000AA3910D0FFF7D0FFFFF7E0FFBFF34F8FF4
:100F100057480168574A01F4E06111430160BFF38B
:100F20004F8F00BFFDE760680021401C60605248A1
:100F300006F006FE94F82900012817D14A49A42298
:100F400001F1A4000CF030FA47490020A431474CCD
:100F500081F8290002E0642000F0EEFD42492922D8
:100F6000A431204600F0EDFA0028F4D010BD10B5F1
:100F700000F086F84FF4FA7000F0DEFDFFF7B9FFDD
:100F8000BDE8104072E770B5374EF08CA0F57F4198
:100F9000FF3901D0022400E0012400F09AF800F0AB
:100FA000C8F83648D0F8F40A18B10021084600F015
:100FB0000AF9324D8C3D686884420FD06C6096F817
:100FC000290058B9012C02D0022C07D101E00A22D5
:100FD00000E002220221002000F08CFC287800288A
:100FE00004D0BDE87040012000F0A4BC70BD00201A
:100FF000704700002A2A2A2A2A2A2A2A2A2A2A2A42
:101000002A2A2A2A2A2A2A2A2A2A2A2A2A2A2A2A40
:101010002A2A2A2A2A2A2A2A2A0A00004D61792005
:10102000313520323032350031343A33303A3039CC
:101030000000000020202054696D653A20257320AF
:1010400025730A0056312E302E3000002020205605
:10105000657273696F6EA3BA41692D5468696E6BCE
:1010600065722D25730D0A00880B002000380108D9
:101070000CED00E00400FA050004300090000020B0
:1010800010B54021B9480CF0A8F9B84840214030CB
:101090000CF0A3F9B5480521803009F0F7F910BD2F
:1010A00030B503460C880020250411D4C4F30D0488
:1010B00013550A88521C92B20A803F2A01D9002295
:1010C0000A800A2B04D190B240F40040088001202D
:1010D00030BD2DE9F043A1B04FF0000980216846F2
:1010E0000CF07BF98021684600F051FF05001CD010
:1010F00000246E462746DFF8788214E09B4A9C491C
:10110000305D4032891CFFF7CBFF58B19748294624
:101110004030FFF71DF89548A8F802704021403094
:101120000CF05BF9641CAC42E8DB21B04846BDE83A
:10113000F08300B58D4891B06946803009F02EFAF1
:1011400000280AD08B4890F829100DF102000129DF
:101150009DF8011003D0FEF7FBFF11B000BD09F0B0
:1011600067F9FAE72DE9F041834C0F460146D4F8C0
:10117000F40A0026C21904F5AF65B2F5AF6F08D2C4
:1011800028443A460CF010F9D4F8F40A3844C4F86C
:10119000F40AD4F8F00A012812D1D4F8F42A7AB16A
:1011A000294675480CF000F9B4F8F40A002281B21F
:1011B000714804F52F6400F049FD00202060606054
:1011C0003046BDE8F08170B50C460546FFF7CAFF12
:1011D00021462846BDE8704000F0DBBE00F0D9BED5
:1011E00000F0F1BD30B504460020034603E0CD1801
:1011F000655D68405B1C9342F9DB30BD70B54FF410
:101200000036A0B0304606F0E6F840B35B48574AD7
:1012100057490078FFF744FF08B344210EA80CF0AB
:10122000DCF8534D00248DF838402A788DF83920A9
:101230004E490DF13A000CF0B7F8362211A9684674
:101240000CF0B2F80DF1380C48489CE80E008030E4
:1012500009F070F92C80402144480CF0BEF820B011
:101260003046BDE8704006F0C4B810B54FF40054E5
:10127000204606F098F8002808D03F490120C1F820
:10128000F00A2046BDE8104006F09BB810BD0FB430
:1012900030B50B9C9DF80C0020709DF80D506570CA
:1012A0009DF80E00A070BDF80F00E070000A2071DC
:1012B0009DF811006071BDF811002A46000AA07166
:1012C000DDF81100000CE071DDF81100000E207255
:1012D0009DF815006072BDF81500000AA072DDF8D7
:1012E0001500000CE072DDF81500000E2073BDF84B
:1012F00019006073000AA073DDF81B00E073DDF8CD
:101300001B00000A2074DDF81B00000C6074DDF87F
:101310001B00000EA074DDF81F00E074DDF81F0054
:10132000000A2075DDF81F00000C6075DDF81F0055
:10133000000EA075BDF82300E075000A2076BDF808
:1013400025006076000AA076BDF82700E076000A46
:10135000207702212046FFF745FF60779DF82A009D
:10136000A077281D30BC5DF814FB00007814002025
:10137000D00C0020880B002090000020EC0C0020F6
:101380003E49087070473D480078704770B50500C9
:1013900015D03B4E002400BF05EB440040890CF003
:1013A0003DFB002233460CF07EFA02460B462146F6
:1013B00034A000F073FC641C082CEDDB70BDBDE8AC
:1013C000704036A000F06ABC70B5050014D02C4EF9
:1013D000002400BF35F814000CF020FB0022334637
:1013E0000CF061FA02460B46214626A000F056FC9E
:1013F000641C082CEEDB70BDBDE8704027A000F037
:101400004DBC10B5040015D0E0680CF0D6FB0022EE
:101410001B4B0CF048FA02460B4626A000F03EFC9F
:10142000A0690CF0CAFB0246BDE810400B4626A09E
:1014300000F034BCBDE8104018A000F02FBC10B57F
:10144000040015D0E0680CF0B8FB00220C4B0CF047
:101450002AFA02460B4617A000F020FCA0690CF007
:10146000ACFB0246BDE810400B4617A000F016BCCE
:10147000BDE8104009A000F011BC0000D40C002011
:1014800000005940646973745F636D5B257A755D14
:10149000203D2025332E3366206D0A00496E76618B
:1014A0006C696420726573756C7420706F696E74FA
:1014B00065720A00646973745F636D203D20253393
:1014C0002E3366206D0A0000616E676C65203D203A
:1014D00025332E3166200A0010B54FF4407005F018
:1014E0005BFE00F04EFB00F02BF8FFF7FDFC134C09
:1014F00094F82900FF2801D018B104E0002084F8F6
:10150000290000F0E0F900F08BFC00F00EFB94F8ED
:101510002900002811D100F02FFD94F8290000289F
:101520000BD100F04BF894F82900002805D100F009
:1015300085F8BDE8104005F0CCB810BD880B002040
:101540007047F8B50546042016460F4600248DF86E
:10155000000005F0EAFF352006F0F5F9284606F010
:101560001FF88DF800009DF8000004280AD015E04F
:1015700057F82410284606F0B2F88DF80000641CD5
:10158000E4B22D1DB44203D29DF800000428EFD030
:1015900005F0D7FF9DF80000042801D00020F8BD19
:1015A0000120F8BD10B5002304E010C841F8234025
:1015B0005B1CDBB29342F8D310BD000010B50121D3
:1015C00086B0480506F0D2FD0121082006F0C5FDD1
:1015D000C020ADF8100003208DF812001C208DF8FB
:1015E000130004A98D4806F01CFA8D4C204606F025
:1015F000F7FA0020ADF804004BF6FF70ADF80600D6
:101600003020ADF808002015ADF80A000001ADF853
:101610000C00844800900121204606F05BFB6946DF
:10162000204606F0F0FA03F052F8FF2003F0BAF873
:10163000002003F0B7F8002006B010BD10B501215E
:1016400086B0880506F092FD0121082006F085FD90
:101650004FF44060ADF8100003208DF812001C20FC
:101660008DF8130004A96D4806F0DBF96E4C204696
:1016700006F0B6FA0020ADF804004BF6FF70ADF8A6
:1016800006003020ADF808002015ADF80A00000172
:10169000ADF80C00634800900121204606F01AFBCB
:1016A0006946204606F0AFFA0020C5E710B588B0BD
:1016B000002003F077F85D480068807C40B108B0F6
:1016C00002230121BDE8104059A2302003F09EB84A
:1016D000594C5AA16846E28C0DF026F8B4F8410046
:1016E0004FF00203012817D055A202215FF023001A
:1016F00003F08CF894F82800012811D0022352A29C
:101700000621282003F082F802236A4606214020A1
:1017100003F07CF808B010BD02214CA22720E7E7B7
:10172000012349A20621162003F070F801236A461E
:101730000621232003F06AF80123062145A23B205D
:10174000E6E700B589B0002003F02CF83A4844A140
:10175000C28C68460CF0E8FF00221146102003F00E
:10176000BDF801220021202003F0B8F80222002158
:10177000302003F0B3F803220021402003F0AEF83C
:10178000022338A20021512003F040F80822022150
:10179000202003F0A3F809220221302003F09EF854
:1017A000022329A21946402003F030F802236A469A
:1017B0001946582003F02AF809B000BD10B588B0CA
:1017C000044610F1FF4FA5D2202168460BF005FE1C
:1017D00026482749844202DD2648844208DC204608
:1017E0000BF0FEFE0CF0E9F90B46024622A10AE0DE
:1017F00023488442F3DC20460BF0F2FE0CF0DDF9C6
:101800000B4602461FA168460CF08EFF01236A4674
:1018100006214B2002F0FAFF7CE70000000C01409B
:1018200000540040801A0600005800405014002068
:1018300050446F4100000000880B002041256400E7
:10184000785041205457520049443A0050412054A6
:101850005752000054303A2D2D2D2D206D000000E0
:101860002564000020545752000000000000104181
:101870000000C84200C0794425302E3366000000C5
:10188000003C1C4625302E32660000005B4A0528CD
:1018900018D2DFE800F0140F0F0F140002210BE044
:1018A00001290FD1022102E001290BD100211046AC
:1018B00006F027B90029F7D1104606F020B9002913
:1018C000EED1EBE7704708B50121042006F045FC96
:1018D0000220ADF8000010208DF8030003208DF8E1
:1018E00002006946454806F09CF801210420FFF7F4
:1018F000CDFF08BD10B5424B02290DD0042804D0FD
:1019000003F82010FFF7C2FF10BD0022521C03F89D
:101910002010042AFADBF5E728B1012803D00228B9
:1019200001D00328F0D1022103F8201003EB80003E
:10193000428010BD70B5334E4FF4A023351D48B31F
:101940002F4CA41E2078042811D2002211461846DC
:1019500000F005FC00221146304600F000FC207823
:10196000012282400021284600F0F9FB03E000211B
:101970000846FFF78BFFC82000F0DEF82078052826
:1019800001D2401C04E001210020FFF77FFF00206E
:10199000207070BD0F220021184600F0E0FB0F22DE
:1019A0000021304600F0DBFB00221146284600F003
:1019B000D6FBBDE870400A22022100209AE770B5EC
:1019C0000F4D0646002400BF15F82400022811D14F
:1019D00005EB84004088B6FBF0F100FB116149B9CA
:1019E000B6FBF0F0C007E0B201D0002100E0012119
:1019F000FFF74CFF641C042CE6DB70BD00080140BF
:101A0000D80C00200800050008B517208DF800004C
:101A100001208DF8010000208DF802008DF80300F0
:101A2000684605F0BEFB08BD1CB50521012006F087
:101A3000B0F82020009000208DF8040008208DF8D8
:101A4000050001208DF80600684605F0EFFCFFF761
:101A5000DBFF1CBD70B5354D86B0284606F0CCFBCB
:101A60000121080306F079FB01210D2006F075FB2A
:101A70000021ADF804104FF48270ADF80600ADF807
:101A80000C106815ADF80E00ADF80810ADF8101088
:101A90000720ADF80A10ADF81210ADF8140001A936
:101AA000284606F0CDFBA020ADF8000018208DF8E8
:101AB00003001F4E03248DF802406946304605F0AE
:101AC000B0FF4020ADF8000048208DF803006946C3
:101AD000304605F0A6FF1021ADF800108DF8031078
:101AE0008DF802406946304605F09BFF00212846EC
:101AF00006F05BFC0121284606F01FFC1021304651
:101B000005F0FDFF0121082006F027FB2020ADF89D
:101B1000000028208DF803006946064805F081FF83
:101B2000FFF782FF06B0002070BD93E70030014050
:101B300000080140000C0140424908604FF0E020DD
:101B4000026942F00102026108680028FCD1704776
:101B50003C480168002902D00168491E01607047B5
:101B600008B51C208DF800000B208DF80100002026
:101B70008DF8020001208DF80300684605F011FB86
:101B800008BDFEB530484FF47A710068B0FBF1F043
:101B9000401EB0F1807F42D24FF0E02460616717B1
:101BA0000F21384600F03EF80025A5610726266182
:101BB0000521384600F036F80121084606F0D6FA2D
:101BC00040F2E730ADF8040041F61F40ADF80000E8
:101BD0004FF08044ADF80650ADF8025069462046FB
:101BE00006F0DCFC01221146204606F095FF01219B
:101BF000204606F07CFFFFF7B3FF40F2712445F268
:101C0000555006F081F9304606F081F9204606F07D
:101C100081F906F082F9BDE8FE4006F083B9FEE7DF
:101C200006F07BB90907090E002804DB00F1E0206B
:101C300080F80014704700F00F0000F1E02080F8F9
:101C4000141D7047E80C0020E80F00202DE9F0413A
:101C50000E460746012A0FD0C14C0021204605F050
:101C60008AFBBF484438866407650121204605F099
:101C700082FB3046BDE8F0810025BA4C0BE021889C
:101C80002046795D07F065FA4021204607F0C2FA48
:101C90000028F9D06D1CB542F1DBEAE70FB44FF430
:101CA000807110B503ABB048029A0CF051FD81B2BF
:101CB0000122AD48FFF7CAFF10BC5DF814FB2DE907
:101CC000F04301218BB0084606F03EFADFF890821F
:101CD000404605F0B9FAA34D00242D1D10208026A2
:101CE0000095CDE9044647020290CDE908470694E5
:101CF0000794694640460A9405F013FB012202212D
:101D0000404605F043FBDFF85C820122802140461B
:101D100007F0EBF9DFF8489209F11409484605F09D
:101D200093FA92480095CDE9010403A9012081E8C6
:101D3000510020200694CDE90740CDE90974694699
:101D4000484605F0EEFA01220221484605F01EFB46
:101D50000121484605F00FFB01224021404607F0D3
:101D6000C4F90BB0BDE8F08308B50E208DF8000073
:101D70000A208DF8010000208DF8020001208DF866
:101D80000300684605F00DFA08BD08B50F208DF870
:101D900000000A208DF8010000208DF802000120CB
:101DA0008DF80300684605F0FCF908BD10B5704CCD
:101DB0000146204607F0CDF98021204607F02AFA97
:101DC0000028F9D010BD2DE9F0410E460746002449
:101DD000674D0BE0395D284607F0BBF980212846A6
:101DE00007F018FA0028F9D0641CE4B2B442F1D329
:101DF00040E770B55E4C40F225552946204607F075
:101E000013FA00280BD0204607F0A7F9C0B2FFF75D
:101E1000CDFF29462046BDE8704007F024BA70BDCA
:101E20001FB5012144F2040006F097F94FF4007049
:101E3000ADF8000003208DF8020018204D4C8DF8FD
:101E400003006946204605F0ECFD2015ADF80000C2
:101E500004208DF803006946204605F0E2FD4FF4AA
:101E6000E13000900020ADF80400ADF80600ADF8B8
:101E70000800ADF80C000C203A4CADF80A00694699
:101E8000204607F09DF8012240F22551204607F038
:101E900014F90121204607F006F9FFF710FFFFF7BC
:101EA00063FFFFF772FFBDE81F40AFF3008070B51E
:101EB00086B00121042006F050F90121480406F003
:101EC00055F90424ADF8104018208DF81300294E60
:101ED00003258DF8125004A9304605F0A2FD082014
:101EE000ADF810008DF813408DF8125004A930465B
:101EF00005F097FD00244FF4E1300090ADF8084064
:101F00000C201B4DADF80440ADF80A00ADF80640BA
:101F1000ADF80C406946284607F052F801212846E2
:101F200007F0C1F8012240F22551284607F0C5F814
:101F30004021284607F075F94FF4C06005F02CF9F0
:101F400026208DF814008DF815408DF816400120DC
:101F50008DF8170005A805F024F906B070BD000043
:101F6000440002400038014060160020ED0C0020C3
:101F7000004400400008014010B502F029FD02F0C5
:101F800056FD02F06BFDBDE8104003F097BE02F075
:101F900093BD02F0A3BD00004FF48020704710B144
:101FA0004FF0FF307047FF49FD4808600020704740
:101FB00038B50024009400F018F838BD08B589B28F
:101FC0006B460122FFF7F4FF9DF8000008BD30B515
:101FD000F34D00230446403503E0E05C50405B1CB9
:101FE0002A5C8B42F9DB104630BD2DE9F8430646EA
:101FF00017463144C1F304420898984601F07F0126
:102000001F2A27D87F2925D8B7F5445F22D24FF45D
:10201000004C48F2010360450AD048B1984207D00D
:10202000A0F50044023C03D0A0F50044033C11D1CC
:10203000520242EA810240EA0204240A00F0030547
:102040008DF8004015438DF801500FB151B10CE0EF
:10205000604501D0AFF30080812141EA46018DF84F
:10206000001012E060450ED068B144F040018DF8D8
:1020700000100224C11ACB4D98420DD007DC20B3CA
:10208000604508D108E08DF800400124F2E70129FD
:1020900002D0022900D0FEE72868007D70B100223E
:1020A00021466846FFF793FF024639464046FFF750
:1020B0008EFFBDA0FFF7F2FDBDE8F88343463A4628
:1020C000694620460AF095F9F6E743463A466946DE
:1020D00020460AF0BCF92868007D0228ECD1182EB1
:1020E000EAD0002221466846FFF771FF02463946D2
:1020F0004046FFF76CFF044600211820FFF75EFF03
:102100008442D9D02868406A0028D5D08047D3E7D8
:1021100038B54FF400440094FFF767FF38BD0AF06C
:102120000BB938B5002489B26B460422FFF740FF93
:1021300003216846425C491E02EB0424FAD520467E
:1021400038BD08B589B26B460222FFF731FF9DF812
:1021500000009DF8011000EB012080B208BD38B5E9
:1021600000236C46E254120A5B1C042BFADB89B292
:1021700023460422FFF7CCFF38BD08B589B28DF89D
:102180000020120A8DF801206B460222FFF7C0FFE3
:1021900008BD07B589B202AB0122FFF7B9FF0EBD3A
:1021A0003EB5140A8DF804208DF80540140C8DF806
:1021B0000640120E8DF807208DF808301A0A8DF8A7
:1021C00009201A0C8DF80A201A0E8DF80B2048F2FF
:1021D0000302009289B201AB0822FFF706FF3EBD61
:1021E0001CB589B28DF80420120A8DF805208DF8EF
:1021F00006301A0A8DF8072048F20202009201AB5D
:102200000422FFF7F2FE1CBD1CB589B28DF8042034
:1022100048F201028DF80530009201AB0222FFF76F
:10222000E4FE1CBD2DE9F0415E4D0E4604001FD0BA
:102230004023FF2200211020FFF7E6FF022C01D1EE
:1022400028684662564E002207234036D1B2082045
:102250000F0602D583EA410100E04900401EC9B2E1
:1022600010F0FF00F4D1B154521CFF2AEEDD05E05E
:102270000023BF2219461020FFF7C6FF2868047507
:10228000BDE8F08170B54F4D04460122002128467B
:10229000FFF773FF22460021281FFFF76EFF02227F
:1022A00000212846FFF769FFBDE87040454800213E
:1022B000083036E70021084633E710B5FFF7FAFF8C
:1022C0004149884205D040491039884201D08817D9
:1022D00010BD002010BD2DE9F041324C064600250E
:1022E00020680221C5730182057545758572C57226
:1022F0008562C56205634563C5638563FFF7DDFFDE
:1023000008B1681EBCE70420FFF7BCFF804605202B
:10231000FFF7B8FF07460A20FFF7B4FFC0F30441F8
:102320002068B8F1000F017203D017B109B102F0B3
:102330005EF82020FFF7A6FF2449884203D12168D8
:102340000120487201E020684572F00604D406209E
:10235000FFF798FF21680860B00604D40720FFF754
:1023600091FF21684860700604D50820FFF78AFFB6
:1023700021688872300604D50920FFF783FF2168A1
:10238000C8722068C17A09B98521C172817A09B9F8
:10239000742181721F20FFF775FF2168487317E0D1
:1023A00060170020F00C00204E4F4E45205350493E
:1023B000207772697465746F737069776974686384
:1023C00072630A0008000B001203CADE400200100C
:1023D0001E20FFF757FF10F07F012068817301D1A5
:1023E0002E218173CAB20021FE48FFF7D2FE0020E1
:1023F00046E710B51E20FFF745FF00F07F0010BD37
:1024000040E770B5044680B240F400724FF43025C6
:1024100000212846FFF7B1FEA2B22846BDE8704071
:102420000021AAE62DE9F047DFF8BC830E460446FA
:1024300000214046FFF775FE82464FF470434FF08F
:10244000FF3200214046FFF7ABFEDFF8A0931822D1
:1024500000214846FFF791FE2520FFF7D2FF02201A
:10246000FFF7CFFF4FF4FE70FFF7CBFFF0B240F461
:102470008070FFF7C6FF4FF480763046FFF7C1FF4C
:102480000020FFF7BEFF0220FFF7BBFF4FF4E07014
:10249000FFF7B7FF46EA146060F30F05C4F3074087
:1024A00040F48077C4F3072040F48076E0B240F433
:1024B0008070FFF7A6FF3046FFF7A3FF3846FFF70F
:1024C000A0FF28B2FFF79DFF0020FFF79AFF3A20F8
:1024D000FFF797FF40F2FF10FFF793FF4FF485706F
:1024E000FFF78FFF0020FFF78CFF3A20FFF789FFEF
:1024F00040F20110FFF785FF4FF430240222002143
:102500002046FFF73AFE002211462046FFF735FE2F
:10251000022009F022FF3A20FFF773FF4FF4817089
:10252000FFF76FFF022200212046FFF726FE002260
:1025300011462046FFF721FE002211464846FFF7CC
:102540001CFE52464046BDE8F047002107E670B544
:102550000D460446FFF766FF2846FFF793FEA042AC
:1025600001D1002070BD4FF0FF3070BD2DE9F0416A
:10257000074615460E464FF0FF30002408E0381994
:1025800081B256F82400FFF7E2FF002802D1641C54
:10259000AC42F4DB74E62DE9F041954C012818D0EB
:1025A000271F25056FF48076022819D00123FF220A
:1025B00000213846FFF728FE2B46324600212046F0
:1025C000FFF7EEFD00237F2202212046BDE8F04107
:1025D0001AE6052001F032FF0123FF221946F4E735
:1025E0000323FF2200213846FFF70EFE2B4632461A
:1025F00000212046FFF7D4FD00237F220221204640
:10260000FFF702FEBDE8F041052001F017BF784852
:1026100000214FF480334FF0FF32001FC0E57548B2
:102620000068407B7047724B083308B1724A00E083
:10263000724A0221184692E570B504464FF4A0256F
:1026400000212846FFF76DFD6D4900EA0102E00711
:1026500001D042F48022A00701D542F41042600765
:1026600001D542F012022846BDE87040002176E50F
:102670005D4800212838A1E45E480068807A7047F0
:102680005C480068C07A70475A4800680068704724
:1026900058480068406870472DE9F041524F0D4698
:1026A00006464FF0FF343F1D4FF00823224600211D
:1026B0003846FFF775FD4FF060132246002138467B
:1026C000FFF76EFD4FF4E020052E0DD04D4B224656
:1026D0000021FFF765FD002D08D0BDE8F04142481C
:1026E0000021494A30383AE5484BF0E7C8E570B573
:1026F00004460D46012001F0A1FE00212846FFF707
:10270000CBFF284601F0C9FEC4F30B02002140486C
:10271000FFF733FD3E4C03230C3CFF2200212046F3
:10272000FFF772FD00212046FFF748FCC007F9D1F2
:1027300001F0ADFE002001F091FE052001F07EFECB
:10274000294800212838FFF739FC00F03F0070BD10
:1027500070B50446008990B1052500212D48FFF78A
:102760002DFCC00700D0092520892946FFF7BFFFAF
:102770006268BDE87040274800210838EFE41A4835
:10278000227800212838FFF704FDF1E710B5044650
:10279000026800212048FFF7E2FC1F480021001DCD
:1027A0006268FFF7DCFC1C4800210830A268FFF7D4
:1027B000D6FC1948E2680021BDE810400C30CEE498
:1027C00010B504460268144800211030FFF7C7FC1A
:1027D0001148002114306268FFF7C1FC0E48002147
:1027E00018301BE0140009004400070008000B002B
:1027F00008001100F00C00207488D2041000D200F0
:10280000C00FE0FF001C000200110101003C0002AB
:102810001C000800140001000C000200A268FFF771
:102820009EFCE268BDE810400021FD4897E4FC48AA
:102830000123FF2200212438E6E42DE9F047052892
:102840003FD0FB4EFA4D3F36F64ADFF8DC93DFF817
:10285000DC83F74F77352C460021F648FFF77FFCE5
:10286000F4484A460021001DFFF779FCF148424632
:1028700000210830FFF773FCEE483A4600210C3087
:10288000FFF76DFCEB48324600211030FFF767FC84
:10289000E8482A4600211430FFF761FCE54822464B
:1028A00000211830FFF75BFCE248E34A00211C38A6
:1028B000FFF755FCBDE8F047DE480021DF4A183835
:1028C0004DE4E14FE14DE14CC0377F35DC4ADFF8A4
:1028D0007493DFF87483DD4EBF34BDE770B5DC4D13
:1028E00005242868007A08B101F081FD1422012135
:1028F000D848FFF74EFC18220021D748FFF72FFCDD
:10290000D548E8220021001DFFF729FC28686FF454
:10291000C052007C00F0E001D048202902D060299C
:1029200008D102E04FF4806301E04FF440630021DE
:10293000FFF736FC0021CA48FFF703FCF82101EA43
:10294000D00109390F290ED8C00700D00924286802
:10295000407A0128204602D0BDE870406DE7BDE80E
:10296000704001F058BD70BD10B50446B8486FF412
:10297000304200210068447504F00B00030310206E
:10298000FFF70EFCE0438107B64805D0B64ABDE824
:1029900010400021FFF7E3BBB44AF8E72DE9F0410E
:1029A0009F4AB34F0024273A21463846FFF7D7FB0A
:1029B0001023FF2200213846FFF726FCDFF8B08203
:1029C000002508F11408661E142009F05DFC0021A2
:1029D0004046FFF7F3FA012804D06D1CEDB2032D39
:1029E000F2D33446002211463846FFF7D2FB0122CB
:1029F00000214046FFF7CDFB0123FF22022138468C
:102A0000FFF702FC9A4800210830FFF78AFB6FF0BD
:102A10006045A84200D13446954800211030FFF7A8
:102A200080FBA84200D13446204629E42DE9F0413C
:102A3000884D0446083D01280CD100212846FFF7A7
:102A400080FB064640F205134FF6FF720021284630
:102A5000FFF7C6FBFFF7A2FF0746012C05D10023B5
:102A6000324619462846FFF7BBFB384608E40246C3
:102A700001212820FFF78DBB2DE9F05F044690F877
:102A800000800079182802D8E078182801D90120A0
:102A900000E000208346E079012864D000208246CF
:102AA0006078012863D004285FD0052863D0072808
:102AB0005FD04FF48075DFF89891D9F80060308AC4
:102AC00020F0E0003082E0793073217B0120891C06
:102AD000884087B2F8000AF075FF66490AF04EFD9B
:102AE0000AF0C9FF7082E07A7075607BE17A0004B9
:102AF00001F00B0140EA0133207A202101EA401065
:102B0000034343EA0A035C4A00211020FFF748FB15
:102B10005FEA0B00594EDFF844B16FF4C05A2CD075
:102B2000D9F800004FF440635246018A41F0600139
:102B3000018200215846FFF733FB40F206320021A4
:102B4000B01FFFF70CFB00221146301FFFF707FBF9
:102B50004B4A00213046FFF702FB7D220021301D49
:102B6000FFF717FB38E0102099E72025A3E7402561
:102B7000A1E748259FE780259DE7E07AA8B1607B23
:102B8000404901281CD0D8B1207B042231F8100024
:102B9000102101F094FC00F07F0305EBC7054FF610
:102BA000807202213046FFF71BFBFF2D0DDDD9F8A7
:102BB00000004FF48063018A41F02001018206E0A9
:102BC000207B032231F81000E2E74FF4A053524675
:102BD00000215846FFF7E4FA4FF4C025A378FC2201
:102BE00000212846FFF710FB7F1EFAB200214FF4A8
:102BF0000030FFF7CEFA607807284DD05FF0000074
:102C0000FFF735FFE07AC0438107164846D0164AE1
:102C10000021FFF7A4FA124E0021304634E00000F4
:102C200028000200FEA8020036AC0200FEA5020049
:102C30003EAF0200380003004002001089A46D1B63
:102C4000FDC001003EC40100BEC6010036CF010038
:102C5000F00C0020500007000C001F0008000B00C3
:102C6000140001000C0006004C585FAFCC355FAF7C
:102C70000C0004006666663FCF4FFCFF12000E009A
:102C80000A5A0C0078040108FFF74BFA6FF30C00A6
:102C9000B8F1090F04D005E00820B1E7F84AB7E71A
:102CA00040F0010021794FF4F85202EA012101437A
:102CB000E0780622C00641EA1060617902EA41022A
:102CC000024300213046FFF74AFAA079617880027A
:102CD00040EA01336FF4744200212420FFF760FAC8
:102CE000B4F8090010B98120A4F80900B4F809204B
:102CF00002212846FFF741FAE2484FF41025B8F1C7
:102D0000090F42D0E04A0021FFF729FA41F63C7250
:102D100000212846FFF731FADA4814220121343025
:102D2000FFF737FAD7480E220221001FFFF731FACA
:102D300081220021D548FFF72CFA022200214420ED
:102D4000FFF727FA0120FFF726FC0025012009F0F4
:102D50009AFA00214420FFF731F9800726D520791F
:102D6000CB4C09380F282ED8D9F80000407A01281A
:102D700024D04046FFF761FD4FF4C84348F2FF12EC
:102D800000212046FFF72CFA23E0C24A0021FFF77A
:102D9000E6F940F63C7200212846FFF7EEF9B94803
:102DA000BD4A00210C38FFF7DAF9B5E76D1CEDB22A
:102DB000062DCBD34FF0FF30BDE8F09F4FFA88F0DF
:102DC00001F029FBD8E70023FE2219462046FFF731
:102DD0001BFABDE8F05F012028E6024600214FF40F
:102DE0006020FFF7CAB902460021AC48FFF7C5B919
:102DF00070B50546501914460E46B0F5806F1BD2CB
:102E00007F2C05D80B462A4621464FF4A0100FE030
:102E100014220021A248FFF7A2F9A148224600216E
:102E2000001DFFF79CF933462A4600214FF4E810B5
:102E3000FFF76EF9002070BD4FF0FF3070BD10B588
:102E4000984C7F290AD840EA014040EAC223224632
:102E50000021BDE810402420FFF7A2B94FF4000381
:102E600003EB0141014341EAC22322460021242011
:102E7000FFF796F9BDE8104000214FF40020FFF75E
:102E80009DB830B414460A462146034630BC4FF480
:102E9000B010FFF78DB870B50646834814460D464E
:102EA0000068C07B03280BD04FF490106119B1F576
:102EB000806F1CD27F2C06D833462A46214612E06A
:102EC0004FF49810F2E7020C00217548FFF747F91C
:102ED000734822460021001DFFF741F933462A4678
:102EE00000214FF4E810BDE87040FFF761B870BDF5
:102EF0002DE9F0416D4E14460D46074648F2400359
:102F00004FF6FF7200213046FFF76AF9601943F26D
:102F10000101884222D87F2C05D83B462A4621460B
:102F20004FF4A8100FE0152200215D48FFF717F9B4
:102F30005B4822460021001DFFF711F93B462A4657
:102F400000214FF4E810FFF733F83046BDE8F041B8
:102F5000002347F6BF721946FFF742B9AFF300806E
:102F6000514810B50068C07B012808D0032802D062
:102F700000214F4805E00C214FF4F01001E0002142
:102F80004C48FFF7DEF8C0F30C00C10401D540F453
:102F9000604000B210BD38B500246B4603222146C4
:102FA0004548FFF705F8022069460A5C401E02EB1F
:102FB0000424FAD5E00201D540480443204638BD38
:102FC00010B5044600213E48FFF7BBF8C0F30B01E3
:102FD000080501D541F4704108B2334920800968E1
:102FE000B1F91210401A10BD70B500250446012930
:102FF0000DD030484FF00C1220302B490968C97BA6
:1030000001290ED0032907D0022110460AE02948E1
:10301000274A28300C3AF0E72A4901444FF4F010CF
:1030200000E00221FFF78DF8C00920800004000CA9
:1030300001D04FF0FF35284670BDF0B51A4E04465A
:10304000BBB030684FF4C0176D46C17B01297DD0FD
:10305000807D032910D0C1074FF4402005F16C0793
:103060002B4674D06C220021FEF7A2FF6C223B4657
:1030700000214FF4502025E101074FF4F01717E12C
:10308000CC355FAF1C0007003411071C0800090095
:10309000180003003400011C33A8B5080400010027
:1030A00004001F0000F400FCF00C002004001100DC
:1030B00020000C000C001800290006000000F0FFA2
:1030C000080002000200E8FF2B46E82202E0382256
:1030D00000E0202200213846FEF76AFF0020291870
:1030E0002218097C401C11770628F8DBBDF80C007B
:1030F000C0F30C00A084BDF81600C0F30D0060847E
:10310000810402D540F440406084BDF81C00C0F347
:103110000B00A4F842003268907D80077DD4002027
:10312000291811F8203F235423180E7A1E72097CA7
:10313000401C99740528F3DB9DF822006071BDF8EE
:103140002100E0809DF82A00E08101E0AEE0B7E0D8
:10315000BDF8290020829DF832002083BDF831009F
:103160006083907D400758D49DF83800DDF8391011
:1031700040EA012020F0604044F8280F9DF83C0010
:10318000DDF83D1040EA012020F0004060609DF82D
:103190004000BDF8411040EA0120C0F31000A060DB
:1031A0009DF84400BDF8451040EA0120C0F3150029
:1031B000E0609DF84800BDF8491040EA0120C0F3E6
:1031C000150020619DF84C00BDF84D1040EA01202B
:1031D000C0F315006061BDF85C0020839DF86C00B1
:1031E000DDF86D1040EA012020F04040E061BDF8BC
:1031F000700020849DF87400BDF8751040EA01202D
:10320000C0F3150060629DF87800BDF8791040EABF
:103210000120C0F31500A06200E045E09DF87C00AD
:10322000BDF87D1040EA0120C0F31500E062BDF852
:103230008C00C0F30E002086BDF89C00C0F30B008C
:1032400060869DF8B400DDF8B51040EA012020F05A
:1032500040406063BDF8B80020879DF8BC00BDF811
:10326000BD1040EA0120C0F31500E0639DF8C000E6
:10327000BDF8C11040EA0120C0F3150020649DF89C
:10328000C400BDF8C51040EA0120C0F31500606419
:10329000BDF8D400C0F30E00A4F84800BDF8E40067
:1032A000C0F30B00A4F84A003BB0F0BD807D0107DD
:1032B0000029FFF609AF40072B467FF50AAF06E766
:1032C00028220021FEF774FE00202218295C2154D8
:1032D0002918401C0B7A13720B7C9374097E1177AA
:1032E0000528F2DB9DF81D0084F821009DF80700F9
:1032F0006071BDF80500E0809DF80F009DF80E108C
:103300000843C009E081BDF80D0020829DF8170038
:103310009DF80E100843C0092083BDF81500608396
:10332000BDF81E00C0F30D006084810402D540F496
:1033300040406084BDF82000C0F30C00A0849DF8DC
:103340002400DDF8251040EA012020F06040A06252
:103350003068807DC007A7D09DF82800DDF82910CF
:1033600040EA012020F0004044F82C0F9DF82C008A
:10337000BDF82D1040EA0120C0F3100060609DF8F8
:103380003000BDF8311040EA0120C0F31500A06004
:103390009DF83400BDF8351040EA0120C0F3150057
:1033A000E0609DF83800BDF8391040EA0120C0F314
:1033B00015002061BDF84800A082BDF85800C0F398
:1033C0000B00E0829DF85C00DDF85D1040EA012012
:1033D00020F04040A061BDF86000A0839DF864002B
:1033E000BDF8651040EA0120C0F3150020629DF889
:1033F0006800BDF8691040EA0120C0F31500606262
:103400009DF86C00BDF86D1040EA0120C0F3150076
:10341000A062BDF87C00C0F30E00A085BDF88C0052
:10342000C0F30B00E0859DF8A400DDF8A51040EA8C
:10343000012020F040402063BDF8A800A0869DF840
:10344000AC00BDF8AD1040EA0120C0F31500A06348
:103450009DF8B000BDF8B11040EA0120C0F315009E
:10346000E0639DF8B400BDF8B51040EA0120C0F358
:1034700015002064BDF8C400C0F30E00A4F8440099
:10348000BDF8D400C0F30B00A4F846000CE70346D7
:10349000052200217420FEF78BBD01217420FEF768
:1034A00040BE00217420FEF73CBEFF4810B5006806
:1034B000C07B012808D0032802D00221FB4805E088
:1034C00016214FF4F01001E00221F948FEF739FE11
:1034D000C0F30D00810402D540F4404000B20AF070
:1034E00068FA6FF00A010AF0B9F8F2490AF046F8F2
:1034F0000AF063FBF04AF14B0AF0D5F90AF0A0FBA1
:103500000AF0B9FA00B210BD10B504460346E74808
:1035100006220021001FFEF74BFD607900F001003C
:10352000607110BDE0490968C97B01290BD00329EE
:1035300003464FF0050202D00021642008E0042178
:103540004FF4F01004E00346D9480522002110385A
:10355000FEF72EBD00210170431C04227020FEF7EF
:1035600027BDD1490968C97B01290CD0032903462D
:103570004FF0050203D000214FF4402008E0202145
:103580004FF4F01004E00346C948052200210C3036
:10359000FEF70EBDC4490968C97B01290CD0032977
:1035A00003464FF0050203D0C0480021143808E05C
:1035B00028214FF4F01004E00346BD480522002105
:1035C0001430FEF7F5BC01216420FEF7AABD0021EE
:1035D0006420FEF7A6BD00211C20FEF7A2BD034615
:1035E000042200211C20FEF7E3BC10B50C46022883
:1035F0000CD00023FE2219461020FEF705FE002203
:103600000021BDE810401420FEF7B7BD0123FF22C2
:1036100000211020FEF7F8FD2246F1E702460221C4
:103620000C20FEF7AABD024600210C20FEF7A5BD26
:103630000346082200210420FEF76ABD0346082243
:1036400000210420FEF7B4BC10B5024600219C48BE
:10365000FEF793FD9A4C8822083C00212046FEF795
:1036600098FD002211462046FEF793FD0021201D03
:10367000BDE81040FEF7A2BC70B500240D46FF283F
:1036800000D92024024600218D48FEF776FD8C48A3
:103690002A460021001DFEF77CFD44F09002884C74
:1036A0000021083C2046FEF774FD2046BDE870402E
:1036B00000221146FEF76DBD2DE9F04115460E467C
:1036C0000746002406E0381980B2FEF7DBFD46F815
:1036D0002400641CAC42F6DBBDE8F08110B5022882
:1036E00005D10023FE2201217648FEF78DFD744CA2
:1036F0000022083C11462046FEF74BFD20460222E0
:10370000BDE810400021FEF744BD10B50446C1B22B
:103710004FF48170FFF7B0FF210ABDE8104040F27E
:103720000310A9E770B5684D1023FF220021284639
:10373000FEF76AFD4FF4827600213046FFF79CFFCA
:1037400004213046FFF798FF022008F006FE4FF4F0
:103750008770FFF779FF044640F20F10FFF774FF00
:1037600044EA002400213046FFF786FF0023EF22C1
:1037700019462846FEF748FD204670BD10B50C4698
:10378000494909680A8A02430A8200214FF420202D
:10379000FEF7F3FC22464A480021BDE810400830FD
:1037A000FEF7F7BC10B5002211464FF42020FEF7BB
:1037B000E4FC4348002211460830FEF7EAFC404C86
:1037C0000022083C11462046FEF7E3FC2046022278
:1037D000BDE810400021FEF7DCBC30B4394C20B10C
:1037E0004FF400634FF6FF7202E000234FF2FF72C6
:1037F000204630BC0021FEF7F3BC10B50446C107DB
:103800004FF4602002D00023EF2201E01023FF22BA
:103810000221FEF7F9FC620800212C48FEF7B9FCF2
:1038200021480068847510BD10B5024627480C4633
:1038300003212038FEF7ADFC4CB10021BDE810405B
:103840004FF481234FF0FF321020FEF7A9BC002374
:10385000BDE810404FF2FF7219461020FEF7C0BCC1
:10386000002310B51A4619461320FEF751FC0E48E6
:103870000068C17B032902D00321C17310BD01215F
:10388000FBE770B50E46084900256C1E0A6850B16A
:1038900008250020D0737EB324F4806400212B46D9
:1038A0002246102014E017E0F00C00201C000C0051
:1038B0001400180000003443462C4454FB210940F6
:1038C0000C000A0008001100480007002800010051
:1038D000BDE87040FEF764BC0120D0736FF00804AF
:1038E00018220021F848FEF73AFCF748E8220021A8
:1038F000001DFEF734FCCEE7FFE745F48065CDE719
:1039000070B5F24D044600212846FEF70AFC6FF31D
:103910001300C4F3130202432846BDE8704000219F
:10392000FEF71DBC70B5EA4CDDE904562468283466
:1039300084E86F0070BD10B500214420FEF73EFB07
:1039400000F0010010BD10B502214420FEF7F9FB84
:103950000004C0F3006010BD2DE9F04700214FF4D2
:10396000F810FEF72BFB064600214420FEF7D9FB9A
:10397000D74C054620688561407DC043800703D150
:10398000A80401D546F00806300628D500214820B5
:10399000FEF7D7FB014620688183027D12B1007ECD
:1039A000400702D411F4606F0FD00422002144209C
:1039B000FEF7D5FB4FF4606200214820FEF7DDFBE7
:1039C0002068816B09B1183088472068808BC0055A
:1039D00005D54FF4807200214820FEF7CEFBF0079A
:1039E00009D0F82200214420FEF7D3FB2068816A29
:1039F00009B11830884770060AD52068C16B09B133
:103A0000183088474FF4C07202214420FEF7B5FBFE
:103A100030077DD520680027DFF8B09280F820704D
:103A2000C07BB84609F11C09A0B100214846FEF749
:103A3000C5FA2168C97B032900D10009C10701D05B
:103A400045F48045810701D545F40055400701D56F
:103A500045F4806520686903856108D590F82010D9
:103A60004FF4802741F0080180F8201007E0690535
:103A700005D590F8201041F0040180F82010E900ED
:103A800007D590F8201047F0805741F0100180F8DA
:103A90002010A90403D5417DC943890709D06904D1
:103AA00031D5C07B012817D003280CD000214C2031
:103AB0001AE010F8201F47F4004741F0020101709E
:103AC00020F8028C1FE0F02200214846FEF761FB3F
:103AD00000214FF4F01007E00F2200214846FEF7C6
:103AE00058FB00214FF4C010FEF72BFB21680A7B26
:103AF000B2B3C0F30902CA83000404D511F8200F41
:103B000040F001000870002147F4DE42442000E04C
:103B10000BE0FEF724FB2068C16A09B11830884722
:103B20002068C07B08B1FFF79BFEF00609D5694A03
:103B300000214420FEF713FB2068416B09B11830C7
:103B40008847B00610D5222202214420FEF721FB2F
:103B50002068016B002907D0BDE8F04718300847FE
:103B6000FFE700F07F02C6E7BDE8F08770B50446C6
:103B7000C107594E6FF47C624FF4A0201FD04FF460
:103B800010730021FEF70CFB53484FF404034FF071
:103B9000FF3200211238FEF703FB3513A00700D5D2
:103BA0004E4D00212A463046FEF7D9FAA00713D51C
:103BB000AAB23046BDE870400021FEF7D0BA00231B
:103BC0001946FEF7EDFA3046BDE8704000234FF687
:103BD000FF621946FEF704BB70BD0246002130208B
:103BE000FEF7BDBA024600212C20FEF7B8BA70B528
:103BF000002410F0050F03D1010701D4C10648D5F8
:103C0000C10709D04FF0000380071A46194601D5B5
:103C10000D2024E0032022E0010709D54FF0000326
:103C200080071A46194601D50F2018E0072016E034
:103C3000C1064FEA807009D54FF0000300281A46EC
:103C4000194601DA0E200AE0052008E04FF00003D3
:103C500000281A46194601DA102000E00920FEF774
:103C600057FA03214420FEF7A9F900074FF0FF356A
:103C700007D41A480021E038FEF753FAB0F5502F68
:103C800020D100231A4619461846FEF741FA2C4661
:103C900018E081064FEA807009D54FF00003002834
:103CA0001A46194601DA11200AE00B2008E04FF00D
:103CB000000300281A46194601DA0C2000E0012012
:103CC000FEF726FA204670BD0C001F000800010018
:103CD000F00C0020009005241600110010010F00C8
:103CE00010B500F00DFC002304461A46194618468C
:103CF000FEF70EFA2046BDE8104000F012BCFE4B65
:103D000020B141EA022020F0F00200E00022002170
:103D10001846FEF732BA70B504000CD024F0020049
:103D20004FF0FF3501280DD0042810D008282AD0E4
:103D3000102826D12CE000231A4619460220FEF74F
:103D4000E7F92AE000231A461946042003E000237D
:103D50001A4619460A20FEF7DBF903214420FEF734
:103D60002DF9000719D500231A4619461846FEF703
:103D7000CFF9A00705D400231A4619460220FEF702
:103D8000C7F928469FE700231A4619460820E2E7AC
:103D900000231A4619460620DDE7002093E710B5F8
:103DA00048B1024600213420FEF7D9F94FF40073E0
:103DB0004FF6FF7202E000234FF6FF520021BDE8EC
:103DC00010401020FEF70CBA02460021CB48FEF747
:103DD000D4B92DE9F04116460C46054600F090FB9B
:103DE0000746022E12D0012E1BD00023EA431946AB
:103DF0003C20FEF7D5F90023E24300214020FEF7E6
:103E0000CFF93846BDE8F04100F08BBB2A460021CF
:103E10003C20FEF7A4F9224600214020FEF79FF93E
:103E2000EFE72B464FF0FF352A4600213C20FEF7F6
:103E3000B7F923462A46E0E770B504464FF47025EB
:103E4000022200212846FEF7A4F9002C06D02846BD
:103E5000BDE8704001220021FEF79BB933E710B5A1
:103E600004460021A648FEF75CF9C0F30B0121804F
:103E7000C0F30B406080A2480021001DFEF751F9FD
:103E8000C0F30B01A180C0F30B40E0809C480021EF
:103E90000830FEF746F92072000C60729848002145
:103EA0000C30FEF73EF9C0F30B41A181C0F30B00CB
:103EB0006081934800211030FEF733F9C0F30B41C5
:103EC0002182A0738E4800211430FEF72AF9A074D5
:103ED000000CE0748A4800211830FEF722F9C0F384
:103EE0000B00A08210BD10B5FFF75CFC012008F0AC
:103EF00034FA81480323FF2200211638FEF784F9A3
:103F0000002211464FF48810FEF743F9012008F013
:103F100024FA7C4801210068C1730021018210BD90
:103F200000F03F0277480021006882737648FEF770
:103F300030B974480068807B704770B504460D4600
:103F40000020FEF770FB0F2D00DD0F25601E0328FB
:103F500000D304241022E24000216C48FEF7FFF851
:103F6000A000001F05FA00F2BDE87040002168487B
:103F7000FEF7F5B810B5044661481023FF22002172
:103F80002030FEF741F9042C00D2042422460021FF
:103F9000BDE810402C20FEF7E2B810B50446012120
:103FA000FEF77AFB204600F078FA012000F046FA8E
:103FB0000F21BDE810400120BFE770B50D46044653
:103FC00001212846FEF768FB284600F066FA01202A
:103FD00000F034FA2046BDE87040CBE72DE9F04709
:103FE0004A4C002120342046FDF7E8FF8146022399
:103FF000FF2200212046FEF707F9444E04220C362A
:1040000000213046FEF7C5F84FF4002801220021B8
:104010004046FEF7BEF808F1040500212846FDF7EA
:10402000CDFFC007F9D000214FF00810FEF789F846
:10403000C5B2070A002211464046FEF7AAF8002240
:1040400011463046FEF7A5F84A4600212046FEF705
:10405000A0F845EA072087E52A4910B50968C97A1A
:10406000401A09F0A6FC2B4909F088FABDE8104077
:10407000294909F02BBA234910B50968897A401AF1
:1040800009F097FC254909F079FA042109F0E6FACC
:10409000234909F0A5FABDE81040224909F016BAF3
:1040A00001214FF00810FDF789BF00214FF00810E3
:1040B000FDF784BF70B504460D46012000F0BEF93F
:1040C00000212846FEF7E8FA284600F0E6F90F48F6
:1040D00004F03F0200210C38FEF75BF80C4C012382
:1040E000083CFF2200212046FEF78EF800212046E2
:1040F000FDF764FFC00717E01A0011000400060076
:1041000004000F00F00C0020140009002800070034
:10411000180008006666863F0000A041CDCCCC3E6A
:1041200000007F4300004040E0D10021EC48FEF752
:1041300008F8C0F30B0400F0AAF9002000F08EF993
:10414000052000F07BF92046BDE5C179827941EA7E
:104150004201427941EAC201027941EA8211C27800
:1041600041EAC211827841EA02214278007841EAAC
:10417000C22141EA003082B20021DA48FDF7FDBFDA
:10418000002118B1FF2101EB5000C1B20846704771
:1041900010B504460268D34800212430FDF7DFFF44
:1041A000D048002128306268FDF7D9FFCD480021B2
:1041B0002C30A268FDF7D3FFCA48E2680021BDE8B1
:1041C00010403030FDF7CBBF2DE9FF470446C07CDF
:1041D000FF284AD0C34E361DE9B32068E1896B46FB
:1041E000827A8DF80020427A8DF80120027A8DF8CB
:1041F0000220C2798DF8032082798DF8042042795B
:104200008DF8052002798DF80620C2788DF80720F8
:1042100082788DF8082042788DF8092002788DF890
:104220000A208DF80C100022090A8DF80B208DF859
:104230000D10017B8DF80E10C07A8DF80F00102242
:1042400000213046FDF764FF227BE089A17C131832
:104250004FF4B01600E00BE04FF4A01859B101295B
:1042600012D06FF0010004B07EE46FF00200FAE7B4
:104270000C222368E4E7207C18B14FF480604546A7
:1042800008E07F20354605E0607C10B140F2FF3049
:1042900000E07F20E77CC01B801E984202D24FF0D6
:1042A000FF30E0E751B9002128466368FDF730FF91
:1042B000E289217B2846A368FDF72AFF207C8A4DEE
:1042C000012801D0022804D12868C07B032808D027
:1042D0000120617C012906D0022904D004290AD0DA
:1042E0000FE00220F5E72968C97B032901D00121ED
:1042F00007E0022105E0E289102A02D96FF00300ED
:10430000B1E740EA4132774800211430FDF727FF3A
:10431000207B6FF4FC0100F07F02E08901EAC0100D
:104320000243704800211830FDF719FF6D48012243
:1043300000211C30FDF72DFFDFF8A89109F12009BD
:1043400000214846FDF73AFE074610F0050FF7D06A
:104350003A4600214846FDF71CFF07F03F0727F0CB
:104360003000012825D1A07C012822D1607C0128C1
:1043700004D0022802D003280AD00AE02868C07BB3
:10438000032802D04FF4901603E04FF4981600E093
:10439000464663682BB1227B1AB100213046FDF7F7
:1043A00007FEA3682BB1E2891AB1217B3046FDF7E5
:1043B000FFFD384657E74B4B183B59B1012904D054
:1043C0001B1D022906D0032907D1024602211846E7
:1043D000FDF7D3BE02460021F9E77047062101EA46
:1043E0004003CA433F4800211C38FDF7D9BE10B531
:1043F0004FF4C0734FF6FF7200213C48FDF7F0FE0A
:1044000039484FF6E07200210068037ABDE8104099
:104410003748FDF7E5BE30B4344C6FF40052052840
:1044200008D0092808D14FF40153204630BC0021A0
:10443000FDF7B6BE4023F8E730BC70472C4B1B3B62
:10444000012807D0052808D14FF400720021184632
:10445000FDF793BE41F62202F8E7704710B5044617
:10446000002211462348FDF77AFE002211464FF440
:10447000E020FDF774FE002C08D01E480021BDE8A6
:1044800010404FF0E0523438FDF769BE10BD0022F5
:10449000184811464438FDF762BE30B4154C4FF051
:1044A000FF32443C052807D00928C5D1124B2046CD
:1044B00030BC0021FDF774BE104BF8E7BCE7484361
:1044C000032A02D1B5214843C009C0F30A01C00A3A
:1044D00001F58061B1F5006F00D3401C704700000A
:1044E0001400080030000100F00C002008000B0050
:1044F0001F00110048000700001C0002003C0002E1
:1045000010B5172007F02AFF002809D04FF0E0224D
:104510004FF40001C2F88011BFF34F8FBFF36F8FCC
:1045200010BD002805D04FF0E0214FF40000C1F885
:104530000001704710B5012186B0480503F016FE52
:104540000121082003F009FEC020ADF8100003206F
:104550008DF812001C208DF8130004A9F84803F010
:1045600060FAF84C204603F03BFB0020ADF8040055
:104570004BF6FF70ADF806003020ADF808002015AE
:10458000ADF80A000001ADF80C00EF4800900121E1
:10459000204603F09FFB6946204603F034FB06B03B
:1045A00010BD2DE9F05FEA4C8B468246002721784A
:1045B000E64DE4483E46002971D04FF4003980466C
:1045C0004946404603F06CFC50B17F1CAF4204DD0D
:1045D000E0A0FDF763FB267002E020780028EFD111
:1045E00000270121404603F093FBDFF8789309E0B0
:1045F0007F1CAF4204DDDCA0FDF750FB267007E016
:10460000207828B14946404603F037FC0028EFD017
:1046100000273A467821404603F0C1FBDFF8589363
:1046200009E07F1CAF4204DDD4A0FDF737FB267004
:1046300007E0207828B14946404603F01EFC0028D8
:10464000EFD051460027C246404603F0A3FBDFF8F7
:104650002883A14608F102080BE07F1CAF4205DD6C
:10466000CAA0FDF71BFB89F8006008E099F800007C
:1046700028B14146504603F000FC0028EDD000244C
:1046800059465746504603F085FB0CE0641CAC428B
:1046900006DDC2A0FDF702FB89F8006009E00EE02C
:1046A00099F8000028B14146384603F0E6FB00289F
:1046B000ECD03846BDE8F05F012103F033BBBDE824
:1046C000F09F014600206CE70146402069E710B5E5
:1046D0006420FDF731FAAE20FFF7F3FF2020FFF74B
:1046E000F0FF1020FFF7EDFFB020FFF7EAFFC82032
:1046F000FFF7E7FF0020FFF7E4FF1020FFF7E1FFDF
:104700004020FFF7DEFF8120FFF7DBFFFF20FFF7F0
:10471000D8FFA120FFF7D5FFA620FFF7D2FFA820E2
:10472000FFF7CFFF3F20FFF7CCFFA420FFF7C9FF23
:10473000D320FFF7C6FF0020FFF7C3FFD520FFF708
:10474000C0FFF020FFF7BDFFD920FFF7BAFF2220FE
:10475000FFF7B7FFDA20FFF7B4FF1220FFF7B1FF32
:10476000DB20FFF7AEFF2020FFF7ABFF8D20FFF728
:10477000A8FF1420FFF7A5FFBDE81040AF20A0E779
:1047800010B50446B031C8B2FFF79BFF102040EAD5
:104790001410FFF796FF04F00F00BDE8104040F042
:1047A00001008EE770B506465FF0000404F1B0002A
:1047B000C0B2FFF786FF0020FFF783FF1020FFF74E
:1047C00080FF00253046FFF77FFF6D1CEDB2802D86
:1047D000F8D3641CE4B2082CE8D370BD0020E1E7F4
:1047E00010B58D20FFF76DFF1420FFF76AFFBDE8BD
:1047F0001040AF2065E710B58D20FFF762FF102055
:10480000FFF75FFFBDE81040AE205AE72DE9F04703
:10481000002591468A460446012B22D0DFF88C8180
:10482000022B24D155E02038C7B27E2C04D90AF1DE
:104830000100002400F0FF0A51462046FFF7A0FFC8
:1048400007EB4700002608EB4007B85DFFF73CFF89
:10485000761CF6B2062EF8D3A41D6D1CE4B2EDB2A0
:1048600001E0DFF84C8119F805000028DBD1BDE834
:10487000F0872038C7B2782C04D90AF1010000244F
:1048800000F0FF0A51462046FFF77AFF5FF000066E
:1048900006EB071118F80100FFF716FF761CF6B2B9
:1048A000082EF5D30AF10100C1B22046FFF768FFD8
:1048B0005FF0000606EB071101EB0800007AFFF736
:1048C00003FF761CF6B2082EF4D308346D1CE4B254
:1048D000EDB219F805000028CBD1C8E72DE9F04169
:1048E0000F46804600255401FFF74AFF184E761CFC
:1048F000305DFFF7E9FE6D1CEDB2641C102DF7D39F
:104900007F1CF9B24046FFF73BFF0025305DFFF703
:10491000DBFE6D1CEDB2641C102DF7D3BDE8F081F9
:104920002DE9F04798461746824600260C46DDF8EA
:1049300020904AE021465046FFF722FF554640E0CE
:10494000000C014000540040801A060040420F0055
:10495000F40C0020494943204572726F7220310ADD
:104960000000000001000300494943204572726FB6
:104970007220320A000000008200070049494320EB
:104980004572726F7220330A0000000049494320CB
:104990004572726F7220340A0000000049494320BA
:1049A0004572726F7220350A00000000AE060108E1
:1049B0008604010819F80600761CFFF785FE6D1CB9
:1049C000EDB2BD42F6D3641CE4B24445B2D34EE727
:1049D00038B55E498022A1F1200000F0C5F85B499E
:1049E0004FF4C8728031A1F1900000F0BDF80121B0
:1049F000082003F0B2FB0220ADF8000003208DF880
:104A0000020010208DF803006946514803F009F8B0
:104A10004FF48024204602F067FD4E4908200C60C8
:104A2000487101208871084602F000FD38BD10B5BC
:104A3000002003F024FB0121BDE81040C80503F06D
:104A400095BB45490320086070474448817A424835
:104A500009B1052100E001210160704738B514203B
:104A60008DF8000002208DF8010000248DF802402E
:104A700001208DF80300684602F093FB2A208DF890
:104A800000008DF80140684602F08BFB38BD304ACB
:104A900000284FF00201104601D003F030B803F0B7
:104AA00030B810B5FFF794FFFFF7C1FFFFF7D6FF4F
:104AB000BDE8104001F002B90A46014623482038FB
:104AC00000F070B80A4601462048203800F052B87D
:104AD0000A4601461D48103800F064B80A460146EF
:104AE0001A48103800F046B8F0B500230A243025E3
:104AF00037261F4611E000BFB4EB107F02D905EB4B
:104B0000107C01E006EB107C01F813C001EB430CB4
:104B100000015B1C8CF80170DBB29342ECD3F0BD5A
:104B20000F4810B50168001D0468001D00680818D2
:104B30000AD008220B49FFF7D7FF0A492046042272
:104B4000BDE810401031CFE710BD0000C0180020B4
:104B5000000C0140F80D0020080F0020701B002001
:104B6000E8F7FF1F020E00200260C1604160816013
:104B70000020704770B5002483680FE0C5680668A0
:104B80005B1C35449D4200D8C36845689D4207D0F0
:104B900011F8015B866835708360641C9442EDD324
:104BA000204670BD30B500230DE04468651C4560AB
:104BB0002478CC54C46805682C4445685B1CAC421E
:104BC00001D8C468446045688468A54204D0934213
:104BD00002D204689C42E8D8184630BD10B50021C6
:104BE000426807E0C3680468491C2344521C93428E
:104BF00000D8C2688368934202D003688B42F1D820
:104C0000084610BDF0B54468059E05680AE027789F
:104C10008F420CD0C768D0F800C0641C6744A7421C
:104C200000D8C4688768A74201D06D1EEFD28168A2
:104C3000A14228D0691C26D0C768D0F800C0611CEA
:104C4000674409E0C16809E00F7897420BD0C76854
:104C5000D0F800C0491C67448F42F3D987688F425F
:104C600001D06D1EF0D282688A420CD06A1C0AD034
:104C7000C268076817444A1C974200D8C268016896
:104C80004D1B00210DE00020F0BD00BF14F8017B9A
:104C90005F54C768D0F800C0491C6744A74200D8D9
:104CA000C468944206D0B14204D207688F4201D949
:104CB0006D1EEBD242600846F0BDF0B54468066850
:104CC00009E025788D420BD0C5680768641C3D4417
:104CD000A54200D8C4688568A54201D0761EF0D2EE
:104CE0008568A54227D0751C25D0C56807682F4464
:104CF000651C09E0C56809E02F788F420BD0C768B2
:104D0000D0F800C06D1C6744AF42F3D98768AF424A
:104D100001D0761EF0D28168A9420CD0711C0AD055
:104D2000C16807686D1C3944A94200D8C56801688C
:104D30008E1B00210DE00020F0BD00BF14F8017BA8
:104D40005754C768D0F800C0491C6744A74200D830
:104D5000C468AC4206D0994204D207688F4201D998
:104D6000761EEBD2022908DCC2680021641E944240
:104D700003D2C2680368D418641E44600846F0BDBC
:104D8000F0B54468056809E026788E420BD0C66805
:104D90000768641C3E44A64200D8C4688668A642E0
:104DA00001D06D1EF0D28168A1420CD06D1C0AD0DA
:104DB000C1680568641C2944A14200D8C4684168E0
:104DC000066800250DE00020F0BD00BF11F8017B52
:104DD0005755C768D0F800C06D1C67448F4200D893
:104DE000C168A14203D09D4201D2761EEED241603D
:104DF0002846F0BDF0B54468059E002705680EE022
:104E0000B94202D1277897420FD014F8017BD0F82D
:104E10000CC0D0F800E0F444A44500D8C468D0F831
:104E200008C0A44501D06D1EEAD28168A1420CD011
:104E30006D1C0AD0C1680268641C1144A14200D8EC
:104E4000C4684168056800220DE00020F0BD00BF85
:104E500011F8017B9F54C768D0F800C0521C67440A
:104E60008F4200D8C168A14203D0B24201D26D1E68
:104E7000EED241601046F0BD0360B2FBF3F2426037
:104E8000016100218160C160084670472DE9F04151
:104E9000C568174688460446002614E060686D1C05
:104EA000854200D30025A068A8420ED02069E168A1
:104EB000226801FB02002268414608F075FA216869
:104EC000E5608844761CBE42E8D33046BDE8F081F8
:104ED0002DE9F041002590460E4604462F4612E08B
:104EE0002069A168226801FB02012268304608F0AF
:104EF0005BFA20680644A068401CA06061686D1CD5
:104F0000884200D3A760A068E168884204D0606846
:104F1000A84201D94545E3D32846D7E70021826856
:104F200005E04368491C521C9A4200D30022C36822
:104F3000934202D043688B42F3D808467047000082
:104F400070B5294D2878012815D140212748FFF751
:104F5000BFFD0404240C4FF000060DD02246C021F2
:104F6000224800F0A1FF2146012001F086F901202E
:104F700001F05CF86E6070BD2E7070BD1B4910B5FD
:104F80004031032001F02BFB81B218484030FFF77D
:104F900099FDBDE81040032001F058B870B51448E1
:104FA000006805281FD1104C207800281BD16068AC
:104FB000411C6160052816D10020606040210B482B
:104FC000FFF786FD05042D0C0DD02A46C0210748A9
:104FD00000F06AFF2946012001F04FF9012001F09D
:104FE00025F80120207070BD280E0020D01A002066
:104FF000080F00202DE9F0414C4E88B000243068A5
:105000004B4D688068884B4F39880840800507D52C
:105010004FF6FF5030602878401C2870FFF7BEFF25
:10502000688839880840000401D500F05BFE688874
:1050300039884FF6FF380840400504D5C6F800808F
:105040003D4840688047698838880140890402D516
:105050004DF6FF71316069880140C80405D54EF6F0
:10506000FF703060002000F0F0F96888398808404F
:1050700000050BD53148007810B100F082F902E04C
:10508000022000F0E2F94FF2FF7030606888398842
:105090000840C00546D54FF6FF6030602348001D2C
:1050A00000684FF00002000438D56868401C686052
:1050B0006868032833D91D48001F016809072ED4EA
:1050C000016889B2A9601E494FEA0D0301EB84070C
:1050D000D7F8007CBFB243F82470641C082CF5D3C9
:1050E000AC6844F00104AC60AC68A4B20460AC6885
:1050F00024F00104AC60AC68A4B2046030684005E0
:10510000FCD5C6F80080002053F8204001EB800653
:10511000A4B2C6F8004C401C0828F5D36A600720EA
:1051200000F093F908B0BDE8F0810000445C004055
:10513000300E00202C0F0020900E00200C0F0020BD
:1051400000500040FFF756BF4FF4802002F0CCB96A
:1051500010B5FFF7E5FC764800240068847200F083
:10516000F1F801F01DFA7348046010BD704810B5E5
:105170000068714A00218172D2794272C172084678
:1051800000F0D4FE4FF40071002000F0E7FE102183
:10519000002000F0F8FE4021002001F04AF88021B4
:1051A000002001F03AF8002000F07CFF634890F8FE
:1051B0002C10002001F07FF8002000F047FF0021B4
:1051C000012000F0CBFEC021012001F026F82021B3
:1051D000012000F0D8FE0021012000F0EAFE4FF48B
:1051E000C061022000F0BAFE4FF48071022001F08D
:1051F00014F80021022000F0DCFE2021022000F043
:10520000C2FE0021032000F0A9FE4FF488710320A4
:1052100001F00FF84021032001F04DF84FF4405108
:10522000032000F0C6FE0021032000F0ACFE0020A9
:1052300000F084FC3F490120086010BD4048807A9E
:10524000002802D03B4905200860704739490420F6
:105250000860704739481C380178202901D10021A5
:1052600001707047704710B13448183870473049A2
:105270000820096808820020704710B12F481838AC
:1052800070472B4908200968088200207047284A87
:1052900010B500211268212802D0202808D019E07A
:1052A000107800F07F00212814D1AFF231010AE01C
:1052B000107800F07F00212801D1AFF255011F4B7B
:1052C00020201C3B187029B1002091615082884732
:1052D000002010BD022010BD15490968097801F0B1
:1052E0007F01212903D1022803D0222801D00220E6
:1052F0007047002070471149103900F049BA0F4932
:10530000083900F045BA0A490968C978042901D961
:1053100000207047094A303202EBC10100F038BA70
:1053200009B9012801D90220704700207047000008
:10533000200F0020080F0020B00C0108900E002064
:10534000701B002010B50120FFF7A1FB624801216E
:1053500001600021614A0160031D19604FF4E051B2
:1053600011800160002010BD10B55B4C0120206051
:10537000211D00200860FFF78AFB03202060002029
:1053800010BDF8B55449002000900A68544B554CA4
:1053900092B200BF03EB8005D5F8005CADB244F8D3
:1053A0002050401C0828F5D342F48060086040F08B
:1053B0000100086020F001050D60474A121D1068C9
:1053C0004005FCD54FF6FF301060002054F82060F7
:1053D00003EB8007B6B2C7F8006C401C0828F5D371
:1053E00045F008000860086880B240F004000860DA
:1053F0003D4B18680090186820F0030040F0010051
:1054000018603A48046844F0040404601468E40432
:1054100009D54EF6FF7414600A6892B222F00802B1
:105420000A6000991960016821F004010160F8BD6B
:1054300010B5294C206880B220F004002060FFF7EE
:1054400004FB4FF43F40206010BD2DE9F041284C93
:10545000072800D020702278254D06270521042634
:105460001D48062A0BD2DFE802F0030C11161E2796
:10547000686810B12170BDE8F081FFF7D9FF27708F
:10548000F9E7FFF7D5FF2670012022E002206070C7
:1054900003202070EFE76078401E6070607800287D
:1054A000E9D12670E7E7026892B242F0100202608A
:1054B00021700A206070DEE76178491E61706178B2
:1054C0000029D8D1016889B221F01001016027704C
:1054D00000206860CFE70000405C00402C0F0020F7
:1054E00000500040501B00200070004010ED00E014
:1054F000100F002010B5FB4C30B1FB48006800686D
:10550000804720680A3010BD2168012008820020F1
:1055100010BDF44810B50068F44AC1785278914241
:1055200003D882780AB982880AB1022010BD81723C
:10553000ED48006840688047002010BD10B5E94C78
:1055400030B1E94800688068804720680C3010BDA1
:10555000216801200882002010BD10B5E14CE44A0A
:1055600020681268C17892694079904721688A7AE8
:1055700022B118B9087908B9887808B1022010BD9D
:10558000D9480068C068804720684179C172C178F5
:105590000173002010BDD34910B5096860B1D5482A
:1055A000002202800A7853060AD002F07F02012A04
:1055B00016D0022A16D001E002200882002010BD79
:1055C000497A8A06027802D542F0020201E002F02E
:1055D000FD0249060270D1B211D401F0FE0110E0C3
:1055E000C44810BD4A7911071306C34A02EB916102
:1055F000D1F8001C07D5C1F3011106E0017841F094
:105600000101017003E0C1F301310129F6D0B64870
:10561000006800698047E3E72DE9F041B148006880
:10562000017811F07F0102D0022905D066E0417AAD
:1056300001F0DF0141724EE0418800295ED101791D
:10564000F1BB4179AC4D21F080040A0605EB8402E0
:10565000A64BD2F8002C03D5C2F30112120102E0CE
:10566000C2F3013212031E782346A64246D93AB34A
:10567000807A28B308064FEA84000ED52844D0F873
:10568000000CC0F30110012821D1184600F09CFD48
:105690002046302100F077FC19E04619D6F8000CBE
:1056A000C0F30130012812D14BF68F7748F2800801
:1056B000A4B1184600F076FDD6F8000C384000E0A2
:1056C0001CE080F4405040EA0800C6F8000C864810
:1056D0000068406980470020BDE8F081874890F865
:1056E0002C10002000F0E7FDD5F8000C384080F4C5
:1056F000405040EA0800C5F8000CE8E70220EBE75C
:1057000070B578487C4D0368597921F0800005EB2D
:1057100080000C06D0F8004C21F0800203D5C4F3C1
:105720000114240102E0C4F3013424036F4D2D78E9
:10573000954210D95A8872B96CB19A7A5AB1090651
:10574000D0F8001C48F2800207D548F6BF73194014
:1057500081F0100106E0022070BD4BF68F731940F6
:1057600081F480511143C0F8001C5F4800688069D3
:105770008047002070BD5B4810B50068417A41F059
:105780002001417258480068C0698047002010BD60
:10579000544A13685A8A10B10868104470478888C0
:1057A000801A1882002070472DE9F047DFF8348115
:1057B000534F4FF03009D8F8001001F11005088A56
:1057C0000E7A08B9042E04D0AC88A04216D804265C
:1057D00015E04848801E0178012903D007261020D3
:1057E00038802BE0474A00211268474B120403EB34
:1057F000D2325160A7F8009001701FE00226844267
:1058000000D90446A968204688478246002000F057
:105810001DFD01462246504600F046FB2146002071
:1058200000F02BFD2888001B2880688820446880B1
:10583000A7F8009035494FF440500880D8F8000090
:105840000672BDE8F08770B5264D28680178447867
:105850004A0606D001F07F00012828D002282BD06C
:1058600035E0092C06D0052C07D0032C0ED0012CD6
:1058700014D02CE0FFF74DFE28E0C1787F292ED808
:10588000817861BB818851BB807A27E0C17801298A
:105890001DD18088D8B9FFF76EFF17E0C1780129C4
:1058A00015D1818899B9407A80060AD40FE00B2C73
:1058B0000DD1FFF752FE09E0012C02D0032C03D0DA
:1058C00005E0FFF7A9FE01E0FFF71AFF48B108491C
:1058D0002046096849698847032819D008B108207B
:1058E00024E017E0200F0020280F0020E00E002009
:1058F000240F00201A0F002000500040900E0020BE
:10590000300F0020505C0040006000402E0F00204F
:1059100009200BE0DE4A062000211268DD4B12044C
:1059200003EBD2325160DC4A3021118029680872C1
:1059300070BDF8B5D94CDA4D0926206800272968D2
:105940004278062A05D0AAB1082A4ED00A2A52D097
:105950006EE0027852066BD18078012804D00228CC
:1059600004D0032804D063E0C96959E0096A57E00C
:10597000496A55E04288BABBC288022A58D10279E6
:1059800092BB0278530601D1838833B102F07F02C3
:10599000012A05D0022A0DD04AE0AFF205413FE0CE
:1059A0008A69407900219047F0B92068807A002800
:1059B000F3D13DE0417901F00F0001F070020B06D8
:1059C000B84901EB8001D1F8001C03D5C1F30111E6
:1059D000090102E0C1F301310903B34B1B78834293
:1059E00026D90AB90029D8D122E0007840061FD173
:1059F000AFF2FF4114E0027802F07F02012A17D1D2
:105A0000827AAAB142889AB902798AB9C288012AEF
:105A10000ED18A6940790021904748B9AFF2E3413D
:105A200031B120684782816100208847002006E06C
:105A300029682068096940788847032813D02168BD
:105A40000A8AA2F57F43FF3B0BD002280ED06AB131
:105A50000878000625D5C888009082420AD90882B5
:105A600018E00E72F8BD20680672F8BD4FF008000D
:105A70000872F8BD0ED228688C4B90F82C00824238
:105A800001D21F7006E0B2FBF0F400FB142008B94D
:105A900001201870286890F82C008882BDE8F84032
:105AA00082E603200872824900030880F8BD81481D
:105AB00010B590F82C10002000F0FDFB774800682E
:105AC000007A082802D0092809D006E078494FF466
:105AD00080500880704910200880002010BD0120EF
:105AE00010BD70B56A4800686C4D0004C10B694870
:105AF0000144098989B200EB41042868017A092927
:105B00000FD02178017061784170A08800F03CFDD1
:105B100029684880208900F037FD29688880A0899D
:105B2000C880286801210172C08820B1FFF701FFF9
:105B3000BDE87040BBE7FFF786FEF9E7F0B55A49CC
:105B4000584D48F68F770B78002148F2800C0BE017
:105B5000CEB205EB8604D4F8002C3A40324342EA38
:105B60000C02C4F8002C491C9942F1D3484940F07A
:105B70008000091F0860F0BD10B5484C2068017A0C
:105B8000022904D0042902D0062905D015E0FFF728
:105B90000BFE2068007A11E04178052909D10178CF
:105BA000490606D1C078FFF7C9FF43480068006A7C
:105BB00080473B4800688068804708202168087259
:105BC000BDE8104073E710B5344C2068007A022815
:105BD00011D004280FD0032804D0052802D00728AC
:105BE00005D008E000F00EF82068007A04E02C48A8
:105BF0000068C0688047082021680872BDE810402E
:105C000055E770472DE9F047244EDFF88C803027A8
:105C1000356835F8100FA968A9B100B3AC88844283
:105C200000D904462046884781462888001B2880E2
:105C3000688820446880002000F013FB014622465B
:105C4000484600F044F9288848B119494FF44050BB
:105C500008800021084600F010FBA8F80070288892
:105C6000A988884201D3032001E018B105203168DA
:105C70000872E6E5316806200872054900200968C7
:105C8000044A090402EBD1314860A8F80070D8E555
:105C9000505C004000600040300F0020200F0020CA
:105CA000240F002000500040E00E0020180F0020BC
:105CB0002E0F0020900E0020280F002006480549D6
:105CC000022201600A72064A0449C0E9011208680A
:105CD00000470000701B0020200F0020900E0020C5
:105CE000E40E00202DE9F84F0020ADF80000DFF8A9
:105CF0009CA14BF6BF7648F28007644D644C40F699
:105D00008F7848F60F7BDFF88C910AF1440A31E076
:105D10000888614A10F00F00107034D05F4901EB21
:105D20008001D1F8002CADF80020BDF8002012044D
:105D30000BD5D1F8002C02EA0802C1F8002C584912
:105D400001EB800050F8040C8047BDF8000000060D
:105D500010D551485149007801EB8001D1F8002C51
:105D600002EA0B02C1F8002C4E4901EB800050F80A
:105D7000040C8047DAF800004946A9F80000000446
:105D8000C6D4BDE8F88F28682080208800F0300055
:105D90006080208800F4405020802868304080F4E3
:105DA000005080F02000384328600888C00628682A
:105DB00015D400EA0B002860FFF7DEFE26E02188FC
:105DC000890401D580F400506188C90626D4618811
:105DD000890601D580F0200038432860D1E7ADF86E
:105DE0000000BDF80000000506D5286800EA08009C
:105DF0002860FFF776FE09E0BDF800000004B9D581
:105E0000286800EA08002860FFF7DDFE286821887E
:105E10003040C904D3D580F48050D0E780F0100022
:105E2000D5E72DE9F041194C1B4E1C4F4434194D58
:105E300026E000BF47F6FF702060288800F00F01C1
:105E400007EB81003170D0F8002C92B2130408D512
:105E5000D0F8002C40F68F731A40C0F8002C104880
:105E600009E012060CD5D0F8002C48F60F731A4042
:105E7000C0F8002C0B4800EB810050F8040C804760
:105E8000206828800004D5D4BDE8F081005C004083
:105E90002E0F0020320E00201C0F0020005000406A
:105EA000580E00203C0E0020104B10B5521C52081A
:105EB00003EB41010AD000BF10F8013B521E10F85D
:105EC000014B43EA042321F8043BF5D110BD074BF5
:105ED000521C520803EB410106D000BF31F8043BCD
:105EE00020F8023B521EF9D17047000000600040CC
:105EF000FC4908607047FB48006880B27047F94968
:105F0000091D08607047F748001D006880B270479F
:105F1000F4480830006880B27047F2490C310860DC
:105F20007047F0480C30006880B27047ED4920F0AF
:105F30000700103108607047EA481030006880B2EE
:105F40007047E94A02EB8000C0F8001C7047E64940
:105F500001EB8000D0F8000C80B270478200E2486C
:105F60000244D2F8000C48F68F1318400843C2F8D8
:105F7000000C7047DC4901EB8000D0F8000CC0F346
:105F80004120400270478200D7480244D2F8000CFA
:105F900048F6BF731840CB0601D580F01000890683
:105FA00001D580F0200048F280010843C2F8000CBF
:105FB00070478200CC480244D2F8000C4BF68F7335
:105FC0001840CB0401D580F48050890401D580F4B9
:105FD000005048F280010843C2F8000C704700B539
:105FE0000A460346FFF7B3FF9900BF4B012A194445
:105FF00007D0022A04D120F0100000BFC1F8000C25
:1060000000BD20F48050F9E7B74901EB8000D0F8DB
:10601000000CC0F3011000017047B34901EB800090
:10602000D0F8000CC0F30130000370478100AE4887
:106030000144D1F8000C48F6BF72104080F03000E7
:1060400048F280021043C1F8000C70478100A64856
:106050000144D1F8000C4BF68F72104080F4405090
:1060600048F280021043C1F8000C704781009E483E
:106070000144D1F8000C48F68F72104048F28012AB
:106080001043C1F8000C7047810097480144D1F8D3
:10609000000C48F68F62104048F280021043C1F8AD
:1060A000000C7047810090480144D1F8000C48F67C
:1060B0008F62104048F280021043C1F8000C704714
:1060C000810089480144D1F8000C48F68F721040D5
:1060D00048F280121043C1F8000C704781008248DA
:1060E0000144D1F8000C48F68F72104048F280123B
:1060F0001043C1F8000C704781007B480144D1F87F
:10610000000C48F68F62104048F280021043C1F83C
:10611000000C7047744901EB8000D0F8000CC0F30C
:106120000110012800D0002070476F4901EB80006A
:10613000D0F8000CC0F30130012800D000207047D7
:10614000810069480844D0F8001C40F68F72114065
:10615000C0F8001C7047810063480844D0F8001C58
:1061600048F60F721140C0F8001C704781005E486D
:106170000144D1F8000C48F68F7210404CF28002B6
:106180001043C1F8000C7047810057480144D1F812
:10619000000C48F68F72104048F2C0021043C1F85C
:1061A000000C7047810050480844D0F8001C490496
:1061B00009D5D0F8001C48F68F7211404CF28002CD
:1061C0001143C0F8001C7047810047480844D0F8CC
:1061D000001C490609D5D0F8001C48F68F72114002
:1061E00048F2C0021143C0F8001C704782003E48CC
:1061F0001044D0F8002C48F68F731A400A4348F236
:1062000080010A43C0F8002C7047374901EB800039
:10621000D0F8000C00F00F007047324A21F0010165
:106220001032126892B202EBC000304A42F81010ED
:1062300070472C4A21F001011032126892B202EB31
:10624000C0002A4A02EB40008160704725491031A6
:10625000096889B201EBC000244931F8100080B20E
:10626000704720491031096889B201EBC0001F490D
:1062700001EB4000008980B270471A4A1032126860
:1062800092B202EBC000194A02EB40004160704735
:106290003E2909D94A09C90601D1521E92B24FF4CA
:1062A000004141EA822104E04A08C90700D0521C9B
:1062B0009102016070470B4A1032126892B202EBF1
:1062C000C0000A4A0C3202EB40023E2910D94809AC
:1062D000C90601D1401E80B24FF4004141EA80203E
:1062E0000BE00000405C00400050004000600040B7
:1062F0004808C90700D0401C800210607047A549BB
:10630000096889B201EBC000A34901EB4000808815
:10631000C0F3090070479F49096889B201EBC000CA
:106320009D4901EB40008089C0F30900704730B5FA
:1063300021F0010497490B6822F001029BB203EBA4
:10634000C0035D00944BEC50096889B201EBC000BA
:1063500003EB4000826030BD8E4A21F001011268DB
:1063600092B202EBC0008C4A42F810107047894A82
:1063700021F00101126892B202EBC000864A02EBE2
:106380004000816070478349096889B201EBC00011
:10639000814931F8100080B270477E49096889B29E
:1063A00001EBC0007C4901EB4000008980B27047DE
:1063B0002DE9F043774D012912D002290ED1296829
:1063C00089B201EBC0014B0073490B445A602B6842
:1063D0009BB203EBC00001EB4000C260BDE8F0835C
:1063E00029686D4B89B201EBC0011B1D03EB410C09
:1063F000530951085E1E4C1C4FF400493E2A07D930
:106400001F465FEAC26800D1B7B249EA872705E0B4
:106410000F465FEAC27800D02746BF02CCF8007072
:106420002D68ADB205EBC0005B4D0C3505EB4000AF
:106430003E2A05D9D10600D1B3B249EA832103E04F
:10644000D20700D0214689020160C7E7514B0129DC
:106450000AD0022907D1196889B201EBC0004E4960
:1064600001EB400042607047196889B201EBC0003F
:106470004949091D01EB40013E2A09D95009D206BC
:1064800001D1401E80B24FF4004242EA802004E075
:106490005008D20700D0401C8002086070473D4B76
:1064A00001290AD0022907D1196889B201EBC0007D
:1064B000394901EB4000C2607047196889B201EBAD
:1064C000C00035490C3101EB40013E2A09D9500981
:1064D000D20601D1401E80B24FF4004242EA802031
:1064E00004E05008D20700D0401C800208607047CA
:1064F0002849096889B201EBC000274901EB400037
:106500008088C0F3090070472249096889B201EB0D
:10651000C000214901EB40008089C0F309007047A9
:106520001C4A116889B201EBC0014B001A490B44A7
:106530009B8913F47C4F01D001207047126892B2FE
:1065400002EBC00001EB400080888005F5D00220FE
:106550007047124B48F68F7203EB800001290AD076
:10656000022907D1D0F8001C11404CF280021143DF
:10657000C0F8001C7047D0F8001C114048F2C0025F
:10658000F5E741EA00207047C1B2000A40EA012065
:1065900070470000505C0040006000400050004028
:1065A00018490020086018494FF43F4008801549F9
:1065B000091F08600020704770B500F07F05144681
:1065C0000E462846FFF742FE0146A2B23046FFF7CC
:1065D0006BFCA1B22846FFF750FE002070BD70B5DD
:1065E00000F07F060D463046FFF795FE0446304624
:1065F000FFF737FE014622462846FFF768FC204693
:1066000070BD0000445C00402C0F00202DE9F047D5
:1066100088461D4616468146012101F079FBE94F67
:1066200064243946484601F028FC10B9641EA4B21F
:10663000F7D200224146484601F0B1FB14B9E249C5
:1066400000200860E14F64243946484601F015FCFB
:1066500010B9641EA4B2F7D23146484601F09AFB45
:10666000DA4E6424B61C3146484601F006FC10B9E7
:10667000641EA4B2F7D22946484601F08BFB64247D
:106680003146484601F0F9FB10B9641EA4B2F7D2B6
:106690000121484601F046FBCD4D64242946484679
:1066A00001F0FEFB10B1641EA4B2F7D200214846EF
:1066B00001F042FB5020FBF73FFA0020BDE8F087D5
:1066C00010B50B4602463221C248FFF79FFF00205B
:1066D00010BD10B537212020FFF7F2FF0321212044
:1066E000FFF7EEFFC0212220FFF7EAFF88212320D9
:1066F000FFF7E6FF7F213020FFF7E2FF0221322083
:10670000FFF7DEFF03213320FFF7DAFF5F21BDE84B
:1067100010402020D4E72DE9F05F322688468346DA
:10672000AC4F64244FF0FF3A4FF4003500E0641E94
:106730002946384601F0B4FB10B1002CF7D194E0A3
:10674000002C1AD00121384601F0E2FAA04D642451
:106750000F3D00E0641E2946384601F0A1FB50B110
:10676000002C0AD000223146384601F018FB642480
:10677000DFF8589203E0002CECD176E0641E494625
:10678000384601F07AFB58B1002C6ED05946384695
:1067900001F000FBDFF83492642409F1020903E000
:1067A000002CEBD161E0641E4946384601F065FBE0
:1067B00030B144B30121384601F0AAFA642403E061
:1067C000002CF0D151E0641E2946384601F068FBE8
:1067D00048B1C4B101223146384601F0E0FA794DA2
:1067E00064246D1C03E0002CEDD13EE0641E2946BC
:1067F000384601F042FB20B12CB1724D64243F3584
:1068000003E0002CF2D130E0641E2946384601F046
:1068100034FBA0B14CB3384601F0BEFA05464FF246
:10682000FF71384601F0D2FA0021384601F084FAAF
:106830000121384601F076FA6424654E03E0002C0D
:10684000E2D112E0641E3146384601F029FB10B156
:10685000002CF7D109E044B10021384601F06CFA70
:1068600088F800500020BDE8F09F5046FBE72DE976
:10687000FC5F82460020009004466D46019004F1C2
:1068800028002919C0B2FFF746FF18B14FF0FF30BA
:10689000BDE8FC9F641CE4B2062CF0D3BDF90000F7
:1068A000001107F086F80646BDF90200001107F056
:1068B00080F80446BDF90400001107F07AF8054697
:1068C000304607F07AF902460B4643A0FBF7E6F99B
:1068D000204607F072F902460B4642A0FBF7DEF9AC
:1068E000284607F06AF902460B4641A0FBF7D6F9A5
:1068F000304607F0C0F8002800DA404207F059F8A7
:106900008346204607F0B7F8002800DA404207F037
:1069100050F80446284607F0AEF8002800DA404256
:1069200007F047F8814607F048F94FF08048002209
:10693000434609F015F805460E46204607F03DF996
:106940000022434609F00CF807460C46584607F06B
:1069500034F90022434609F003F83A46234606F08C
:1069600089FE2A46334606F085FE09F0E7FC07F06B
:1069700067F904460146484607F088F900D2A14667
:106980002146484606F02CFE07F017F908F020FCD7
:10699000012206F0F7FF194A194B06F084FF002286
:1069A000184B06F00EFF07F04BF90146164806F0AB
:1069B000DFFD10F1FF4F00D30020CAF800000020D7
:1069C00066E7000001000300340F0020820007008A
:1069D00010000010005800406163635F783A25663C
:1069E0000D0A00006163635F793A25660D0A0000B5
:1069F0006163635F7A3A25660D0A00001F85EB51DB
:106A0000B81E0940008056400000B44210B586B060
:106A100001F098FA4FF48034204601F0ACFA01F00E
:106A2000D7FA28B3102000F077FD022000F064FDB3
:106A3000002001F005FB002001F010FBA01101F087
:106A400006FB601001F01FFB4FF4E011204601F03F
:106A5000E0FA012001F0E5FA392001F0A4FA00285B
:106A6000FAD0022001F0E0FA01F0E5FA0828FBD1A3
:106A7000684601F029FB06B010BD10B502F066FCB7
:106A8000FFF7C4FFFAF728FDBDE81040FAF76FBA28
:106A900005F039FD214C94F8290010B1FAF773FA8A
:106AA000FCE702231EA219461320FDF7AFFE0223C6
:106AB0001EA204211320FDF7A9FE1F4D4FF6FF76FD
:106AC00002E000BFFAF75FFA2868C089B042F9D047
:106AD0002868807C28B194F82800012812D0A0B141
:106AE00015E02068A0F52A41AA3910D194F82800B1
:106AF000012801D018B10AE005F0AFFB07E006F06D
:106B000099F804E004F0CEFB01E003F083FFFEE718
:106B1000FFF7B3FF00F0A6F8FEE70000880B0020A7
:106B2000506C656173652053656E64004154204369
:106B30006F6D6D616E64000050140020704730A0CE
:106B4000FBF7ACF833488168491C8160FAF7BEF95D
:106B500000F049F830A0FBF7A1F82E48C168491CA5
:106B6000C160FAF7B3F900F03EF830A0FBF796F8F1
:106B700028480169491C0161FAF7A8F900F033F8C7
:106B80002FA0FBF78BF823484169491C4161FAF7B4
:106B90009DF900F028F87047704770472D4801684C
:106BA000491C0160FAF7D4BF10B505F080FCBDE8C0
:106BB0001040202000F098BC10B501218C07204621
:106BC00002F0BFF900280DD00121204602F0C5F9DE
:106BD00021490888421C0A80FAF7F1FEBDE81040FE
:106BE000FBF71EB810BDBFF34F8F1C4801681C4A4D
:106BF00001F4E06111430160BFF34F8F00BFFDE777
:106C0000486172644661756C745F48616E646C655E
:106C1000720A0000880B00204D656D4D616E616742
:106C2000655F48616E646C65720A00004275734668
:106C300061756C745F48616E646C65720A00000077
:106C400055736167654661756C745F48616E646C0D
:106C500065720A004C140020380F00200CED00E093
:106C60000400FA0500F0CEB870B50D4606460024C3
:106C700004E0305DFE4909F05FFB641CAC42F8DBC8
:106C800070BD70B5FB4DFC4C06F093FE294606F036
:106C900075FC2146BDE8704006F06ABC70B5F74D42
:106CA0000026F74C2878022801D0667070BD607805
:106CB0000028FBD1F24801220421801CFAF7C6FF0C
:106CC000012060702E7070BD2DE9F041EC4C8046C3
:106CD000EC49D4E90470EC4D06F0F8FB0646294671
:106CE00006F0F4FB0146304606F07AFC05464046C5
:106CF00006F05FFE394606F03BFC294606F03EFCF6
:106D0000394606F0E3FB0746206129464FF07E50E6
:106D100006F02EFC314606F031FC60613846BDE8D5
:106D2000F04106F0A8BE2DE9F041D54C8046D5498A
:106D3000D4E90670D44D06F0C9FB0646294606F094
:106D4000C5FB0146304606F04BFC0546404606F0C2
:106D500030FE394606F00CFC294606F00FFC394699
:106D600006F0B4FB0746A06129464FF07E5006F0BE
:106D7000FFFB314606F002FCE0613846BDE8F04119
:106D800006F079BE2DE9F041BD4C0646E06A301AA6
:106D900006F033FE21F0004106F052FFBB4906F039
:106DA0001FFC0546616AA06A8846074606F0E0FBBC
:106DB000294606F0E3FB414606F088FB05463946C6
:106DC00006F064FF00D2A56A616A284606F054FF07
:106DD00000D2656A4FF07E50294606F0C9FB216A51
:106DE00006F0CCFB0746304606F0E3FD294606F0E8
:106DF000C5FB394606F06AFBE6622062BDE8F04159
:106E000006F039BE96B0A2A0FAF748FF002102238F
:106E1000A5A20846FDF7FAFC0223A5A21946002008
:106E2000FDF7F4FC05F086FA05F038FA022005F0CB
:106E30002AFA00BFFCF787FD0028FBD00020FBF7F3
:106E40004AFA401C08D08E485830FBF715FE38B17E
:106E50009BA0FAF723FFFEE79EA0FAF71FFFFEE7CD
:106E6000A148FBF775FC43F6D0742046FBF7B5FF4D
:106E70002046FBF7B8FF0320FBF7DEFB9B4D9C4F42
:106E80007F4CDFF8708200260020FCF79DFF002079
:106E9000FCF785FF0020FCF73EFF00214420FBF7B4
:106EA00040F92842A060F8D0208940047ED54FF4F4
:106EB000804200214420FBF752F913A8FCF780F828
:106EC0000028E1D000214C20FBF72BF9C0F3090189
:106ED000182903D800228648FBF7DDFF6849BE70F9
:106EE0000A226631824806F09CFA0028CCD104F0D0
:106EF000B1FB814AC4E90C01801841F10001000A8C
:106F000040EA0160FCF76EFE40F29E20FCF7F8FCC0
:106F10004FF49670FCF743FF5948217870300022F7
:106F2000817001460D20FBF763FF012200210F2035
:106F3000FBF785FF0520FCF747FF0320FCF757FE12
:106F4000401CA1D000214420FBF7EBF82842A060B0
:106F5000F8D02078401C207020894004A6D54FF43A
:106F6000814200214420FBF7FAF813A8FCF728F827
:106F7000002889D000214C20FBF7D3F8C0F3090189
:106F8000182903D800225A48FBF785FF3C49BE70F8
:106F90000A227D31564806F044FA0028A6D104F0B2
:106FA00044FBC4E90E0104F055FB00E0DFE0C4E956
:106FB00010014F4814A90A3004F061FB4C4815A990
:106FC0000E3004F05CFB4A4807A9123004F057FB6E
:106FD000206B0890159814998346D4F840A0D4F8F3
:106FE0003890401A06F01AFDCDE90510AAEB090009
:106FF00006F014FDCDE903100799A1EB0B0006F094
:107000000DFD834608980191A9EB000006F006FDEE
:1070100081468A46DDE90510DDE9033206F02AFBE8
:107020005A46019B06F026FB4A46534606F022FBD1
:10703000CDE909104A4653465846019906F0C1FB6E
:1070400081468A46DDE90510DDE9033206F0B9FB29
:107050004A46534606F0AFFBDDE9093206F023FC51
:1070600006F06EFD06F0E7FC244A254B4AE00000DE
:1070700070140020C8D27F3FAEC78C43ED0C0020B7
:10708000400F0020BC74933C1D5A243F0000C842AE
:107090004453545752205245205354532D53444384
:1070A0002076312E3000000048616E42616F000092
:1070B000524553502077616974696E670000000083
:1070C000434F4E464947204641494C4544202020E5
:1070D00020200000494E4954204641494C45442057
:1070E00020202020000000005414002000D027247D
:1070F0008C1B00200090272468816D03FA48CE3B4A
:107100001835B13D06F05DFB4FF098521B4BC4E9BA
:10711000120106F056FB0022194B06F052FBC4E99F
:10712000140106F0D5FCFFF7ACFD06F0A4FCFFF758
:10713000FAFDFFF727FE002800DA40428146E060B2
:1071400020210BA806F049F94A460EA10BA807F02A
:10715000EBFA02230BAA19460020FDF757FB0D4955
:10716000A0894870000A8870FFF798FD8CE64246B7
:1071700000214420FAF7F3FF86E6000019DDB14153
:1071800000408F404B433A202564206D6D20202025
:1071900000000000420F00202849084328490860E9
:1071A000704770B50F23C47801780122F4B1244CE4
:1071B0002468457804F4E064C4F5E064240AC4F16A
:1071C0000406E3408478B5401C402C4301F1E021E3
:1071D000230181F80034007800F01F018A40400943
:1071E000800000F1E020C0F8002170BD01F01F0018
:1071F00082404809800000F1E020C0F8802170BD85
:10720000104A114001430E48001F016070470C4AAC
:10721000121D0029116801D0014300E08143116073
:1072200070474FF0E0210428086903D020F00400E3
:107230000861704740F00400FAE700000000FA051A
:107240000CED00E080FFFF1F01684FF6FE72114059
:1072500001600021016041608160C1606A496A4A41
:107260000839904203D1486840F00F0006E0664AB2
:107270001432904204D1486840F0F00048607047F2
:10728000614A2832904203D1486840F47060F5E7C3
:107290005D4A3C32904203D1486840F47040EDE7CB
:1072A000594A5032904203D1486840F47020E5E7D3
:1072B000554A6432904203D1486840F47000DDE7DB
:1072C000514A7832904203D1486840F07060D5E767
:1072D0004E4A111F904203D1086840F00F0006E0AB
:1072E0004A4A1432904204D1086840F0F000086025
:1072F0007047464A2832904203D1086840F47060D3
:10730000F5E7424A3C32904203D1086840F47040AD
:10731000EDE73E4A50329042EAD1086840F47020CE
:10732000E5E730B5036847F6F07293430C6A8A6864
:107330002243D1E904452C4322438C692243CC6982
:1073400022434C6A22438C6A22431A430260CA6871
:1073500042600A6882604968C16030BD00210160F6
:1073600041608160C160016141618161C16101620F
:107370004162816270470029016802D041F0010139
:1073800002E04FF6FE72114001607047002A026869
:1073900001D00A4300E08A430260704741607047B1
:1073A000406880B2704701460020CA0002D5174AE3
:1073B000083A01E0144A083A12680A4200D0012053
:1073C0007047C10003D51149091F086070470E4975
:1073D00008394860704701460020CA0002D50B4AB0
:1073E000083A01E0084A083A12680A4200D001202F
:1073F0007047C10003D50549091F0860704702495D
:107400000839486070470000080002400804024044
:10741000374900200860091D0860091D0860091D22
:1074200008603349334814310860704730B530493B
:107430008379026853B30B6893430B600A1D13688A
:107440000468A343136002790A4413680468234361
:107450001360274A083213680468A3431360131D9E
:107460001C680568AC431C604479102C05D021448D
:107470000A68006802430A6030BD1168046821434D
:107480001160196800680143196030BD0079084433
:1074900001689143016030BD0021016001710C223F
:1074A000427181717047124910310A6802430A60C3
:1074B000704701460E4A0020143212680A4200D07A
:1074C000012070470A49143108607047084A014694
:1074D00000201268064B0A4014331B680B4202D08E
:1074E000002A00D00120704701491431086070471C
:1074F00000040140FFFF0F00FC4A116801F0380151
:10750000014311607047F9490A6822F008020A60D5
:107510000A6802430A607047F4490A6822F01002C0
:107520000A600A6802430A607047F048F049416007
:10753000F04941607047ED48ED494160ED494160D7
:107540007047EA48016941F0800101617047E748EE
:10755000016941F0800101617047E4490420CA6873
:10756000D20701D001207047CA68520701D5022016
:107570007047C968C906FBD50320704700B50346AC
:10758000FFF7EBFF03E000BFFFF7E7FF5B1E0128FB
:1075900003D0002B00D1052000BD002BF4D1FAE769
:1075A00070B505464FF430263046FFF7E7FF042854
:1075B00011D1CE4C206940F0020020616561206944
:1075C00040F0400020613046FFF7D8FF216941F6C6
:1075D000FD721140216170BD30B54FF43025284651
:1075E000FFF7CCFF042810D1C04C206940F0040004
:1075F0002061206940F0400020612846FFF7BEFF6F
:10760000216941F6FB721140216130BD00B503468E
:10761000FFF7A3FF03E000BFFFF79FFF5B1E0128FA
:1076200003D0002B00D1052000BD002BF4D1FAE7D8
:1076300030B54FF430252846FFF7E8FF042810D175
:10764000AA4C206940F004002061206940F040000D
:1076500020612846FFF7DAFF216941F6FB721140ED
:10766000216130BDA1490020C969890700D50120E9
:10767000704770B5A525FFF7F5FF00B100254FF461
:1076800030263046FFF77AFF042827D1974C9848D8
:10769000A0609848A060206940F020002061206927
:1076A00040F0400020613046FFF768FF41F6EF767A
:1076B00004280ED1206941F6DF710840206120695D
:1076C00040F0100020618C4805804FF40050FFF717
:1076D00055FF052802D021693140216170BDF8B500
:1076E000064600204FF4005C00900D466046FFF710
:1076F00045FF042816D17D4C206940F0010020612F
:1077000035806046FFF73AFF41F6FE77042806D140
:10771000B61C280C009630806046FFF72FFF2169C9
:1077200039402161F8BDF0B506464FF400570D46CB
:107730003846FFF723FF04280CD16C4C206940F039
:107740000100206135803846FFF718FF2169BA1E15
:1077500011402161F0BDF0B506464FF400570D46CB
:107760003846FFF70BFF042813D1604C6048A06037
:107770006048A060206940F01000206135803846E4
:10778000FFF7FCFE052804D0216941F6EF72114095
:107790002161F0BD2DE9F041C04300F0FF0CC0F3C2
:1077A0000727C0F30746050E4FF400584046FFF781
:1077B000E5FE042837D14D4C4D49A1604D49A160EB
:1077C000216941F010012161BCF1FF0F08D04A4846
:1077D0000830A0F800C04046FFF7D0FE04281BD1B7
:1077E000FF2F07D044480A3007804046FFF7C6FE07
:1077F000042811D1FF2E07D03F480C3006804046A8
:10780000FFF7BCFE042807D1FF2D07D03A480E3001
:1078100005804046FFF7B2FE052804D0216941F6F5
:10782000EF7211402161BDE8F08170B505464FF45B
:1078300030263046FFF7A2FE042818D12B4C2C48E6
:10784000A0602C48A060206940F0200020612069E1
:1078500040F0400020613046FFF790FE41F6DF71B6
:10786000042805D0052802D022690A40226170BD93
:10787000206908402061206940F0100020611E4806
:107880000DB1002100E0A52101803046FFF776FE12
:107890000528ECD0216941F6EF721140216170BDDD
:1078A000F0B5124C0746124816460D46A060114826
:1078B000A0604FF4005C6046FFF760FE042814D11E
:1078C000206940F01000206135430B493D43891C7D
:1078D00045F0F80008806046FFF750FE052804D008
:1078E000216941F6EF7211402161F0BD0020024094
:1078F00023016745AB89EFCD00F8FF1F1C48C06925
:10790000800870471A48006A7047194900200968C2
:10791000890600D501207047154A0029116901D058
:10792000014300E081431161704701460020104A85
:10793000012903D0D2680A4203D17047D169C9072F
:10794000FBD0012070470A49C860704708490420ED
:10795000CA68D20701D001207047CA68520701D512
:1079600002207047C968C906FBD503207047000094
:1079700000200240914910B5884206D1012104201F
:1079800000F0FDFB002104203BE08D49884206D138
:107990000121082000F0F3FB0021082031E0894993
:1079A000884206D10121102000F0E9FB00211020BF
:1079B00027E08549884206D10121202000F0DFFB25
:1079C000002120201DE08149884206D1012140206C
:1079D00000F0D5FB0021402013E07D49884206D10C
:1079E0000121802000F0CBFB0021802009E07949B3
:1079F00088420AD184150121204600F0C0FB0021F5
:107A00002046BDE8104000F0BABB10BD10B5012102
:107A1000084600F0B4FB0021BDE81040012000F052
:107A2000AEBBF0B5CA78002502F00F03D20601D52F
:107A30008A7813430A784FF00F0E12F0FF0F4FF0C1
:107A400001021DD0D0F800400F8802FA05F6374039
:107A5000B74211D14FEA850C0EFA0CF724EA07075A
:107A600003FA0CF43C43CF78282F02D0482F02D0E1
:107A700002E0466100E006616D1C082DE4D304605D
:107A80000C88FF2C1ED944685FF0000606F1080739
:107A900002FA07F50F882F40AF420FD14FEA860C4C
:107AA0000EFA0CF7BC4303FA0CF73C43CF78282FAF
:107AB00000D14561CF78482F00D10561761C082E92
:107AC000E4D34460F0BD4FF6FF7101800221817064
:107AD0000421C17070470246002092680A4200D01B
:107AE00001207047806880B2704702460020D2684B
:107AF0000A4200D001207047C06880B2704701611F
:107B00007047416170470AB1016170474161704738
:107B1000C160704741F48032826181618261816914
:107B2000806970472C4B10B51A684FF6807422405C
:107B300042EA00100843186010BD2849C861704728
:107B4000F0B5254C002801DAE36900E06368420DD6
:107B5000120185B2C0F301579540C0F30346032FCD
:107B600005D0C2020AD50322B240934307E023F0B6
:107B70007062636823F07063636002E0AB4343F0BC
:107B8000706201B12A43002801DAE261F0BD62604F
:107B9000F0BD10B58A0721F003040F49130F2144EB
:107BA0000F228C689A4094438C608A689840024304
:107BB0008A6010BD0949C1F8DC0070470008014027
:107BC000000C014000100140001401400018014069
:107BD000001C014000200140000001400000204244
:107BE000C64910B588424FF0010101D14C0501E0B2
:107BF0004FF48004204600F0CBFA2046BDE8104048
:107C0000002100F0C5BA70B50446808886B00D46E4
:107C100020F03F06684600F057FAB9490298B0FBD9
:107C2000F1F189B20E43A680228822F0010222805F
:107C3000B44B2A689A421CD85200B0FBF2F080B2D2
:107C4000042800D20420491C2184A083208840F00D
:107C50000100208021884FF6F5300140A8886A890C
:107C6000104308432080A88929890843208106B051
:107C700070BDEB88A3F53F46FF3E0BD002EBC2037D
:107C800003EB0212B0FBF2F080B240F48040020538
:107C900006D007E002EB4202B0FBF2F080B2F6E75A
:107CA00040F001004FF4967251434FF47A72B1FBE9
:107CB000F2F140F40040C6E741F288310160002152
:107CC00081804BF6FF72C280018141814FF4804177
:107CD000818170470029018802D041F0010101E053
:107CE00021F00101018070470029818802D041F410
:107CF000006101E021F400618180704700298188E2
:107D000002D041F4805101E021F48051818070471C
:107D10000029018802D041F4807101E021F48071D2
:107D2000018070470029018802D041F4007101E010
:107D300021F40071018070470029018802D041F4CC
:107D4000806101E021F4806101807047828901F047
:107D5000FE0122F0FE0211438181704700298189D2
:107D600002D041F0010101E021F001018181704761
:107D70000029018802D041F0400101E021F04001DA
:107D800001807047002A828801D00A4300E08A43BC
:107D90008280704701827047008AC0B2704712B17A
:107DA00041F0010101E001F0FE010182704708B5D8
:107DB00008440090008808BD0029018802D041F4E1
:107DC000004101E0C1F30E0101807047B1F5006F81
:107DD000018803D021F400610180704741F4006103
:107DE000FAE7B1F5005F018803D021F4005101806A
:107DF000704741F40051FAE70029018802D041F4AC
:107E0000805101E021F4805101807047B1F5006F8D
:107E1000018803D021F400610180704741F40061C2
:107E2000FAE70029018802D041F0200101E021F0A9
:107E3000200101807047008B000A704700290188EB
:107E400002D041F0100101E021F0100101807047E3
:107E50000029018803D021F080010180704741F0A2
:107E60008001FAE7B1F5804F818B02D021F4804187
:107E700001E041F480418183704702460020938AEB
:107E8000128B43EA024323F07F42914300D1012049
:107E90007047818A008B41EA004121F07F407047A2
:107EA0000CB50246002000920A0F21F07F4101929A
:107EB00002D0009A143202E0009A090C18320092A3
:107EC00012680A4200D001200CBDC943818270476C
:107ED00010B5034600209A884FF4E06404EA114488
:107EE0009B8A224021F07F410B4202D0002A00D021
:107EF000012010BDC943818270470000005400403A
:107F000040420F00A08601000D49086070470C49EF
:107F1000486070470A498860704709494AF6AA20B4
:107F20000860704706494CF6CC4008607047044A28
:107F300001460020D2680A4200D0012070470000AC
:107F400000300040A448016841F00101016041682F
:107F5000A24A114041600168A14A114001600168D4
:107F600021F480210160416821F4FE0141604FF459
:107F70001F018160704798490A6822F480320A60C4
:107F80000A6822F480220A60B0F5803F07D0B0F57D
:107F9000802F03D1086840F4A0200860704708686B
:107FA00040F48030F9E70246002053098A49012B4A
:107FB0000AD0022B0AD0496A02F01F020123934023
:107FC0000B4200D0012070470968F5E7096AF3E722
:107FD00018B500204FF4A06400903120FFF7E3FFB4
:107FE0000099491C0091A14201D00028F5D0312010
:107FF000FFF7D9FF002800D0012018BD76490A6894
:1080000022F0F80242EAC000086070477549086033
:108010007047714A5368084323F47C131843506037
:1080200070477049086670476B4A516821F0030138
:108030000143516070476848406800F00C00704789
:10804000654A516821F0F001014351607047624A6E
:10805000516821F4E0610143516070475E494A680C
:1080600022F4605242EAC000486070475A4A002930
:10807000517A01D0014300E0814351727047594960
:10808000C1F8D8007047544A516821F44041014377
:10809000516070475049002281F8202081F820204B
:1080A000012802D0042802D1052081F82000704761
:1080B0004D490860704748490A6A02430A6270479E
:1080C000494944390860704730B543494A6812F05D
:1080D0000C03464A03D0042B01D0082B21D00260A8
:1080E0004A680F23424C03EA1212A35C0268DA408A
:1080F00042604B68072505EA1323E35C22FA03F389
:1081000083604B6805EAD323E35CDA40C2604968C8
:10811000032303EA9131231F595CB2FBF1F10161A2
:1081200030BD4A684B6802F470124FF0020413F439
:10813000803F04EB924202D04B689B0301D52D4B4C
:1081400000E02A4B5A43CAE7234A0029516901D06B
:10815000014300E08143516170471F4A0029916942
:1081600001D0014300E08143916170471A4A002920
:10817000D16901D0014300E08143D1617047164AC3
:108180000029D16801D0014300E08143D1607047EC
:10819000114A0029116901D0014300E081431161B6
:1081A000704711494039086070470E49C8647047EC
:1081B0000949C87170470848416A41F080714162BD
:1081C0007047054A0146002092680A4200D001200B
:1081D0007047014988727047001002400000FFF8A4
:1081E000FFFFF6FE000042428004424200127A0085
:1081F000D70F002000093D00994910B588420AD1E7
:10820000841401212046FFF7BAFF2046BDE8104044
:108210000021FFF7B4BF9349884202D10121041421
:1082200004E0914988420AD10121C4132046FFF796
:10823000AFFF2046BDE810400021FFF7A9BF10BDE9
:1082400030B502884C8802F441530A88CD88224315
:108250008C882C4322430C8922434C8922438C89ED
:108260002243CC8922431A430280828B22F400628B
:108270008283098A018230BDF0B505460C46022092
:108280000021AA8B85B001264FF240031A40AA8331
:108290002884AF8BA268022A27D0A08800B10226CA
:1082A0006846FFF711FFE1880098B1F5007F2DD0F7
:1082B0007101B0FBF1F000BF00EB8000A16840004D
:1082C000B0FBF1F0401D80B20A21B0FBF1F000F0EC
:1082D0000101401A4FF6FF72C0F34F0002EA01217C
:1082E000821EFE2A01D302200021E28808430243B5
:1082F0002A8420886188A2890843A1881143084301
:10830000384340F40060A88305B0F0BD000AD3E70D
:108310000021018041808180C18001814181818172
:10832000C181072101827047002101804180818045
:10833000C18002228260818170470029018802D0B9
:1083400041F0400101E021F0400101807047002927
:10835000818B02D041F4806101E021F4806181834E
:108360007047090901238B40002A828899B201D005
:108370000A4300E08A4382807047002A828801D045
:108380000A4300E08A438280704781817047808978
:108390007047A1F57E420188FF3A02D041F4807116
:1083A00001E021F48071018070470029818802D0AA
:1083B00041F0040101E021F004018180704702884E
:1083C00022F40062028002880A430280704701881A
:1083D00041F48051018070470029018802D041F4A6
:1083E000005101E021F4005101807047012901D0C2
:1083F000008B7047808A7047008A7047B1F5804FC4
:10840000018803D021F480410180704741F480410C
:10841000FAE70246002012890A4200D00120704784
:10842000C9430181704710B501F00F0401220346D2
:1084300002FA04F4002009098A4091B29A88A4B291
:108440000A401989214202D0002A00D0012010BD23
:1084500001F00F0201219140C943018170470000E2
:108460000030014000380040003C0040F94910B5A0
:10847000884202D10121C41486E0B0F1804F09D0B6
:10848000F54988420DD101210220FFF781FE00212C
:10849000022064E001210846FFF77AFE0021012056
:1084A0005DE0EE49884206D101210420FFF770FE0D
:1084B0000021042053E0EA49884206D10121082026
:1084C000FFF766FE0021082049E0E649884206D110
:1084D00001211020FFF75CFE002110203FE0E2495F
:1084E000884206D101212020FFF752FE00212020E2
:1084F00035E0DE49884202D10121441444E0DC49E0
:10850000884202D10121CC043EE0DA49884202D1FE
:1085100001210C0538E0D849884202D101214C05DF
:1085200032E0D649884206D101214020FFF730FED3
:108530000021402013E0D249884206D10121802049
:10854000FFF726FE0021802009E0CE4988420AD1AB
:10855000841501212046FFF71BFE00212046BDE8BF
:108560001040FFF715BEC849884202D101210C0412
:108570000AE0C649884202D101214C0404E0C44902
:1085800088420AD101218C042046FFF7F8FD2046DD
:10859000BDE810400021FFF7F2BD10BD30B50288E4
:1085A000AC4BB24C98420DD0A0420BD0B0F1804FF2
:1085B00008D0A94DA84205D0A84DA84202D0A84D88
:1085C000A84203D122F070054A882A43A54DA8424B
:1085D00006D0A54DA84203D022F44075CA882A438C
:1085E00002808A8882850A88028598420AD0A04241
:1085F00008D0A54A904205D0A44A904202D0A44A8D
:10860000904201D1097A01860121818230BD30B5C5
:10861000028C22F001020284028C8388048B22F0F7
:10862000020224F073050C882C430D8915434A88F7
:108630002A43884DA8420BD08C4DA84208D0924DB9
:10864000A84205D0914DA84202D0914DA8420DD12B
:1086500022F008054A8923F440732A4322F00405D6
:108660008A882A438D891D43CB892B4383800483C9
:10867000C9888186028430BD70B5028C22F0100258
:108680000284028C8488038B0D8823F4E6464FF61F
:10869000FF7303EA052535430E8922F0200203EA21
:1086A000061616434A8803EA02123243694EB04264
:1086B00002D06E4EB04215D122F080064A8924F4D1
:1086C000406403EA0212324322F040068A8803EA39
:1086D000021232438E8903EA86062643CC8903EAD6
:1086E0008404344384800583C9880187028470BD73
:1086F00070B5028C22F480720284028C8488838B91
:108700000D8823F073031D4322F400730E894FF686
:10871000FF7202EA06261E434B8802EA0323334314
:108720004C4EB04202D0514EB04215D123F40066F7
:108730004B8924F4405402EA0323334323F4806634
:108740008B8802EA032333438E8902EA0616264306
:10875000CC8902EA0414344384808583C9888187E4
:10876000038470BD70B5028C22F480520284048CA4
:108770008288838B0D8823F4E6464FF6FF7303EA65
:108780000525354324F400560C8903EA04343443A8
:108790004E8803EA063626432E4CA04202D0334CC4
:1087A000A04205D122F480448A8903EA821222433E
:1087B00082808583C988A0F84010068470BD828BB2
:1087C00022F440628283828B4FF6FF7303EA012119
:1087D0000A4382837047828B22F00C028283828B51
:1087E0000A4382837047028B22F440620283028B29
:1087F0004FF6FF7303EA01210A4302837047F0B585
:10880000048C24F010040484078B048C4FF6FF754D
:1088100027F4734705EA03333B4305EA02221A4370
:108820000C4B05EA011698420ED0104B98420BD023
:10883000B0F1804F08D0084B984205D0074B9842C2
:1088400002D0074B984225D124F02001314341F05A
:10885000100124E0002C014000040040000800400A
:10886000000C0040001000400014004000340140A3
:10887000004C0140005001400054014000180040ED
:10888000001C004000200040004001400044014026
:108890000048014024F0A0030B4343F01001028381
:1088A0000184F0BD028B22F00C020283028B0A438A
:1088B0000283704770B5048C24F001040484058B96
:1088C000048C4FF6FF7606EA0313134325F0F305F5
:1088D000F94A2B4390420ED0F84A90420BD0B0F1A7
:1088E000804F08D0F64A904205D0F64A904202D016
:1088F000F54A904202D124F0020201E024F00A027B
:108900000A4342F001010383018470BD2DE9F05F49
:108910000D4604460888E84FDFF8A0C3DFF8A083BF
:108920004988AA882B894FF0804960B3042832D047
:108930004FF6FF7E082836D0208C9B4620F48050CE
:108940002084A38B268C704600EA022223F4734312
:108950001A4300EA0B3010430EEA013EBC420BD032
:10896000644509D04C4507D0444505D0D54A9442CA
:1089700002D0D54B9C4245D126F4005141EA0E016C
:1089800041F4805143E02046FFF794FFE9882046F8
:10899000BDE8F05F86E72046FFF731FFE988204613
:1089A000BDE8F05F1FE7208C20F480702084B4F8CD
:1089B0001CA0208C0EEA031313432AF0F30A0EEADC
:1089C000012B43EA0A03BC420BD0644509D04C4555
:1089D00007D0444505D0BB4A944202D0BA4A9442DB
:1089E00004D120F4007040EA0B0002E020F4206083
:1089F000084340F48070A3832084E9882046BDE8C2
:108A0000F05FE8E626F402420A4342F48051A08374
:108A100020462184E988BDE8F05FD0E62DE9F041E9
:108A20000C46002649880746012501B90226A2887E
:108A3000012A00D10225208823890028384610D039
:108A4000FFF7DDFEE1883846FFF7CDFE23892A4691
:108A500031463846FFF72EFFE1883846BDE8F04141
:108A600020E7FFF727FFE1883846FFF71BFF238940
:108A70002A4631463846FFF7C2FEE1883846BDE84F
:108A8000F041B0E610B50A884B88CC881A438B8831
:108A900023431A430B891A434B8989891A430A4392
:108AA000A0F8442010BD4FF6FF71818000210180A5
:108AB000C180418001727047002101804180818026
:108AC000C180018141818181C18170470021018084
:108AD000418001228280C180018170470021018094
:108AE00041808180C180018141818181704700295D
:108AF000018802D041F0010101E021F00101018073
:108B00007047002930F8441F02D041F4004101E0D1
:108B1000C1F30E0101807047002A828901D00A4307
:108B200000E08A4382817047818270471143A0F838
:108B300048107047002A828901D00A4300E08A4326
:108B400082817047018921F0070101817047028904
:108B500022F070020A430281704700B50346FFF716
:108B6000F6FF188940F00700188100BD70B5164661
:108B70000D46602904464FF0010231460AD0FFF746
:108B800099FE29462046FFF7E2FF208940F00700C2
:108B9000208170BDFFF733FEF3E730B504894FF64F
:108BA000FF7505EA03231343E4B20B432343038118
:108BB00030BD10B50446FFF7F0FF208940F0770084
:108BC000208110BD10B50446FFF7E7FF208940F46F
:108BD0008040208110BD018582827047028822F08A
:108BE00070020A430280704770B50589048B068CB9
:108BF00025F007050D434FF6FC410C4040F20111F2
:108C00000C434FF6FF7101EA031126F022061143CF
:108C1000314305810483018470BD028B22F0700210
:108C20000A4302837047028B4FF6FF7322F4E0423F
:108C300003EA0121114301837047828B22F0700205
:108C40000A4382837047828B4FF6FF7322F4E0421F
:108C500003EA01211143818370470029018802D072
:108C600041F0800101E021F080010180704700297E
:108C7000818802D041F0040101E021F004018180EB
:108C800070470029818802D041F0080101E021F0FD
:108C90000801818070470029818802D041F00101DC
:108CA00001E021F0010181807047028B22F008026F
:108CB0000A43028370470000002C01400034014049
:108CC0000004004000080040000C0040028B4FF6FA
:108CD000FF7322F4006203EA012111430183E9E7F3
:108CE000828B22F008020A438283E3E7828B4FF6ED
:108CF000FF7322F4006203EA012111438183D9E763
:108D0000028B22F004020A430283D3E7028B4FF660
:108D1000FF7322F4806203EA012111430183C9E752
:108D2000828B22F004020A438283C3E7828B4FF6D0
:108D3000FF7322F4806203EA012111438183B9E7C2
:108D4000028B22F080020A430283B3E7028B4FF6C4
:108D5000FF73C2F30E0203EA012111430183A9E765
:108D6000828B22F080020A438283A3E7828B4FF634
:108D7000FF73C2F30E0203EA01211143818399E7D5
:108D8000028C22F002020A43028493E7028C22F052
:108D900008020A4302848DE7028C4FF6FF7322F02B
:108DA000200203EA01111143018483E7028C4FF68C
:108DB000FF7322F0800203EA01111143018479E775
:108DC000028C4FF6FF7322F4007203EA0121114373
:108DD00001846FE7028C4FF6FF7322F4006203EA0E
:108DE00001211143018465E7028C4FF6FF7322F4E1
:108DF000005203EA0131114301845BE710B50123FE
:108E0000048C8B409C430484038C8A40134303846A
:108E100010BD10B50423048C8B409C430484038C48
:108E20008A401343038410BD30B50124058C00F142
:108E300018038C40A543058489B108290FD0091F68
:108E4000C1F34E001844016821F4E041016001685B
:108E50004FF6FF7303EA02221143016030BD03EBBA
:108E60005100016821F0700101600168F4E70029F8
:108E7000018802D041F0020101E021F002010180ED
:108E800018E70029018802D041F0040101E021F037
:108E9000040101800EE70029818802D041F08001A1
:108EA00001E021F08001818004E7028822F00802BD
:108EB000028002880A430280FCE6828822F0700267
:108EC000828082880A438280F4E6028922F00702C7
:108ED000028102890A430281ECE6028922F08002C3
:108EE000028102890A430281E4E68184E2E6818507
:108EF000E0E68186DEE60187DCE68187DAE6A0F837
:108F00004010D7E6028822F44072028002880A43A9
:108F10000280CFE6808ECDE6008FCBE6808FC9E65B
:108F2000B0F84000C6E6808CC4E6008DC2E602467A
:108F30000020128A0A4200D00120BBE6C943018208
:108F4000B8E602460020138A92890B4202EA010227
:108F500002D0002A00D00120ACE6C9430182A9E674
:108F6000C44910B588420AD101218C032046FFF77D
:108F700006F92046BDE810400021FFF700B9BE49C0
:108F8000884202D101214C0410E0BC49884202D140
:108F900001218C040AE0BA49884202D10121CC04A3
:108FA00004E0B84988420AD101210C052046FFF7A8
:108FB000EFF82046BDE810400021FFF7E9B810BDEA
:108FC00030B50446008A85B00D464CF6FF71084066
:108FD000E98801432182A1894EF6F3100140A88857
:108FE0002A8910436A890A431043A081A08A4FF658
:108FF000FF410840A9890143A1826846FFF764F850
:109000009C48844201D1039800E00298A189090498
:1090100000EBC00101EB0010296801D5490000E018
:109020008900B0FBF1F06422B0FBF2F109010B09F9
:109030006FF018056B4300EB8300A3891D044FF00C
:10904000320306D503EBC000B0FBF2F000F00700DE
:1090500005E003EB0010B0FBF2F000F00F00084356
:10906000208105B030BD4FF4165101600021818090
:10907000C18001810C2242818181704710B5038A31
:109080004FF2FF0213400A884C8822438C88C9881B
:109090000C4322431A43028210BD0021018041800B
:1090A0008180C18070470029818902D041F400513C
:1090B00001E021F400518181704710B5C1F34213E2
:1090C00001F01F040121A140012B07D0022B07D082
:1090D0001430002A026805D00A4304E00C30F8E797
:1090E0001030F6E78A43026010BD002A828A01D060
:1090F0000A4300E08A4382827047028A22F00F020C
:109100000282028A0A4302827047828922F4006244
:10911000828182890A43828170470029818902D035
:1091200041F0020101E021F0020181817047028AD1
:1091300022F020020282028A0A430282704700293A
:10914000018A02D041F4804101E021F48041018292
:109150007047C1F30801818070478088C0F3080020
:109160007047818941F0010181817047028BD2B241
:109170000283028B42EA012101837047028B02F4D1
:109180007F420283028B0A43028370470029818A4F
:1091900002D041F0200101E021F0200181827047DE
:1091A0000029818A02D041F0100101E021F0100174
:1091B000818270470029818A02D041F0080101E0D4
:1091C00021F00801818270470029818902D041F491
:1091D000004101E0C1F30E01818170470029818ABD
:1091E00002D041F4006101E021F400618182704706
:1091F000828A22F004028282828A0A438282704733
:109200000029818A02D041F0020101E021F002012F
:10921000818270470246002012880A4200D0012055
:109220007047C9430180704730B501F01F02012427
:109230000025C1F3421304FA02F2012B0FD0022BD6
:109240000FD0838A4FEA11210088134204FA01F4F7
:1092500000EA040001D000B10125284630BD838911
:10926000F0E7038AEEE70A0A01219140C943018031
:1092700070470000003801400044004000480040B2
:10928000004C004000500040064880470648004718
:10929000FEE7FEE7FEE7FEE7FEE7FEE7FEE7FEE7A6
:1092A000FEE7FEE74D930008ED0000080CB5002135
:1092B0004B4801910091026842F4803202604FF401
:1092C000A063026802F400320092019A521C0192DB
:1092D000009A12B9019A9A42F3D10268920333D5E7
:1092E000012100913F490A6842F010020A600A68B1
:1092F00022F007020A600A6842F002020A6041682E
:10930000416041684160416841F480614160416869
:1093100021F47C114160416841F4E8114160016829
:1093200041F08071016001688901FCD5416821F03C
:1093300003014160416841F0020141604168C1F3AD
:1093400081010229FAD10CBD00910CBD244810B551
:10935000016841F0010101604168234A1140416008
:109360000168224A11400160016821F480210160F6
:10937000416821F4FE0141604FF41F018160FFF755
:1093800095FF1B494FF00060086010BD144910B5EF
:109390004868184A10F00C03174803D0042B01D07A
:1093A000082B0AD002604968134AC1F30311121D49
:1093B000515C0268CA40026010BD4A684B6802F402
:1093C00070124FF0020413F4803F04EB924202D07B
:1093D0004B689B0301D5094B00E0064B5A43E1E77C
:1093E00000100240002002400000FFF8FFFFF6FEE0
:1093F00008ED00E000127A00E80F002000093D00AF
:1094000010B5FEA0F8F74AFC002010BD10B50228E8
:1094100001D0002010BDFDA0F8F740FCBFF34F8F36
:10942000FC480168FC4A01F4E06111430160BFF3AC
:109430004F8F00BFFDE7008870470188408801EB2F
:109440000040704710B5002306E000BF30F813401D
:1094500021F813405B1C9BB29342F7D310BD2DE95A
:10946000F0414FF0006516460F460446A8421DD352
:10947000EA4904EB4600884218D2FEF756F8A4F1F8
:109480000060C00A05EBC020FEF78AF8002507E05F
:1094900037F8151004EB4500FEF745F96D1CADB229
:1094A000B542F5D3BDE8F041FEF74BB8BDE8F08119
:1094B000F0B500242546D3074FF0FF3734D12FE015
:1094C000035DA3F13006092E01D8F6B20BE0A3F13B
:1094D0004106052E01D8373B04E0A3F16106052EB5
:1094E00022D8573BDEB203195B78A3F1300CBCF1F4
:1094F000090F02D80CF0FF030DE0A3F1410CBCF101
:10950000050F01D8373B05E0A3F1610CBCF1050F55
:109510000AD8573BDBB243EA06134B55A41C6D1C1B
:109520009442CDDB0020F0BD3846F0BD30B50024BC
:1095300014E0035DA3F13005092D01D80D550BE0B2
:10954000A3F14105052D01D8373B04E0A3F16105E6
:10955000052D01D8573B0B55641CE4B29442E8D367
:109560000023184609E05B1CDBB2CC5C5B1C44EAC0
:1095700004140C54401CDBB2C0B29342F3D9002255
:109580000A5430BDF0B5ADF2044D0D4606464FF419
:10959000806714463946684603F01FFF394668461F
:1095A00003F01BFF304603F035FF0246A04203DB09
:1095B0002246314668460AE000206946A31A01E0C7
:1095C0000D54401C8342FBDC0819801A314603F01D
:1095D000EBFE68460DF2044DF0BD2DE9F84F0D4647
:1095E000002857D0012855D0DFF834A203230727DD
:1095F00001248C4E4FF0100C0AF104084FF4A02205
:1096000002281CD0032845D1272D43D256F8251017
:1096100000293FD00878012856D002283AD10021ED
:1096200091461046F8F77DFD56F82510C9680729C0
:1096300001EB410159D304FA01F2024358E0272D0E
:1096400028D256F82510002924D00878012811D0F6
:1096500002281FD1002191461046F8F762FD56F806
:109660002510C968072901EB410115D304FA01F25D
:10967000024314E04C680D89ADF800508DF803C02A
:109680008DF8023069462046FEF7CBF92946204680
:10969000FEF737FABDE8F88F8F4020EA0702002175
:1096A0004846F8F75CFD002211465046F8F757FD92
:1096B000002147464046F8F734FD56F82510097B4F
:1096C0008C4020EA040227E04C680D89ADF8005078
:1096D0008DF803C08DF8023069462046FEF7A1F9E7
:1096E00029462046FEF70BFAD4E78F4020EA07020E
:1096F00000214846F8F733FD002211465046F8F79E
:109700002EFD002147464046F8F70BFD56F8251080
:10971000097B04FA01F202433846BDE8F84F002104
:10972000F8F71DBD2DE9FF411C4615460ECB3EA0A6
:10973000F8F7B4FA0020019002900390032D05D0B1
:10974000294642A0F8F7AAFABDE8FF81206803F095
:1097500061FE0828206804D208223021FFF712FF9A
:10976000206003F057FE024601A92068FFF7A0FE23
:10977000206803F04FFE024638A02168F8F78EFA01
:109780009DF8070000909DF806309DF805209DF893
:10979000041036A0F8F782FA606803F03BFE082850
:1097A000606804D208223021FFF7ECFE606003F00D
:1097B00031FE024602A96068FFF77AFE606803F096
:1097C00029FE024630A06168F8F768FA9DF80B00A0
:1097D00000909DF80A309DF809209DF808102EA0F1
:1097E000F8F75CFAA06803F015FE0828A06804D218
:1097F00008223021FFF7C6FEA0605BE044573330FB
:1098000030302D3030310D0A000000000D0A4F4B72
:109810000D0A00000CED00E00400FA050000080845
:109820000800050014120020617267765B305D3A13
:1098300025732C617267765B315D3A25732C6172FA
:1098400067765B325D3A25730D0A00006572726FB0
:109850007220617267633A25640D0A00617267764F
:109860005B305D3A25732C25640D0A006770696FC3
:109870005374617465313A25782C25782C25782C21
:1098800025780D0A00000000617267765B315D3A51
:1098900025732C25640D0A006770696F5374617419
:1098A00065323A25782C25782C25782C25780D0AD8
:1098B00000000000082203A9FFF7FAFDA06803F0EA
:1098C000A9FD0246FEA0A168F8F7E8F99DF80F008F
:1098D00000909DF80E309DF80D209DF80C10FCA016
:1098E000F8F7DCF90425002401AFC4F10306385D64
:1098F0006E4300F00300F1B2FFF76FFE385D711C9C
:10990000C0F38100C9B2FFF768FE385DB11CC0F337
:109910000110C9B2FFF761FE385DF61C8009F1B293
:10992000FFF75BFE641CE4B2042CDED3002402AF1C
:10993000C4F10306385D6E4306F1100100F0030028
:10994000C9B2FFF74AFE385D06F11101C0F381008C
:10995000C9B2FFF742FE385D06F11201C0F30110F3
:10996000C9B2FFF73AFE385D13368009F1B2FFF74E
:1099700034FE641CE4B2042CDAD3002403AFC4F137
:109980000306385D6E4306F1200100F00300C9B202
:10999000FFF723FE385D06F12101C0F38100C9B253
:1099A000FFF71BFE385D06F12201C0F30110C9B2BA
:1099B000FFF713FE385D23368009F1B2FFF70DFE85
:1099C000641CE4B2042CDAD3BEE670B514460D462E
:1099D00002280FD003280DD101210846FEF7BDFB58
:1099E0000121C248FEF7ACF8002123462A4608466A
:1099F000FFF798FE002070BD2DE9F04FA1B002F0F6
:109A000062FDBBA0F8F74AF9002402F093FC02F0D3
:109A100045FC022002F037FC4FF0FF3B4FF47A7612
:109A200007E0022002F02FFC641CB44201DDB5A067
:109A3000A6E0F9F788FF0028F3D0B6A0F8F72EF9D2
:109A40000020F8F748FC401C0ED0B5A0F8F726F926
:109A50000320FAF78BF8B7A0F8F720F9B948F9F71F
:109A60000BF818B1B8A08BE0BCA089E0C0A0F8F753
:109A700015F9FAF75EFADFF8CC82A8F1A40845469A
:109A800088F80000F8F7B5FC0446024695F9001086
:109A9000BBA0F8F703F91CB1C2A0F8F7FFF880E00B
:109AA0000024A146EA46002049465246641C11544F
:109AB000401C7F28FBDB0020FAF72DF9BFA0F8F748
:109AC000EDF80025C14F07E0022002F0DCFB6D1C21
:109AD000B54201DDBEA053E000214420F8F721FB90
:109AE0003842F1D0400465D5BDA0F8F7D7F8002181
:109AF0004C20F8F716FBC0F309017F2908D8002293
:109B00006846F9F7C8F99DF80110BCA0F8F7C6F847
:109B1000F9F726FA03F071FF6FF0190203F032FF34
:109B20000022BC4B03F04DFE04F08AF8054604F019
:109B300044F802460B46B8A0F8F7B0F8B5F17E5FDE
:109B400002DC15F1814F21D9BB49284603F016FDEF
:109B50000746454698F9000003F02BFF394603F00D
:109B600007FD03F088FF00F03F002870FAF7D8F9EE
:109B700095F90010B1A0F8F791F8C82C13DDBBA03F
:109B8000F8F78CF8584621B0BDE8F08F1E21444606
:109B900098F90000F8F7DBFC94F90010B9A0F8F789
:109BA0007DF80020EFE74FF4804200214420F8F7D1
:109BB000D6FA78E7BEA0F8F771F8C34AF5E710B512
:109BC000022804D1FFF718FF08B1012010BD0020C2
:109BD00010BD2DE9F05F002402F0ACFB02F05EFB4B
:109BE000022002F050FB4FF0FF3B4FF47A7807E081
:109BF000022002F048FB641C444501DD41A03FE027
:109C0000F9F7A1FE0028F3D00020F8F764FB401C10
:109C100005D04C48F8F730FF18B14BA030E0ABA0AE
:109C20002EE00120FAF708F90120F9F7E6FD454C8E
:109C30000125DFF8A4A24FF00009A43C01E0A7A091
:109C40001EE00020524649461154401C7F28FBDB91
:109C5000A54A00201154401C2528FBDBA248742192
:109C6000743803F0BAFB0020FAF755F80026574F76
:109C70000BE0022002F007FB761C464505DD54A0F0
:109C8000F8F70CF85846BDE8F09F00214420F8F79B
:109C900048FA38426060ECD0A08840040ED54FF4FA
:109CA000804200214420F8F75AFA00214C20F8F7AE
:109CB00038FAC0F3090161807F2917E15EE10000F5
:109CC000617267765B325D3A25732C25640D0A005C
:109CD0006770696F5374617465333A25782C257801
:109CE0002C25782C25780D0A000000000004300097
:109CF00072785F776974685F7874616C5F74726999
:109D00006D0D0A0049444C455F5243206572726FE5
:109D1000720D0A0049444C455F52430D0A00000091
:109D20006477745F696E697469616C6973650D0A43
:109D3000000000006477745F7365746C6564730D74
:109D40000A000000B0120020434F4E46494720460B
:109D500041494C454420202020200000494E4954D0
:109D6000204641494C45442020202020000000008E
:109D70006477745F636F6E6669677572650D0A005C
:109D80007543757272656E745472696D5F76616C3D
:109D90003A25642C587472696D466C673A25640DD7
:109DA0000A000000616C72656164792063616C690E
:109DB00062726174696F6E0D0A0000006477745FEF
:109DC0007278656E61626C650D0A000000D0052432
:109DD00072785F74696D65206F75740D0A000000FC
:109DE0005359535F5354415455535F525846434758
:109DF0005F4249545F4D41534B0D0A004672616DFD
:109E000065205265636569766564207365713A25DE
:109E1000640A000080842E4161646A757374696EFF
:109E20006720207874616C4F66667365745F70702C
:109E30006D3A25660D0A00007BC7543F61646A7560
:109E40007374696E67206477745F73657478746186
:109E50006C7472696D207543757272656E7454729C
:109E6000696D5F76616C3A25640D0A0061646A75FC
:109E70007374696E6720636F756E74206F75740DEF
:109E80000A000000656E64206477745F73657478FF
:109E900074616C7472696D207543757272656E744D
:109EA0005472696D5F76616C3A25640D0A0000009A
:109EB0005359535F5354415455535F414C4C5F5277
:109EC000585F4552520D0A0000900524494E4954EE
:109ED000204641494C454400A41B0020636F756E29
:109EE00074206F75740D0A00B01C002003D8002286
:109EF000F748F8F7D0FFF6489830F9F79EF8F44C99
:109F000025219834B4F840008009801E82B204F103
:109F100074003034F8F7ECFF608A03F07FFD002214
:109F20004FF0804305F01CFD064620880D46400595
:109F300003F074FD32462B4603F0B5FC03F080FEBF
:109F400005F034FCE34903F019FB03F036FEE24A66
:109F5000E24B03F030FC03F073FE03F02EFE0246EA
:109F60000B46DFA0F7F79AFE218BE1A0F7F796FEEC
:109F7000218EE3A0F7F792FE002084E6E44A002158
:109F80004420F8F7ECF8D2488030F9F768FF6D1CF0
:109F9000C82D7FF753AE52E610B5022804D1FFF763
:109FA00018FE08B1012010BD002010BDF0B500253D
:109FB00006462C4606E0355D202D01D0092D03D143
:109FC000641CA4B28C42F6D3002301202D2D1BD19A
:109FD000801E17E0355DA5F13007092F03D803FB7C
:109FE0000253303B0EE0A5F16107052F03D803FBB8
:109FF0000253573B06E0A5F14107052F06D803FBA6
:10A000000253373B641CA4B28C42E3D35843F0BDE7
:10A010007CB50D4606464FF0FF3402F08BF902F096
:10A020003DF9022002F02FF915B1012D06D01CE0F8
:10A03000022231460020F9F73FFB16E00020009095
:10A04000022269460190F9F737FB009808B9019898
:10A0500008B1214606E0022231460020F8F786FAD0
:10A0600004460146ABA0F7F719FE20467CBDF0B5CB
:10A070008BB01646022804D00021032802D0012804
:10A080006FD09CE00591069107910024306803F0A1
:10A09000C1F90C2866D105AF012501E0052C20D2BD
:10A0A000326812F81400A0F13001092905D91139DC
:10A0B000052902D92039052954D805EB4403D15C80
:10A0C000A1F1300CBCF1090F07D9A1F1410CBCF191
:10A0D000050F02D96139052974D88DF81C00D05CB0
:10A0E0001EE0326812F81400A0F13001092905D9E8
:10A0F0001139052902D92039052963D805EB440C0B
:10A1000012F80C10A1F13003092B05D9113B052BD6
:10A1100002D96139052955D88DF81C0012F80C00B8
:10A120008DF81D001022022107A8FFF73FFF3855C8
:10A13000641CE4B2062CB1D39DF8180001AC9DF864
:10A140001B309DF81A209DF8191084E80F009DF827
:10A15000170000909DF816309DF815209DF81410FA
:10A1600001E015E02EE06EA0F7F798FD9DF81710BE
:10A170000598BDF8182061F31F600890014671A092
:10A180000992F7F78BFD012108A8FFF741FF16E0C0
:10A1900003910491002103A8FFF73AFF9DF80F00F7
:10A1A0009DF811209DF810108DE807009DF80E30E5
:10A1B0009DF80D209DF80C1066A0F7F76FFD0020AC
:10A1C0000BB0F0BD0120FBE770B590B016460D4610
:10A1D000022826D0684C032802D0012824D020E091
:10A1E0004021684603F0F9F8306803F062F910F096
:10A1F000FF0001D0012807D1012D05D184F82900E5
:10A20000012801D1FAF7EAFA94F829205BA16846FF
:10A2100004F08AFA684603F0FDF881B26846F6F762
:10A22000D2FF10B0002070BD4021684603F0D5F881
:10A23000EAE700B591B04021684603F0CEF84E48F9
:10A240004EA190F82920684604F06EFA684603F0A3
:10A25000E1F881B26846F6F7B6FF11B0002000BD04
:10A26000002070472DE9F04FADF57B7D8A46814691
:10A270004FF0FF364FF0FA0800244FF47A71684629
:10A2800003F0ABF842A1484603F0B2F8002818D01A
:10A29000404D00BF55F83410484603F0A9F80700B8
:10A2A00010D055F8340003F0B5F83844A0EB09019C
:10A2B0008AB2092C05D201783F296ED031B13D29EF
:10A2C0007BD0AAE0641C092CE4D3A6E06DE064E036
:10A2D000A41B002000002041CDCCCCCCCC6C5E4037
:10A2E0007369675F706F7765723A25660D0A0000C3
:10A2F000737473506F7765723A25640D0A0000001D
:10A3000073747332506F7765723A25640D0A0000DA
:10A31000009005246572723A25640D0A0000000061
:10A320006D61635F746D703A25782C25782C2578E3
:10A330002C25782C25782C25782C25782C25780D23
:10A340000A00000065756936343A25782C25780DA9
:10A350000A0000005557424D41433A2530327825D6
:10A3600030327825303278253032782530327825F1
:10A370003032780D0A000000880B00200D0A776F3C
:10A38000726B6D6F64653A2025640D0A0000000051
:10A3900041540000C01200200FE005EBC4004368E8
:10A3A000DBB36A464146012034E005EBC400436854
:10A3B0009BB36A46414602202CE0BAEB02074FF0FD
:10A3C00000024FF02C09EB46C2461346944600F1BA
:10A3D000010003D00121E646009013E0614613E03E
:10A3E00010F80280C84503D100F802E0012308E01C
:10A3F0003BB100EB02084BF821800023491C51457A
:10A4000002D2521CBA42EBD305EBC400436823B11D
:10A410005A4603209847060007D018A0F7F73EFCDD
:10A420000DF57B7D3046BDE8F08FAFF62040F5E7B7
:10A430002DE9F0410C4607463E194FF0FF3016F863
:10A44000021C0D2917D116F8011C0A2913D1042C5E
:10A4500011D3002504E0795D0BA0F7F71FFC6D1CFC
:10A46000A542F8DB002006F8020CA41EA1B2384673
:10A47000BDE8F041F6E6BDE8F08100000D0A455266
:10A48000524F520D0A000000256300000022C0F860
:10A490004C21C0E95421704770B5D0F84C110446E6
:10A4A000D0F850210D4685A0F7F7F8FB1BE02946B0
:10A4B00088A0F7F7F3FB05EB451688A014F81610F3
:10A4C000F7F7ECFB04EB460687A07178F7F7E6FB9D
:10A4D00087A0F7F7E3FBB11C87A0F7F7DFFB87A0A6
:10A4E000F7F7DCFB6D1CD4F8540195FBF0F100FB91
:10A4F0001150D4F850118842D9D1BDE870407FA0E6
:10A50000F7F7CCBB00F5A871D0F84C0106C9491C7F
:10A5100091FBF2F302FB1311814201D1012070473C
:10A5200000207047D0E95310814201D101207047CB
:10A53000002070470FB410B50446FFF7E3FF18B1D1
:10A54000002010BC5DF814FBD4F850119DF80C00ED
:10A5500001EB411104F81100D4F850119DF80D00E1
:10A5600001EB411104EB41014870D4F850019DF812
:10A570000D2000EB401004EB40000DF10E01801C9B
:10A5800002F012FF04F5A87003C8401C90FBF1F222
:10A5900001FB1200C4F850010120D2E770B50D464E
:10A5A0000446FFF7BFFF08B1002070BDD4F84C018E
:10A5B000422200EB401004EB4001284602F0F4FE7A
:10A5C000D4F84C01422100EB401004EB400002F0B3
:10A5D00004FFD4F84C01D4F85411401C90FBF1F264
:10A5E00001FB1200C4F84C016878402803D944A04C
:10A5F000F7F754FBD8E7012070BD30B5002288B0D2
:10A600005FF00A03B0FBF3F403FB1404B0FBF3F0B8
:10A6100030348C54521C0028F4D1885410006B46FE
:10A6200004D40C5C151A401E5C55FAD5012004E0D8
:10A630001C5C0D18401C05F8014C9042F8DD08B078
:10A6400030BD2DE9F04117468846064600241DE03E
:10A65000305D02F0A3FEC5B23019407802F09EFED4
:10A66000C0B2392D01D9373D00E0303DE9B239287B
:10A6700001D9373800E03038C0B204EBD47240EA78
:10A68000011008EB6201A41C087024B2BC42DFDB9D
:10A69000BDE8F081F8B515460E46074600240AE0ED
:10A6A0003A5D1CA1684604F03FF806EB4400BDF893
:10A6B00000100180641CAC42F2DBF8BD512D3E66F7
:10A6C000726F6E74203A25642C726561723A20258F
:10A6D000640A000069203A2564000000666C616726
:10A6E0003A256420000000006C656E3A2564200065
:10A6F0006D7367203A000000257320000A000000F7
:10A700006572726F72207175657565206D73670A69
:10A7100000000000253032580000000030B5F2483B
:10A72000A1B01C46C168269D491CC160052091FB53
:10A73000F0F200FB1210002829D14021684602F0F7
:10A740004CFE204603F039FA0022E84B03F0ABF848
:10A7500002460B46E6A1684603F0E6FF0421022309
:10A760006A460846FAF752F8402110A802F035FE72
:10A77000284603F022FA02460B46E1A110A803F096
:10A78000D3FF022310AA06210420FAF73FF821B0D4
:10A7900030BD38B54FF0FF3200214420F7F7DFFC21
:10A7A000D14C002204F1380120788870A069C4F8E7
:10A7B0004200E069C4F846001220F8F719FB0122B4
:10A7C00000211420F8F73BFB40F2B220F9F798F88B
:10A7D0004FF49670F9F7E3FA0520F9F7F5FA02203D
:10A7E000F9F705FACA4D00214420F7F79AFC2842F0
:10A7F0006060F8D02078401C2070A088400432D5DA
:10A800004FF4814200214420F7F7A9FC6846F8F78D
:10A81000D7FB002826D000214C20F7F782FC00F05F
:10A820007F01282903D80022BA48F8F734FBAE4943
:10A830000A224A31B74802F0F4FD002812D1B54986
:10A84000A94808220A31183002F0EBFD002809D18E
:10A85000012060700020A060AE48418A6180AEA0F7
:10A86000F7F71CFA38BDB3A0F7F718FABDE838407F
:10A870000021B74A4420F7F772BCF0B591B04FF011
:10A88000FF3200214420F7F76AFC974C002204F1C4
:10A890005E01207888706088A4F868000C20F8F7C2
:10A8A000A7FA012200210E20F8F7C9FA0220F9F7D1
:10A8B0009EF9974D00214420F7F733FC2842606051
:10A8C000F8D02078401C2070A08840047ED54FF43A
:10A8D000814200214420F7F742FC10A8F8F770FBF2
:10A8E000002874D000214C20F7F71BFC00F07F01FA
:10A8F000282903D800228748F8F7CDFA854E7A49EF
:10A900000027B7700A226A31304602F08AFD00281B
:10A9100072D175490222891C06F10B0002F081FDFB
:10A92000002869D100F081FEC4E9080100F092FE20
:10A93000884AC4E90A01801841F10001050A45EA84
:10A9400001652846F9F74EF925F00100010E0002D5
:10A9500044F20102801841F10001C4E90C0162488F
:10A96000D4E90823813000F098FE5F48D4E90A2337
:10A97000853000F092FE5C48D4E90C23893000F069
:10A980008CFE594920787731002288701620F8F71C
:10A990002FFA012200211820F8F751FA0120F9F7C7
:10A9A00026F9002828D100214420F7F7BAFB000639
:10A9B000F9D5802200214420F7F7D1FBA760207849
:10A9C000401C207056F80D0F206101E01AE013E0E2
:10A9D000716861610C91604902F0D0FD0990F6F751
:10A9E000D2FC58B118220AA9684602F0DDFC06AC78
:10A9F00094E80F00FFF792FE11B0F0BD06A8F6F73D
:10AA00001EFDF9E711B00021BDE8F040504A442096
:10AA1000F7F7A5BBF6F74AFE01F072FD04464FA01A
:10AA2000F7F73CF901F086FC01F038FC022001F058
:10AA30002AFC00BFF8F787FF0028FBD00020F7F7BB
:10AA40004AFC401C0BD0092084F86C0004F1610022
:10AA5000F8F712F838B144A0F7F720F9FEE747A05D
:10AA6000F7F71CF9FEE74A48F7F772FE44F20104D3
:10AA70002046F8F7B2F92046F8F7B5F940F2B220CF
:10AA8000F8F73EFF4FF49670F9F789F90520F9F7CA
:10AA90009BF90320F9F76AF8F7F7FAFD0446002559
:10AAA000F7F7F2FD2A1844EB05000F4C0146C4E904
:10AAB000062038A0F7F7F2F84FF4FA7760780A2604
:10AAC00068B1FFF7DAFEA068411CA160322800DD02
:10AAD0006570304601F0D7FBF6F755FAEEE7FFF761
:10AAE00058FE3E46F5E700000813002000005940DC
:10AAF0002044203A2025332E3266206D202020006D
:10AB00002041203A2025332E3166202020000000ED
:10AB100000D02724D51C0020B1EAC7A94944A3BA14
:10AB200025303458BCD3C8EBCDF8C2E7B3C9B9A6B9
:10AB30000A000000BCD3C8EBCDF8C2E7B3ACCAB181
:10AB4000BBF2D5DFBDD3CAD5B4EDCEF30A00000009
:10AB50000090272460015A030000C842B1EAC7A947
:10AB60002076312E30000000434F4E4649472046A4
:10AB700041494C454420202020200000494E4954A2
:10AB8000204641494C454420202020200000000060
:10AB900054140020B1EAC7A9C5E4D6C3B3C9B9A605
:10ABA0002025303878253038580A000030B5FF4865
:10ABB000A1B01C468168269D491C8160052091FB3F
:10ABC000F0F200FB1210002829D14021684602F063
:10ABD00004FC204602F0F1FF0022F54B02F063FE78
:10ABE00002460B46F3A1684603F09EFD04210223B2
:10ABF0006A460846F9F70AFE402110A802F0EDFB6C
:10AC0000284602F0DAFF02460B46EEA110A803F038
:10AC10008BFD022310AA06210420F9F7F7FD21B0CD
:10AC200030BD2DE9F043DFF8AC830C46054685B016
:10AC3000C068414602F0D4FC81462146A86802F073
:10AC400097FCE549E54C884202D9214602F03EFCDA
:10AC5000E349884202DD214602F08AFC02F0ADFFA2
:10AC6000E04AE14B02F0ADFD02F0EAFF0646DF48A4
:10AC7000006890F8360090B11422DD49684602F071
:10AC800093FB009801246F46314602F077FC57F899
:10AC9000241002F01BFC641C052CF5DB0646D5498C
:10ACA000304602F09DFC4FF07E570446B84201DD6D
:10ACB0003C4603E0D048844200D904464FF0FF31BF
:10ACC000304602F0CBFC494602F055FC06462146D0
:10ACD00002F054FCC94902F0F9FB414602F04EFC77
:10ACE00021462861084602F049FC394602F043FC3F
:10ACF00002F063FF05F022FB07460C46304602F0E7
:10AD00005CFF3A46234602F05CFD0022A84B02F0AD
:10AD100058FD02F095FF686105B0BDE8F0832DE9AC
:10AD2000F047924689460646D14542DA4C4606EB44
:10AD3000C4005546D0E9007080462CE06D1EAC4240
:10AD400008DA06EBC5013A46D1E90001434602F0B4
:10AD50005FFFF3D3AC4208DA06EBC50006EBC40292
:10AD6000D0E90010C2E90010641CAC4208DA06EB1E
:10AD7000C4013A46D1E90001434602F031FFF3D362
:10AD8000AC4208DA06EBC40106EBC502D1E90001CA
:10AD9000C2E900016D1EAC42D1DB06EBC401621EAC
:10ADA000C1E9007849463046FFF7B9FF04F10109CF
:10ADB000BAE7BDE8F0872DE9F041BCB00F46804608
:10ADC000012A6ED889480068B0F84100002868D090
:10ADD0005B208B4E02FB00F506EBC50460680A2879
:10ADE0000BDB02F00AFE0022864B04F08BFC02F023
:10ADF0006FFE6060012006F83500D8F8000002F010
:10AE0000DCFE626804EBC202C2E90201386802F0AB
:10AE1000D4FE626804EBC202C2E93E016068401CD5
:10AE2000606016F8350000283BD004F1080150227C
:10AE3000684602F0B9FA04F1F801502214A802F0B1
:10AE4000B3FA04F5F471502228A802F0ADFA0922F1
:10AE500000216846FFF763FFDDE90A01DDE9082309
:10AE600002F008FC4FF0FF34224602F08BFD02F0A6
:10AE7000E7FEC8F800000922002114A8FFF74FFFE1
:10AE8000DDE91E01DDE91C2302F0F4FB224602F09D
:10AE900079FD02F0D5FE38600922002128A8FFF7CD
:10AEA0003EFF3CB0BDE8F08170B550F80A4F4568F0
:10AEB0002046294600F027FCB8B33C4942684A6561
:10AEC00082688A654088A1F85C0000F0C3FB4E4AA6
:10AED000801841F10001000A40EA0160F8F782FEA3
:10AEE000324900224A311420F7F782FF0122002163
:10AEF0001620F7F7A4FF0120F8F779FE20B1BDE88E
:10AF0000704042A0F6F7CABE00214420F7F709F9C5
:10AF10000006F9D54FF4814200214420F7F71FF9CC
:10AF2000BDE87040052001F0AEB92046294600F08A
:10AF300095FC002805D020462946BDE8704001F068
:10AF400071BF70BD2DE9F04F97B000270646ADF8F0
:10AF500000704089ADF8000000F0F4FB05007DD0E2
:10AF600000F078FB114C284AC4E90601801841F131
:10AF70000001000A40EA0160F8F734FE40F29E202A
:10AF8000F8F7BEFC4FF49670F8F709FF04F16A0178
:10AF9000207888706888A4F87500E068C4F87700A5
:10AFA0002069C4F87B000022152035E098130020AA
:10AFB000000059402044203A2025332E3366206D6E
:10AFC000202020002041203A2025332E31662020E9
:10AFD000200000000000C842000034C30000B44359
:10AFE00000003443C28FFDC895C9203F5014002093
:10AFF000380D0108C364AA3C000080BFC3642A3C2A
:10B00000001F00200000244068816D03B7A2CBCD53
:10B01000CAA7B0DC0A000000F7F7EAFE012200210F
:10B020001720F7F70CFF0520F8F7CEFE0320F8F7FE
:10B03000DEFD401C12D0DFF8948300214420F7F796
:10B0400070F810EA080F6060F7D02078401C20707C
:10B05000A08840047ED54FF4814200E07BE00021CF
:10B060004420F7F77CF814A8F7F7AAFF002872D05D
:10B0700000214C20F7F755F8C0F30901B1F5007F26
:10B0800003D800223046F7F706FF0020B0700A22EE
:10B09000CF49304602F0C5F900285CD100F0C5FA6E
:10B0A000C4E9080100F0D6FAC4E90A0112A906F1C0
:10B0B0000A0000F0E4FA13A906F10E0000F0DFFA2E
:10B0C00010A906F1120000F0DAFAD4F81880A76A85
:10B0D000266A139812990190401A02F09FFC81464B
:10B0E000B81B059102F09AFC82468B461099019894
:10B0F000081A02F093FC0746A6EB0800019102F043
:10B100008DFC00900E4652465B464846059902F07B
:10B11000B1FA3A46019B02F0ADFA3346009A02F0CA
:10B12000A9FA0991DDE9002180463346384602F04C
:10B1300048FB06460F4652465B464846059902F0D4
:10B1400040FB32463B4602F036FB4246099B02F08A
:10B15000AAFB01E09EE09AE002F0F2FC02F06BFC38
:10B160009C4A9D4B02F02DFB4FF098529B4BC4E93B
:10B170000C0102F026FB02F063FDE060F8F795F9A0
:10B1800002F017FC6FF00A0102F068FA944902F02D
:10B19000F5F9944902F024FA0646282106A802F09F
:10B1A0001CF9914F08963946E06802F0E7F98F4E96
:10B1B00009903068B0F92F0002F0FBFB014606A8A9
:10B1C000FFF72FFD0AA82A880BA98046FFF7F3FD99
:10B1D0006888ADF8180060788DF81A00401C60701F
:10B1E00001F046F80790DDE90A0102F0F9F902F0F2
:10B1F000E4FC04F025F900227D4B02F0E2FA4FF066
:10B20000C0427C4B02F04FFB02F01AFD0C90002074
:10B210000D903168BDF83820B1F82F304BB30023C2
:10B2200042EAC332ADF83820B1F8311019B3002129
:10B2300042EA8131ADF83810ADF83C00ADF83A0083
:10B24000ADF83E00F6F79FF8B8B1182241466846BF
:10B2500002F0AAF806AD95E80F0001F05BFE182297
:10B260004146684602F0A0F895E80F00FFF79EFC03
:10B2700006E00123D4E70121DAE706A8F6F7C1F8D2
:10B280000C9820613946099802F0AAF9E06017B0DD
:10B29000BDE8F08F17B00021BDE8F04F564A4420BA
:10B2A000F6F75DBF08B5F6F701FA01F029F9044693
:10B2B00001F040F800F0F2FF022000F0E4FF00BFD0
:10B2C000F8F741FB0028FBD00020F7F704F8401CFA
:10B2D0000ED0032084F86E00092084F86C0004F17D
:10B2E0006100F7F7C9FB38B144A0F6F7D7FCFEE7D9
:10B2F00047A0F6F7D3FCFEE74A48F7F729FA44F2ED
:10B3000001042046F7F769FD2046F7F76CFD03209E
:10B31000F8F72CFC0320F7F78FF943A0F6F7BEFCF3
:10B320002B4C2A4D7F3C0020F8F74EFD0020F8F70B
:10B3300036FD0020F8F7EFFC02E000BFF5F723FE32
:10B3400000214420F6F7EDFE28426060F6D0A08888
:10B35000400433D54FF4804200214420F6F7FFFE2D
:10B360006846F7F72DFE18B300214C20F6F7D9FEFA
:10B37000C0F30906B6F5007F04D8314600222E48F6
:10B38000F7F789FD2C4900200A22887010492A48C5
:10B39000473902F046F838B10D490A2221392648CA
:10B3A00002F03FF828B10EE031462348FFF77CFD5C
:10B3B00009E031462048FFF7C5FD04E00E4A0021B0
:10B3C0004420F6F7CCFEF5F7DEFDACE700D02724ED
:10B3D00017140020FA48CE3B1835B13D19DDB141B4
:10B3E00000003443DB0F49400000C84250140020E5
:10B3F00000806640FB21094000902724434F4E46C1
:10B400004947204641494C45442020202020000047
:10B41000494E4954204641494C4544202020202093
:10B420000000000054140020BBF9D5BEC5E4D6C30B
:10B43000B3C9B9A60A000000001D002038B50C46AB
:10B440000021ADF80010410402D4A16A491CA16298
:10B45000C10302D56168491C6160C10402D5A168BD
:10B46000491CA160810202D52169491C216181002A
:10B4700002D5216A491C2162810404D5410402D409
:10B480002168491C216010F4081F02D06169491C21
:10B490006161410102D5E168491CE160C00035D518
:10B4A000606B0021401C60636846F7F79DFDBDF8A6
:10B4B0000000C10502D5A16B491CA163010602D59C
:10B4C000E16B491CE163410602D5216C491C2164F2
:10B4D000810602D5616C491C6164C10602D5A16C6C
:10B4E000491CA164010702D5E16C491CE1644107D4
:10B4F00002D5216D491C2165810702D5616D491C6A
:10B500006165C00702D0A06D401CA06538BD7249BE
:10B51000002049780E2909D2DFE801F008080C154F
:10B5200008080F08080712080809802070474FF420
:10B53000C07070474FF4607070474FF4B060704750
:10B540004FF4F06070474FF4786070476249002014
:10B550008979002900D1C82070474A780E2A1ED266
:10B56000DFE802F01D09151B070D180B1D0F1B1D31
:10B570001D12203813E0403811E048380FE08038C1
:10B580000DE0A0F580700AE0A0F5007007E0A0F5DE
:10B59000806004E0A0F5C06001E0A0F50060097BD8
:10B5A0000822891C8A4010444FF69A114843000A29
:10B5B000F8F718BB10B50B460246FFF7C7FF841813
:10B5C000FFF7A5FF197B204400F5FA70072909D27F
:10B5D000DFE801F008080804040404000822891CBC
:10B5E0008A401044BDE81040F8F7D9BB3A4910B57D
:10B5F0000A7B0821921C914001EBD17100EB6102A2
:10B6000000213648F6F7ABFDBDE81040F7F70FB95B
:10B6100010B500220A60835CD400A3400C68521C61
:10B6200023440B60042AF6DB10BD7CB500242546BC
:10B630006846F7F72CFF042069462D0245EA146599
:10B6400022020C5C401E144340B20028F5DA20466A
:10B6500029467CBD7CB5002425466846F7F762FF85
:10B66000042069462D0245EA146522020C5C401E46
:10B67000144340B20028F5DA204629467CBD10B5B7
:10B6800000220A60835CD400A3400C68521C23444F
:10B69000D2B20B60042AF5D310BD10B5002142547C
:10B6A000120A42EA0362491C1B0AC9B20429F6D3F2
:10B6B00010BD2DE9F04115461E4607460024E20064
:10B6C0002846314601F05AFE3855641CE4B2042C79
:10B6D000F5D3BDE8F0810000601400201C000200DA
:10B6E0006B4800686F307047694900200968B1F8FD
:10B6F0006F10002900D001207047654813210068B1
:10B700006F3001F06ABEF0B5614A0127136800226C
:10B7100013F16F0302EB420404EB0214E6187468A1
:10B72000B56844404D402C4307D134882CB102EB1E
:10B73000420000EB02101844F0BD521CBA42E9DB93
:10B740000020F0BD30B5524901230A6800216F3254
:10B7500001EB410404EB011414446588854207D1D0
:10B7600024882CB101EB410000EB0110104430BDE6
:10B77000491C9942ECDB002030BD4548012201689C
:10B7800000206F3100EB400303EB00130B4400F18A
:10B7900001001B8823B100B29042F3DB0020704708
:10B7A00080B270472DE9F043164607468C46FFF7F6
:10B7B000AAFF04002FD1DFF8D890D9F8000000F1DB
:10B7C0006F08FFF7DAFF05B2002D24DD012D02DD41
:10B7D00021E0761CB6B23046FFF7B4FF0028F8D15E
:10B7E00005EB450000EB051101EB080424F8135D9F
:10B7F00066806760C4F808C0D9F80010B1F85B1023
:10B80000A181D9F80010B1F85D10E181D9F80000EC
:10B81000B0F85F0020822046BDE8F08310B5FFF746
:10B8200091FF002804D0BDE81040132101F0D5BDE0
:10B8300010BD10B5FFF767FF002804D0BDE8104029
:10B84000132101F0CABD10BD124A0020D2E9001236
:10B85000114300D0012070470E487047F0B50D4CE1
:10B860000125D4E9002382EA000683EA01073E436A
:10B8700002D01A4302D003E0002501E0C4E9000130
:10B880002846F0BD03480021016041607047000078
:10B8900050140020301400202DE9F0418046FE486D
:10B8A000FE4C50F8311F4568606801F00FFE0746F6
:10B8B000294601F00BFE0146384601F091FE216851
:10B8C00006460D46404601F053FE314601F056FE55
:10B8D000294601F0FBFD054631464FF07E5001F050
:10B8E00047FE394601F04AFEC4E900502846BDE84B
:10B8F000F08110B5EAA29AB0136800939288ADF86F
:10B9000004205B228DF806204268CDF807200288CB
:10B91000ADF80B20B1F8C011ADF80D1081788DF89D
:10B920000F10017A8DF8101000216C4600EB4102D7
:10B9300004EB81035289491C02EB82025200C3F8D6
:10B940001120C3F832200829F0DB00208DF85200C6
:10B950008DF854008DF831008DF853008DF85500A6
:10B96000CDF85600CDF85A00CDF85E005B220621D6
:10B970006846F5F737FC8DF86200CBA0652100889A
:10B98000ADF863006846F5F729FC1AB010BDF0B5B4
:10B990008BB004462821684601F01FFD00221046A6
:10B9A000134694464FEA0D0104EB43058F18AE7A17
:10B9B000521C06EB86067600FE70D2B26E898F1896
:10B9C00006EB8606C6F3D716FE70521CD2B26D89FE
:10B9D0008E1805EB8505C5F3CF35521CF570D2B234
:10B9E0008D18521C5B1C85F803C0D2B2082B01DAFB
:10B9F000202AD9D3AA228DF8002025228DF80120F3
:10BA000001228DF8022055228DF8242000228B5C23
:10BA1000521C1844C0B2232AF9DB8DF823002521DB
:10BA20006846F5F7DDFB0BB0F0BDA04870472DE987
:10BA3000F05F07460C4601F59475B1F8D281B1F874
:10BA4000CA01B1F8C01197F88520491C4843B4F8E1
:10BA5000F81197F886600844B4F8101297F884300B
:10BA60000844B4F812124FF0000B0844110A1206F1
:10BA70000E4342EA034246EA134697F8833017F82A
:10BA8000821F42EA032246EA136642EA010904F5EC
:10BA9000E07401F0C3FF01F00DFC10EB09004FEA68
:10BAA000502944F288107141688095F88400AE1CDA
:10BAB0002871401C85F884002088A5F80900A5F8A5
:10BAC00007806088A5F805001B20E87201F0FF0AD6
:10BAD000D7F8062021884FEA4929A4F5E07459B324
:10BAE0005FF00000C6F80A0094F8D001B0730B367E
:10BAF000F5F77DFAB08008EBC80004EB80006C49D4
:10BB0000D0F86C0201F03AFD01F0CEFFF080152074
:10BB100025F8680B0122AA7685F81BB0297F491CFD
:10BB200029774FEA19216A7741EA0A61C5E9091BB9
:10BB3000A5F82CB0BDE8F09FB4F8C81108F0FF00DC
:10BB4000B2FBF1F301FB1322B4F8C4315843801A5D
:10BB50004A0852428242C5DD0844C3E770472DE9D6
:10BB6000F04F0546B0F9000005278FB00C460D28B0
:10BB700006D0152804D06E2802D010214DA006E072
:10BB80006888A0F58241883904D010214EA0F5F7CD
:10BB90001AFB72E1E87A1A2804D01B28F9D01C2875
:10BBA000F7D13EE0287B84F8D001B5F80900A4F86D
:10BBB000D201D5F88200C4F8D80195F8860084F83F
:10BBC000DC0121462846FFF732FF04F59475002773
:10BBD000F8F786F828880022A91CF7F709F900224F
:10BBE00028881146F7F72BF9D5F88C0008B1F7F73C
:10BBF000F9FF95F88500800707D5D5F89000F7F78D
:10BC00007FFEB5F89400F8F7CAF895F88500F7F7C5
:10BC1000EEFF18B10127102130A0B8E70620206000
:10BC20002BE1B5F80990B4F8D21149457ED195F8C9
:10BC30005D10B4F8C001C140C90777D0297B94F8E2
:10BC4000D0219142F2D1D5F88210C4F8E81195F8CC
:10BC5000861084F8EC11D5F80DC0D5F8118005EBED
:10BC6000C000CDF8348050F815EF09EBC9014068E9
:10BC7000059004EB8106D5F85920D5F85510CDE98B
:10BC80000A12D4E97810D4E976380893D4E97A32E4
:10BC90000B278246C3462BE0880B00203814002077
:10BCA000436D644D3A3400000D0A0000B0240020BA
:10BCB0000000C84272656376206572726F72206DF3
:10BCC0007367310A00000000726563762065727246
:10BCD0006F72206D7367320A0000000073656E6436
:10BCE0002072657370206661756C740A0000000034
:10BCF0000693DDF834800598BEEB0C0360EB08007A
:10BD0000C0B2CDE90C30089B06F51476CB1A6AEB6D
:10BD10000B009B46069BC0B2591A62EB0A020990BF
:10BD2000D0B28A46DDE90A21079000E0A4E0059838
:10BD3000B2EB0E0861EB0001C9B2059158460999B2
:10BD400001F045FE02904046059901F040FE02993F
:10BD500001F014FC02905046079901F038FE04905F
:10BD6000DDE90C0101F033FE049901F007FC0299B2
:10BD700001F0FEFB02905846099901F028FE834627
:10BD80005046079901F023FE594601F09FFB824679
:10BD90004046059901F01BFE8046DDE90C0101F0EB
:10BDA00016FE414601F092FB0146504601F08EFB23
:10BDB0000146029801F014FC01F05DFE01F0F9FD6E
:10BDC00001F0FBFEFC4AFD4B01F0FBFC01F038FFEB
:10BDD000DFF8EC830490D8F83D0001F0EEFE8246D7
:10BDE0008B46D8F8390001F0E8FE804603910498AC
:10BDF00001F0E3FE0022F34B01F0E3FC4246039B1B
:10BE000001F0DFFC52465B4601F034FC01F018FF04
:10BE1000ED4901F0E5FBF061FFF73EFD3062A6F869
:10BE20000090287BB07000F023FA706095F85D00F8
:10BE30003081102205F15E0106F10A0001F0B4FA2A
:10BE4000F5F7A1FA40B121463046FFF752FD2146F1
:10BE50003046FFF79CFD02E03046F5F797FAB9F15E
:10BE6000000F0AD1D949F06901F088FBF5F7A6FC6B
:10BE7000D749F069086000E006270FB03846BDE8F2
:10BE8000F08F70B5D34D05F5947495F8AA0101288B
:10BE90000BD104F18600F7F7FAFAD4F88600C5F85A
:10BEA000E00194F88A0085F8E401012084F8830019
:10BEB00070BDF8B5C74D074695F82401D5F8206147
:10BEC000801BC043C00720D06846F7F779F8C6EB5F
:10BED000C60000EB800005EB8004083400F0C8F9D0
:10BEE000C4F8880004F18200F7F71CFBF8887F286B
:10BEF00000D37F20208081B20022A01CF6F7CBFF68
:10BF00000120B043C5F82001F8BDB3A0F5F7C6FE87
:10BF1000F8BD10B50020F7F742FFBDE81040002043
:10BF2000F7F7F9BE10B50020F7F739FFBDE810406C
:10BF30000020F7F7F0BE2DE9F041044600F0E0FAEA
:10BF4000054607262168002039B1062952D001276D
:10BF500007295CD008297FD163E0B5F81310A4F855
:10BF6000C211E989A4F8C0116968C4F8C411A968AC
:10BF7000C4F8C811A989A4F8CC110A21A4F8C411E5
:10BF8000B5F81710A4F8C61101EB81014900A4F817
:10BF9000C81184F8D001FF20A4F8D2012888F6F750
:10BFA0001CFF6888F6F71FFF06210020F7F71DFB2E
:10BFB000B5F81300F7F732FBE889F7F734FB0020F8
:10BFC000F7F79EFC0020F7F7EAFEB5F829000128F4
:10BFD00001D0012000E00020F6F725FBB5F829008C
:10BFE000012805D05FF00000F6F726FB266033E05D
:10BFF0000320F9E794F8AB11012906D184F8AB01CD
:10C0000094F8AA11012900D12660606024E0002084
:10C010006760F7F780FE0020F7F7C1FE0820206078
:10C020001AE094F82001D4F82451401B00F00100DC
:10C03000002810DDC5EBC50000EB800004EB80009C
:10C0400021460830FFF78BFD00B126606D1C05F01E
:10C050000100C4F824016760606848E410B55D4CD5
:10C06000002060602046FFF766FF0028FAD010BD70
:10C07000FFF7F4FFF4F787FFFAE7F0B587B0554D07
:10C0800000F03EFA06464FF4DA61284601F0A5F9C1
:10C09000002406F161072C60B8790090787801904F
:10C0A00078790390F8780490F87A10F00B0003D0B8
:10C0B000397B0820891C884002900D20059005F5E9
:10C0C000F871684601F00EF81520059005F5047129
:10C0D000684601F007F86E20059005F50C7168467A
:10C0E00001F000F800F0EFF900F024F900F0D6F8C4
:10C0F000022000F0C8F84FF4FA7500BFF7F723FCF0
:10C100000028FBD005E038A0F5F7C8FD284600F070
:10C11000BAF80020F6F7DFF8401CF4D086F86E403D
:10C1200086F86C4005E035A0F5F7B8FD284600F02C
:10C13000AAF83846F6F7A0FC0028F4D13448F6F700
:10C1400007FB0320F7F712FD0094AFF22723AFF2AD
:10C150003D22AFF2A121AFF2D5200194F7F7E2FB27
:10C16000012200212B48F7F734FE07B0F0BD00B5DF
:10C1700095B0402104A801F030F9114890F87F00F3
:10C18000012861D0244800BF01F017FDCDE902016C
:10C19000224823A2006890F861100091C3894021D1
:10C1A00004A802F0A9FA402803D281B204A8F5F746
:10C1B0000AF815B000BD47E01329AA153236733FBF
:10C1C000880B002000408F4000007A440000C842E5
:10C1D00000000020B0240020CAFDD7E9D2E7B3F662
:10C1E00020B4EDCEF30A0000494E4954204641499F
:10C1F0004C4544202020202000000000434F4E46A4
:10C200004947204641494C45442020202020000039
:10C210005414002080D02304008054445014002083
:10C2200049443A256420BDC7C9AB3ABBF9D5BE2005
:10C23000D0C5B5C03A256420CBD9C2CAA3BA252E31
:10C2400031664D0D0A00000008489DE710B5FFF764
:10C2500014FFBDE8104000F041B9F5F727FAFFF7E9
:10C26000F5FFFFF784FFFFF703FF00009A99D9401D
:10C270009E48006870479D490A6810440A68121A6F
:10C28000002AFBDD7047F6E700EB4000810000204C
:10C2900001E000BF401C8842FBD37047F8B5012481
:10C2A000ADF8004010208DF80300914E03258DF865
:10C2B000025069463046FBF7B4FB01213046FBF7DC
:10C2C00020FCADF8004000208DF803008DF80250EE
:10C2D00069463046FBF7A5FB0220FFF7CCFFF8BD0F
:10C2E00030B5844D044685B02846FBF785FF002114
:10C2F000ADF800104FF48270ADF80200ADF80810F0
:10C300006815ADF80A00ADF80410ADF80C40072030
:10C31000ADF80610ADF80E10ADF8100069462846CD
:10C32000FBF78EFF01212846FCF707F805B030BD6A
:10C330002020D5E70020D3E710B56D4C1021204612
:10C34000FBF7DFFB0120FFF796FF10212046FBF7EC
:10C35000D6FBBDE8104007208DE78CE76649024612
:10C3600000200968114200D0012070477FB50125E7
:10C3700000245F4A0826ADF8085030B304208DF839
:10C380000B0002A91046FBF74CFB00210846FBF707
:10C3900000FC8DF804408DF8056000958DF806507E
:10C3A0006846FBF743F84FF44070FAF7F5FE0620B5
:10C3B0008DF80C000F208DF80D008DF80E408DF8D3
:10C3C0000F5003A8FAF7EDFE7FBD8DF80B40032058
:10C3D0008DF80A0002A91046FBF723FB8DF80440F4
:10C3E0008DF8056000958DF806406846FBF71EF84D
:10C3F0007FBD2DE9F041984615460F4606460024BC
:10C40000F8F77EF802463A481023143003603948A2
:10C4100006E0395D81810189C907FCD08189641CEE
:10C42000B442F6DB002107E018F80140848104895A
:10C43000E407FCD08489491CA942F5D32C4810306C
:10C4400003601046F8F76DF80020BDE8F0812DE993
:10C45000F0411D461646884607460024F8F750F876
:10C4600002462348102314300360224809E000BF2D
:10C4700018F8041081810189C907FCD081892970CD
:10C48000641CBC42F4DB00210C4606E08481078971
:10C49000FF07FCD087896F54491CB142F6D314487A
:10C4A000103003601046F8F73CF80020CDE710B5D7
:10C4B000124C01E0F7F750FA20212046FBF70BFB66
:10C4C0000028F7D110BD4FF0E0214FF40000C1F873
:10C4D0008001BFF34F8FBFF36F8F70474FF0E021A4
:10C4E0004FF40000C1F80001704700004C14002018
:10C4F000000801400030014000040140000C0140F0
:10C500000E480068704738B50C490D48A0F1180472
:10C510000860B4F85B000090B4F8593034F9472F44
:10C520000848B4F90210F5F7B9FBB4F84220B4F8A2
:10C530004010BDE8384004A0F5F7B0BB501400200F
:10C54000A00B002008130108736C6F743A25642C4B
:10C55000616464723A253034580A0000FE4870471E
:10C560002DE9F041044690F8D101401E40B284F814
:10C57000D101002805DA002901D003202060BDE8A0
:10C58000F081D4E97856B4F8CA11C0F108004843E4
:10C5900001F033FA00F08EFE401941EB0607450A20
:10C5A000B4F86A026D02963001F038FA00F0A2FE8B
:10C5B00001F0ADFA86B2280A40EA0760F7F712FBED
:10C5C0003046F7F7ECFB0120F7F7A5FB0820D5E78D
:10C5D00070B504460025F7F783FB20880022A11CD4
:10C5E000F6F706FC002220881146F6F728FCD4F85E
:10C5F0008C0008B1F7F7F6FA94F88500800707D5A4
:10C60000D4F89000F7F77CF9B4F89400F7F7C7FB7B
:10C61000D4F88C0000B1012094F885100843F7F796
:10C62000E6FA00B10125284670BD70B5CA4C04F584
:10C63000947504F5D770F6F72AFF95F8820088B94B
:10C64000082084F8D101002084F8D201D5F88600B2
:10C65000C4F8E00195F88A0084F8E401002120463E
:10C66000FFF77EFF012085F8830070BDF8B5BA4D55
:10C67000074695F82401D5F82061801BC043C00708
:10C6800027D06846F6F79CFCC6EBC60000EB80009E
:10C6900005EB80040834FFF7EBFDC4F8880004F1D3
:10C6A0008200F6F73FFFF8887F2800D37F202080A4
:10C6B00081B20022A01CF6F7EEFB0120B043C5F8C2
:10C6C000200195F8AA01002803D100212846FFF790
:10C6D00047FFF8BDA04890F8AA11002901D1012117
:10C6E0003EE77047F6E730B504469CA09BB0016872
:10C6F00000918088ADF804005B208DF80600FFF7FC
:10C70000B7FDCDF80700B4F8C0010021ADF80B006B
:10C71000ADF80D1094F8D0018DF80F0094F8D20107
:10C720008DF810000A466D4604EB4200B0F8860111
:10C7300000EB8000430005EB8200521CC0F8113072
:10C74000C0F83230082AEFDB8DF852108DF8541003
:10C750008DF831108DF853108DF85510CDF8561016
:10C76000CDF85A10CDF85E105B2206216846F4F72A
:10C7700039FD8DF862007BA065210088ADF863006B
:10C780006846F4F72BFD65216846F4F727FD1BB0DA
:10C7900030BDF0B58BB004462821684600F01DFE80
:10C7A00000221046134694464FEA0D0104EB430560
:10C7B0008F1895F88661521C06EB86067600FE708F
:10C7C000D2B2B5F886618F1806EB8606C6F3D71687
:10C7D000FE70521CD2B2B5F886518E1805EB850555
:10C7E000C5F3CF35521CF570D2B28D18521C5B1CAC
:10C7F00085F803C0D2B2082B01DA202AD6D3AA22A8
:10C800008DF8002025228DF8012001228DF80220CC
:10C8100055228DF8242000228B5C521C1844C0B293
:10C82000232AF9DB8DF8230025216846F4F7D8FC8C
:10C830000BB0F0BD2DE9F0470446FFF761FE21681B
:10C840000646052700254FF0060904F594704FF0C1
:10C8500001080A294ED2DFE801F0055E4D934DEC48
:10C86000B84DF450B6F81300A4F8C201F089A4F84A
:10C87000C0017068C4F8C401B068C4F8C801B089C8
:10C88000A4F8CC010A20A4F8C401B6F81700A4F853
:10C89000C60100EB80004000A4F8C80184F8D05124
:10C8A00084F8D15184F8D251C4F8D4513088F6F7C5
:10C8B00094FA7088F6F797FA06210020F6F795FEAD
:10C8C000B6F81300F6F7AAFEF089F6F7ACFEB6F854
:10C8D0002900012801D0012000E00020F5F7A3FE87
:10C8E000B6F82900012806D05FF00000F5F7A4FE95
:10C8F000C4F80080BDE00320F8E794F831020A286C
:10C9000002D0C4F80480B4E084F8315284F8305284
:10C91000C4E90085ADE0811C44F2881221F8012BA6
:10C9200090F884204A70B4F8C021CA804FF6FF7294
:10C930008A80B4F8C2214A801A220A7294F8D0215F
:10C94000521C84F8D0214A720D2120F8681B85768C
:10C95000C576017F491C07E0802B0020436D644DA4
:10C960003A3400000D0A0000017745774562856280
:10C9700085856838FFF72CFE20B3FEA027600CE009
:10C9800094F8D21161B10546214600F05BF92846C2
:10C99000FFF71EFEB0B1FBA02760F5F77FF968E056
:10C9A0004FF0E0264FF400052760C6F8805106F5E9
:10C9B000C076BFF34F8FBFF36F8FF7F791F946F84B
:10C9C000805C56E0C4F8009053E094F8AB01012875
:10C9D0002DD184F8AB5194F8AA01082610B1022891
:10C9E00025D101E0266022E02760F4F7CCFC30B1CD
:10C9F0002046FFF778FE2046FFF7CBFE0EE0E54924
:10CA0000002000BF04EB4002B2F8862121F810207C
:10CA1000401C0828F6DBDF48F4F7D6FC84F8D16127
:10CA200084F8D251102104F5C37000F0D6FC656083
:10CA30001FE0092020600220606084F8308218E046
:10CA4000FFE794F82001D4F82451401B00F00100C6
:10CA500000280EDDC5EBC50000EB800004EB800074
:10CA60002146083000F044F96D1C05F00100C4F8BF
:10CA700024016068BDE8F08770B5C74C002565608B
:10CA80002046FFF7D7FE0028FAD0022814D094F8E9
:10CA9000320201280FD100BFFFF7EAFBD4F83812A9
:10CAA000884208D384F832520A2084F83102FFF712
:10CAB000DFFBC4F83C0270BDFFF722FDB4F8C811DB
:10CAC000D4F8D4010844C4F83402D4F83C12084421
:10CAD000C4F83802012084F83202C4F8D451DBE7EC
:10CAE000FFF7CAFFF4F74FFAFAE7F0B587B0AA4CA0
:10CAF000FFF706FD06464FF42871204600F06DFC56
:10CB0000002506F161072560B879009078780190DA
:10CB100078790390F8780490F87A10F00B0003D03D
:10CB2000397B0820891C884002900D20059004F56F
:10CB30001071684600F0D6FA1520059004F51871BA
:10CB4000684600F0CFFA6E20059004F52071684623
:10CB500000F0C8FAFFF7B7FCFFF7ECFBFFF79EFB0E
:10CB60000220FFF790FB4FF4FA7400BFF6F7EBFEDC
:10CB70000028FBD005E089A0F5F790F82046FFF7E4
:10CB800082FB0020F5F7A7FB401CF4D086F86C5020
:10CB900005E087A0F5F782F82046FFF774FB3846DA
:10CBA000F5F76AFF0028F4D18648F5F7D1FD032098
:10CBB000F6F7DCFF0095AFF2D343AFF2E742AFF2F6
:10CBC0005351AFF299500195F6F7ACFE01220021C6
:10CBD0007D48F7F7FEF807B0F0BD00B595B04021ED
:10CBE00004A800F0FAFB794890F87F00012818D0DB
:10CBF000774800BF00F0E1FFCDE90201754876A259
:10CC0000006890F861100091C389402104A801F0E8
:10CC100073FD402803D281B204A8F4F7D4FA15B00A
:10CC200000BD7748E6E710B5FFF75FFFBDE81040AD
:10CC3000FFF754BCF4F73AFDFFF7F5FFFFF7CDFF20
:10CC4000FFF74EFF2DE9F0410D460446D5E978780F
:10CC5000B1F8CC0101F5E07500F0E0FE00F02AFB30
:10CC6000C01941EB08064FEA5028A71C44F288106F
:10CC700027F8020B94F8840007F8010B2888B88085
:10CC80004FF6FF707880688838801C20B871287C47
:10CC9000F871D5E90801B860F9604FEA4828A88919
:10CCA000683400F0BBFE00F005FB4A4A1268538866
:10CCB0000022C018D5E9083C5141C01841EB0C01D5
:10CCC00038657965A87C87F858006E2024F8680CD0
:10CCD0000220A076E276207F401C2077012060773A
:10CCE0004FEA182040EA0660C4E90902A28546E43A
:10CCF000F0B5C27A1B2A3BD10288152A38D1B0F888
:10CD00000730B1F8C041821CA3427FD1937B91F8D8
:10CD1000D041A3427AD1B2F8075001F5947405F0DE
:10CD200007033DB9D2F80A50C1F8D451B2F80F50F8
:10CD3000A1F8D85191F8D25101269E40354381F88F
:10CD4000D25101EBC30600F1800550F8827FC6F88E
:10CD5000E871007986F8EC01A41C04EBC300D5F857
:10CD60000260C0F81360AD79C575B2F8110049E0F2
:10CD70004CE00000B7A2CBCD706F6C6CCAA7B0DCE2
:10CD80000A000000B7A2CBCD66696E616CCAA7B07D
:10CD9000DC0A000050160020802B0020494E495428
:10CDA000204641494C45442020202020000000001E
:10CDB000434F4E464947204641494C454420202098
:10CDC000202000005414002080D02304880B002071
:10CDD000008054445014002049443A256420BDC7C3
:10CDE000C9AB3AB1EAC7A920D0C5B5C03A2564207D
:10CDF000CBD9C2CAA3BA252E31664D0D0A00000058
:10CE00009A99D94004EB4302A2F85C0091F9D10150
:10CE1000401C05D191F8AA01002801D10320086027
:10CE2000F0BD0000F0B5A9B005460E46A021684649
:10CE300000F0D3FA45F65A2280A1684601F074FC4E
:10CE40000746684600F0E6FA6C4620442B46324618
:10CE50007CA101F069FC684600F0DCFAC21B7FA1EE
:10CE6000A01C01F061FC7B20E055684600F0D2FA7E
:10CE700020447CA101F058FC684600F0CBFA81B256
:10CE80006846F4F7A0F929B0F0BD70B5AEB02A221B
:10CE9000DDE936568DF814201B228DF81520020C82
:10CEA00034998DF81620ADF817001C46084600F09E
:10CEB000E2FDCDF81900204600F0DDFDCDF81D00A3
:10CEC000ADF821500020CDF82300CDF82700280C24
:10CED000ADF82B00ADF82D60300CADF82F002320FD
:10CEE0008DF832000DA804900F2209A9684600F0C1
:10CEF0005BFA0DF1140C9CE80F00F4F7C8F9044636
:10CF0000C1B20DA8F4F76AF9E1B20DA8F4F768F917
:10CF10002EB070BD0FB44FF480712DE9F043C7B04F
:10CF200006A800F05AFA50480068B0F8430080B1F3
:10CF3000012809D1182252A9684600F035FA4EACF2
:10CF400094E80F00FFF7A1FF47B0BDE8F0035DF8DC
:10CF500014FB45F65A2239A106A801F0E5FB054667
:10CF600006A800F057FA06AC204440A101F0DCFB13
:10CF700006A800F04FFA4F99009120449DF83A31ED
:10CF8000BDF838213CA101F0CFFB539800F073FDB0
:10CF90008146529800F06FFD8046509800F06BFD7E
:10CFA0000746519800F067FD064606A800F032FAE1
:10CFB00020443B46324638A1CDE9008901F0B4FB5C
:10CFC000559800F058FD064606A800F023FABDF972
:10CFD0005A11BDF95E31BDF95C218DE80E00204487
:10CFE000BDF85831324635A101F09EFB06A800F08D
:10CFF00011FA20443AA101F097FB06A800F00AFAC2
:10D00000421B16A1A01C01F08FFB7B20605506A8D7
:10D0100000F000FA204413A101F086FB06A800F0FE
:10D02000F9F9C1B206A8F4F7D9F806A800F0F2F9A8
:10D03000C1B206A8F4F7D4F886E700004A532530B9
:10D04000345800007B224E6577546167223A2225CE
:10D0500030386C582530386C58227D0025303458D3
:10D06000000000000D0A0000501400207B225457DD
:10D0700052223A20000000007B22613136223A22FF
:10D0800025303458222C2252223A25642C22542254
:10D090003A25642C000000002244223A25642C2208
:10D0A00050223A25642C2258636D223A25642C22A2
:10D0B00059636D223A25642C00000000224F223A69
:10D0C00025642C2256223A25642C2258223A2564C3
:10D0D0002C2259223A25642C225A223A25647D00BA
:10D0E0007D0000002DE9F04706460C464FF0000891
:10D0F000406900F082FC032200F044FC0F46054624
:10D100000022604B00F0CFFB00F09AFD02F0BEFA67
:10D1100000F053FD00225C4B00F053FB0B4602462F
:10D120002846394600F0A6FA00F08AFD574F3168CC
:10D1300011B101294BD101E0554900E0554900F0FA
:10D140001DFA8146F06802280DD0082082467068DA
:10D150000E283CD2DFE800F03B1D11093B1A0F3BC3
:10D160003B170C3B3B141020F0E74FF08B4512E0CF
:10D170004FF08A450FE0484D0DE04FF089450AE039
:10D180004FF0884507E04FF0874504E04FF08645B3
:10D1900001E04FF08545B06800280DDD00F009FC86
:10D1A00000F00BFD3D4A3E4B00F00BFB012200F06E
:10D1B000E9FB00F045FD80463069092809DA504650
:10D1C00000F0F7FB294600F081F936490AE0AFF399
:10D1D0000080192809DA504600F0EBFB294600F0E0
:10D1E00075F9314900F0CAF90546284600F05CFCA3
:10D1F0002080404600F058FC60802C4E2C4800F007
:10D2000053FCA0803146484600F0EAF900F04CFC9F
:10D21000E0803946484600F059F9314600F0E0F91F
:10D2200000F042FC80B2208100F0CCFB0646414673
:10D23000284600F04BF9314600F048F900F034FC84
:10D2400080B2608100F0EAFB00F054F800F05FFC6F
:10D25000A081608900F0E2FB00F02CF8C4E9040131
:10D26000227C2276020A42EA01626276020C42EADB
:10D270000142000EA27640EA0120E076207D207770
:10D28000BDE8F08700A0744000004840E144A84693
:10D290007B348044C33500430000C0440D71AC8B27
:10D2A000DB68E03FEA5B7E3FB341823F00007A44A7
:10D2B000B94EAC4110B52C4A2C4B00F0F4FA0022C8
:10D2C0002B4B00F0F0FABDE8104000F05EBC10B54A
:10D2D00000F0C5FBBDE81040234A244B00F071BAB2
:10D2E00010B5214A214B00F0DEFA00F04EFC01F0AF
:10D2F0000F0110BD1F4A204B00F0D5BA417919B17A
:10D30000012901D0022901D0092100E01121427830
:10D310000E2A16D2DFE802F015070C1515070C15BA
:10D3200015070C151507130940229A40114406E011
:10D3300013094FF400729A40114401F5007109B2CB
:10D3400001E001F580518078012807D0022807D03C
:10D35000032801D0083904E0091F02E0103900E079
:10D36000203908B270470000FA48CE3B1835B13D6D
:10D3700080842E410D71AC8BDB68F03F202A04DBEA
:10D38000203A21FA02F00021704721FA02F3D0403E
:10D39000C2F120029140084319467047A0F1610193
:10D3A000192900D82038704740EA01039B0703D0B1
:10D3B00009E008C9121F08C0042AFAD203E011F8D4
:10D3C000013B00F8013B521EF9D27047D2B201E096
:10D3D00000F8012B491EFBD270470022F6E710B57A
:10D3E00013460A4604461946FFF7F0FF204610BDD3
:10D3F00030B505462A460B4612F8010B13F8014BCF
:10D4000008B1A042F8D01CB1002802D06D1CF1E791
:10D41000284630BD421C10F8011B0029FBD1801AA0
:10D42000704730B504460020034600E05B1C934281
:10D4300003D2E05CCD5C401BF8D030BD2DE9F05F3D
:10D4400093460F4680460446002601F0ABF9D0F81B
:10D450000090824614F8015B2DB100F089FC006851
:10D46000405DC007F6D12B2D02D02D2D1AD0641EA1
:10D470000021CAF800105A463946204600F085FCC3
:10D48000014627B13868A04201D1C7F80080DAF818
:10D490000000022809D0CAF80090700505D548425E
:10D4A000BDE8F09F46F48066E2E70846F8E700F042
:10D4B00041BD70B5064601F075F9046805460A22BB
:10D4C0000021304600F0FEFC2C6070BDF0B480EA14
:10D4D0000102D40F4200B2EB410F02D202460846CD
:10D4E00011464A0042D0C30DDDB2C1F3C752AD1A96
:10D4F000202D35DAC1F3160141F4000204B1524285
:10D50000C5F1200602FA06F12A411044B3EBD05FC0
:10D5100023D0C4B1012DA0EBC35009DCF0BC4FF007
:10D52000004202EAC352DBB200F5000000F049BD40
:10D53000400000F1807000EBC350A0F1807040EA21
:10D54000D170490009E0490841EAC071A0EBC3501D
:10D5500000F50000400800EBC350F0BC00F028BD0F
:10D560006142012202EB4101001BF6E7F0BC70476B
:10D5700081F00041AAE780F00040A7E780EA0102BD
:10D5800010B502F00043400022D04A001FD0010E27
:10D5900001EB1261C0F35600C2F3560240F40000E2
:10D5A00042F40002A0FB022000047F39140400D0E2
:10D5B000401C50EA124001D44000491EC2B20C0681
:10D5C00004EBD010401C4008802A02D003E0002069
:10D5D00010BD20F00100002900DA0020184310BD22
:10D5E00030B480EA010202F0004530F0004221F040
:10D5F000004013D090B1C30DD40DC2F31601C0F397
:10D600001600E41A41F4000140F400027D34914216
:10D6100001D3641C00E04900002C02DA30BC002079
:10D6200070474FF400000023914201D3891A03434D
:10D6300040084FEA4101F7D151B1914202D14FF078
:10D64000004105E002D24FF0010101E06FF001015D
:10D6500003EBC450284430BC00F0AABC420005D003
:10D66000C0F3C7525242914201DC0020704700EBE8
:10D67000C15070472DE9FE4F804681EA0300C00F7C
:10D680000C46009021F0004123F00045B8EB020069
:10D69000A94105D24046214690461C460B4602460B
:10D6A00023F00040104347D0270DC7F30A00C3F30F
:10D6B0000A510290401A019040286BDAC3F313001C
:10D6C00040F4801B0098924620B10023D2EB030A5D
:10D6D00063EB0B0B01985946C0F14002504600F035
:10D6E00026FB06460D4650465946019A00F02EFB91
:10D6F00010EB08006141002487EA115284EAE773C5
:10D700001A4340D0009A62B3019A012A4FEA0752A5
:10D7100015DC001B61EB02014FF0004202EA0752E8
:10D72000CDE90042001C41F5801132462B4600F045
:10D7300085FC03B0BDE8F08F40462146F9E7001BA9
:10D7400061EB0201001C41F5801300185B412018B9
:10D75000A2F5001747EB030140EAD570B6196D41F9
:10D7600011E06D084FEA360645EAC0754FEA0752E8
:10D77000001B61EB0201001C41F5801149084FEAD2
:10D7800030000019514132462B4603B0BDE8F04F3E
:10D7900000F045BC0098012240000023D0EB0202BB
:10D7A00063EBE073009821464FEAE074B8EB0000A9
:10D7B00061EB0401E9E783F000435BE781F000419E
:10D7C00058E72DE9FE4F81EA030404F0004421F0FC
:10D7D000004100944FF0000B23F0004350EA010495
:10D7E0005ED052EA03045BD0C3F30A54C1F30A5576
:10D7F0002C44A4F2F3340194A0FB0254C1F31301AE
:10D8000041F48011C3F3130343F4801301FB02447A
:10D8100000FB034E840A970A44EA815447EA83577F
:10D82000A4FB076802958D0A05FB07854FEA932C38
:10D8300004FB0C542705029D4FEA065847EA1637A9
:10D84000B5EB08056EEB070C870E920E47EA8117C1
:10D8500042EA8312A7FB0201B6EB0B0164EB000462
:10D860002B0D43EA0C335E1844EB1C50DA4651464C
:10D87000E7FB0201C5F313044FEA0B3343EA1453E9
:10D880004FEA0432019C43EA0603A4F10C0402941B
:10D89000009CCDE900B400F0D1FB03B0BDE8F08FEF
:10D8A00000200146F9E72DE9F04D81EA030404F078
:10D8B000004B21F0004514464FF0000A23F00041D0
:10D8C00050EA050220D054EA01021DD0C5F30A57E0
:10D8D0000246C5F31303C1F31300C1F30A5640F423
:10D8E000801543F48013A7EB0608101BD64608F2F8
:10D8F000FD3873EB050002D308F1010801E092182E
:10D900005B41B8F1000F03DA00200146BDE8F08D5D
:10D9100000204FF48011064684460EE0171B73EB7F
:10D92000050705D3121B63EB050306434CEA010C04
:10D9300049084FEA300092185B4150EA0107EDD1E7
:10D9400052EA030012D082EA040083EA0501084388
:10D9500005D0101BAB4106D20122002306E00022B5
:10D960004FF0004302E06FF0010253101AEB060083
:10D970004CEB085110EB0A0041EB0B01BDE8F04DF8
:10D9800000F04DBB70B521F0004303430CD0C1F350
:10D990000A550024D5EB040564EB0403D617AD1A31
:10D9A000B34102DB0020014670BD201841EB02515B
:10D9B00070BDC10F80EAE0700844CA0796230021B9
:10D9C00000F0FFBA96230022114600F0FABAF0B434
:10D9D000CA17CB0F50405140C61841F100054FEA1D
:10D9E000C372314628004FF0960303D0B623F0BC33
:10D9F00000F0E7BA30460021F9E70EB5C10F80EA22
:10DA0000E0700844CA07002140F233438DE80E005D
:10DA10000A460B4600F012FB03B000BD0EB540F203
:10DA2000334102910021CDE900110A460B4600F076
:10DA300005FB03B000BD3EB5CA17CB0F0024504014
:10DA40005140C0186141DA0740F233430094CDE9F8
:10DA500001232246234600F0F1FA03B030BD0EB593
:10DA600040F2334202920022CDE90022134600F038
:10DA7000E5FA03B000BD00F0004220F00040C10D07
:10DA8000C0F3160040F400007F2901DA002070473F
:10DA9000962903DCC1F19601C84001E0963988401F
:10DAA000002AF4D04042704720F00040C10DC0F37E
:10DAB000160040F400007F2901DA00207047962903
:10DAC00003DCC1F19601C840704796398840704721
:10DAD00070B5C1F30A5201F000450024C1F31301EF
:10DAE00040F2FF3341F480119A4201DA002070BD08
:10DAF00040F233439A42A2F2334203DC5242FFF730
:10DB00003DFC00E090402C43F1D0404270BDC1F399
:10DB10000A5210B5C1F3130140F2FF3341F48011F2
:10DB20009A4201DA002010BD40F233439A42A2F239
:10DB3000334203DC5242FFF721FC10BD904010BD80
:10DB400070B5C1F30A5201F000450024C1F313017E
:10DB500040F2FF3341F480119A4202DA002001467C
:10DB600070BD40F233439A42A2F2334203DC524288
:10DB7000FFF704FC01E000F0DAF82C43F0D00023BA
:10DB8000D0EB030063EB010170BDC1F30A52C1F396
:10DB9000130140F2FF3341F480119A4202DA00206F
:10DBA0000146704740F233439A42A2F2334202DC0C
:10DBB0005242FFF7E3BB00F0BAB800F0004230F089
:10DBC00000400AD0C10D01F56071C0F3160042EAB1
:10DBD0000151C208400711437047002001467047B9
:10DBE00030B5041E71F1000404DB4FF000444042E4
:10DBF00064EB0101141E73F1000405DB1C464FF0B9
:10DC00000043524263EB04038B4208BF824230BDA3
:10DC100030B5041E71F1000404DB4FF000444042B3
:10DC200064EB0101141E73F1000405DB1C464FF088
:10DC30000043524263EB0403994208BF904230BD57
:10DC400001F0004330B421F0004150EA010206D057
:10DC50000A0DA2F56072C1F31301002A02DC30BC88
:10DC600000207047440F44EAC104C100E01830BCF2
:10DC700000EBC25000F09CB9002801DBC0F100406D
:10DC8000002901DBC1F1004181427047002801DB1E
:10DC9000C0F10040002901DBC1F10041884270471A
:10DCA00030B50B46014600202022012409E021FA6C
:10DCB00002F59D4205D303FA02F5491B04FA02F569
:10DCC0002844151EA2F10102F1DC30BD2DE9F05F00
:10DCD0000546002092469B468846064681464024DB
:10DCE0001BE02846414647462246FFF747FB53467E
:10DCF0005A46C01A914110D311461846224600F0E8
:10DD000016F82D1A67EB01084F4622460120002124
:10DD100000F00DF817EB00094E41201EA4F101049C
:10DD2000DFDC484631462A464346BDE8F09F202ABC
:10DD300004DB203A00FA02F1002070479140C2F162
:10DD4000200320FA03F3194390407047202A06DB92
:10DD5000CB17203A41FA02F043EAE07306E041FAB9
:10DD600002F3D040C2F120029140084319467047A7
:10DD7000004870478C0F010810B50446FFF7F8FF04
:10DD80000068005D00F0010010BD2DE9F05F8246E3
:10DD90000078002715468B460AF10104B946302861
:10DDA00001D09DB113E014F8010B0127782803D0AE
:10DDB000582801D045B10AE00DB1102D07D1002738
:10DDC000102514F8010B02E0082500E00A250026C2
:10DDD000B0460EE005FB080005FB06F1012701EB4C
:10DDE00010461FFA80F8B6F5803F00D3B94614F804
:10DDF000010B294600F016FA0028EBDABBF1000F00
:10DE000005D00FB1641E00E05446CBF80040B9F1D4
:10DE1000000F06D000F0C6FC02210160C81EBDE85C
:10DE2000F09F48EA0640FAE70FB4002300B589B036
:10DE30000CA900910B996FF00042CB601E4B06932A
:10DE40001E4B07930423CDE901321D4A0892024676
:10DE50006B46002000F088FA09B05DF814FB70B53D
:10DE600086B006464FF0FF300091CDE90101002059
:10DE700015460C4604903246694604A8FFF7D4FFC5
:10DE800002460498211825B108B1084600E0204652
:10DE90002860049800280DD0002A02DD00988842EE
:10DEA00008D0081B0094CDE901043246694604A855
:10DEB000FFF7BAFF06B070BDA1E50008BFE5000896
:10DEC00079DD00082DE9F04791460F46804604466B
:10DED000002614F8015B2DB1FFF74AFF0068405D92
:10DEE000C007F6D12B2D02D02D2D18D0641E4A4626
:10DEF00039462046FFF749FF27B13968A14201D1D1
:10DF0000C7F8008071054FF002040BD5404200288D
:10DF100003DD00F047FC0460A007BDE8F08746F48D
:10DF20008066E4E70028F8DA00F03CFC04606FF05B
:10DF30000040F2E72DE9F05F93460F468046044625
:10DF4000002600F02FFCD0F80090824614F8015B08
:10DF50002DB1FFF70DFF0068405DC007F6D12B2DF6
:10DF600002D02D2D1FD0641E0021CAF800105A4681
:10DF70003946204600F034FB024627B13868A042FB
:10DF800001D1C7F80080DAF8000002280ED0CAF8E4
:10DF9000009070050AD500200346D2EB000063EB29
:10DFA0000101BDE8F09F46F48066DDE71046F8E722
:10DFB0000029A8BF7047401C490008BF20F001009D
:10DFC000704710B4B0FA80FC00FA0CF050EA01047B
:10DFD00004BF10BC704749B1CCF1200421FA04F40D
:10DFE00011FA0CF118BF012121430843A3EB0C01E6
:10DFF000CB1D4FEA00614FEA102042BF002010BC49
:10E00000704700EBC35010440029A4BF10BC7047F8
:10E01000401C490008BF20F0010010BC704710B53B
:10E02000141E73F1000408DA401C41F1000192183B
:10E030005B411A4301D120F0010010BD2DE9F04DE4
:10E0400092469B4611B1B1FA81F202E0B0FA80F239
:10E0500020329046FFF76BFE04460F4640EA0A0066
:10E0600041EA0B0153465A46084313D0114653EA7E
:10E07000010019D0C8F140025046FFF77FF905466C
:10E080000E46504659464246FFF751FE084305D01A
:10E09000012004E020463946BDE8F08D002005430C
:10E0A00046EAE0762C4337430A986305E40AA0EB7E
:10E0B00008000022FD0A44EA47540A3002D5002035
:10E0C0000146E9E7010510196941DDE90845001934
:10E0D0006941BDE8F04DA2E72DE9F04D00231A4655
:10E0E0001B1A8A4103DB00200146BDE8F08DC1F315
:10E0F0000A52C1F3130141F480154FF0000BD10710
:10E1000002D100186D41521E0027044640F2FF1153
:10E11000384601EB620A3E468046024600204FF434
:10E120008011FFF72BF9C2197141BB1846EB0100B2
:10E13000B4EB030C75EB000C04D3E41A65EB00059B
:10E1400017460E46241908F101006D418046342817
:10E15000E3DDF91946EB0600091BA84103D24FF095
:10E16000FF32134601E0002213461BEB070046EB8B
:10E170000A51BDE8F04DFFF752BF2DE9FE4FC3F342
:10E180000A5701F000450024C1F30A56C3F31303F4
:10E19000C1F3130143F4801312EB020AA64641F4C3
:10E1A0008011009543EB030CA7F1010B16E0B0EBD7
:10E1B0000A0061EB0C01071E71F1000707DA4FF04E
:10E1C0000008D0EB080085F0004568EB0101171A44
:10E1D00073EB0107EBD3761E001849415E45F6DA72
:10E1E00050EA010209D0CDE900E50022134602966B
:10E1F000FFF724FF03B0BDE8F08F20460099F9E750
:10E20000064C074D06E0E06840F0010394E8070083
:10E2100098471034AC42F6D3F1F76CFF4C13010869
:10E220006C1301083A2800D2303820F02002412A2D
:10E2300001D3A2F13700884201D34FF0FF3070477D
:10E240002DE9FF4F087883B09946FF2805D0491C77
:10E250002D2804D00024002008E000200BE0012439
:10E26000F9E700EB800003EB4000491C0B78FF2B23
:10E27000F7D104B1404200230293147819461D4699
:10E280002D2C01D02B2C04D1521C2D2C13D000246A
:10E290000294AA461478FF2C0FD00A25A3FB057818
:10E2A00001FB05814FF0000C03FB0C11521CE3191C
:10E2B0004AEB0101EEE70124EAE7814453EA010059
:10E2C00002D019F5C87F06DA03980021C0E90011D1
:10E2D00007B0BDE8F08F0025AE4E2F46DFF8B882BC
:10E2E0001846FFF7BCFBCDE90001B9F1000002DAE6
:10E2F000C9F1000400E004460023A74A1AEB030B0F
:10E3000042EB045A12E0E00707D02A46334638466B
:10E310004146FFF756FA074688462A4633461046D6
:10E320001946FFF74EFA05460E466410002CEAD156
:10E33000DDE90001B9F1000F5A46534606DAFFF74E
:10E34000B2FA3A464346FFF7AEFA05E0FFF739FA6C
:10E350003A464346FFF735FA029A0AB181F0004186
:10E36000039AC2E90001B3E72DE9FF4F1F468DB0C4
:10E37000D7E901464FF0FF382E2045464FF00009FF
:10E380000B90B9696D1C0E988847396A8246884798
:10E390000028F6D1BAF1FF3F0AD024F4D064002E51
:10E3A00011DDBAF12B0F08D0BAF12D0F0BD102E01D
:10E3B000404611B08DE744F48064B9696D1C0E9835
:10E3C00088478246761E6946600501D52D2000E00B
:10E3D0002B208DF8000001F1010B0DF1200809E060
:10E3E000B9696D1C0E98884782460F9844F40074F2
:10E3F000761E0560002E02DDBAF1300FF0D00B99C9
:10E400008A453ED144F0800406E00F99681CA9F1CA
:10E41000010944F400740860B9696D1C761E0E98F9
:10E42000884782463028F0D02BE00B998A4505D1E9
:10E43000200603D444F08004761E18E0504600F015
:10E4400017FB08B30DF11301761E44F400748B45DD
:10E4500008D2AAF130000BF8010B200607D5A9F16C
:10E46000010003E0200602D409F101008146A00565
:10E4700002D50F99681C0860B9696D1C0E98884711
:10E480008246002ED1DC53E0002E51DDBAF1650F3B
:10E4900002D0BAF1450F4BD1A00549D5B9696D1C21
:10E4A00024F44074761E0E9888478246002E0CDDB8
:10E4B0002B2804D0BAF12D0F07D144F48074B96928
:10E4C0006D1C0E9888478246761EE00501D52D21E9
:10E4D00000E02B2108F8011BCDF82C8021E00DF184
:10E4E0002901761E44F4007488450CD2AAF130004C
:10E4F00010F0FF0088F8000002D10B99884509D977
:10E5000008F1010806E0E00501D5244801E042F2E7
:10E510000F708146B9696D1C0E98884782460F9826
:10E520000560002E04DD504600F0A2FA0028D6D186
:10E53000F9690E988847FF208BF8000088F80000E2
:10E540000020069007904B466A4608A906A8FFF7E8
:10E5500077FEA00502D46FF001002AE714F0240F23
:10E560000AD0E00714D1DDE906123868031D3B60CC
:10E570000068C0E900120BE0DDE90601FFF760FB6F
:10E580000146E00704D13868021D3A600068016066
:10E5900028460EE7000014400000F03FF1D8FFFFCE
:10E5A000426842B1016811F8013B23B1521EC0E933
:10E5B0000012184670470121C160881E70474268EA
:10E5C0005AB1C368016843B983688B4205D0491EBC
:10E5D000521CC0E90012002070474FF0FF30704716
:10E5E0002DE9F74F4FF00009009C1546CA4614F874
:10E5F000010B302801D0ADB115E014F8010B4FF03C
:10E600000109782803D0582801D04DB10BE00DB195
:10E61000102D08D14FF00009102514F8010B02E06D
:10E62000082500E00A2500273E46B8464FEAE57B6C
:10E6300016E0A5FB07230BFB073105FB080005FBD4
:10E640000616030CD71846F100061FFA80F8381E8C
:10E650004FF0010976F5803000D3CA4614F8010B5B
:10E660002946FFF7DFFD0028E3DA019838B1B9F158
:10E67000000F01D0641E00E0009C01980460BAF114
:10E68000000F08D000F08EF802210160C81E01467C
:10E6900003B0BDE8F08F310441EA174148EA074072
:10E6A000F6E770B58C1810F8015B15F0070301D17F
:10E6B00010F8013B2A1106D110F8012B03E010F8E5
:10E6C000016B01F8016B5B1EF9D12B0705D4002308
:10E6D000521E0DD401F8013BFAE710F8013BCB1AAA
:10E6E000921C03E013F8015B01F8015B521EF9D59F
:10E6F000A142D8D3002070BD0FB41CB50246002043
:10E7000007AC00290BD0491ECDE90021054B6A4614
:10E710002146069800F0B4F9009A002111701CBC43
:10E720005DF814FBAFF100080FB4084B10B504A955
:10E7300002AA039800F0A4F9044602A9002000F000
:10E7400041FD204610BC5DF814FB0000C5F1000837
:10E750007CB5044600201D46164600290BD0491EF4
:10E76000CDE90041044B6A462946304600F088F95D
:10E77000009A002111707CBDAFF10008490050EAF9
:10E78000C12018BF04204A0D18BF40F0010040F21C
:10E79000FF72B2EB515F08BF40F00200012808BFD2
:10E7A0000520704700487047741400202DE9F0419F
:10E7B0004F1E00EBC7010446D1E9000115461E4675
:10E7C00037F006020DD02A463346FEF7FAFF7F1EC9
:10E7D00004EBC703D3E90023FEF74CFF37F0060232
:10E7E000F1D1022F25D0042F13D0062F18BFBDE87A
:10E7F000F0812A463346FEF7E4FFD4E90A23FEF708
:10E8000039FF2A463346FEF7DCFFD4E90823FEF73A
:10E8100031FF2A463346FEF7D4FFD4E90623FEF73C
:10E8200029FF2A463346FEF7CCFFD4E90423FEF73E
:10E8300021FF2A463346FEF7C4FFD4E90223FEF740
:10E8400019FF2A463346FEF7BCFFD4E90023BDE892
:10E85000F041FEF70FBF00000022134610460149A9
:10E86000FFF721B80000F03F0122FFF78BB8FEF759
:10E8700001BF0022134610461146FFF714B840F2BC
:10E88000013200204FF0E041FFF77CB8024A00203F
:10E890001107FFF777B8000001FDFFFF00214FF0DF
:10E8A0007E50FEF79DBE0121FEF7D8BE002108462E
:10E8B000FEF796BE014800687047000074140020FF
:10E8C00002E008C8121F08C1002AFAD17047704739
:10E8D000002001E001C1121F002AFBD17047000097
:10E8E0000149086070470000741400202DE9FF5FA3
:10E8F00082B00021DDE90430020DDDF840B00343B1
:10E9000018D044F61050A2F2FF3242431514119869
:10E9100001281FD0A5EB0B00401C5FEA000A4FF056
:10E9200000064E4FDFF83891B046504615D5CAF173
:10E93000000413E0119801244AA3012801D16FEAD1
:10E940000B010298119AC0E90031C0E9024206B0F9
:10E95000BDE8F09FCBF10000DFE704460021404A0C
:10E96000491842EB0450CDE9001012E0E00707D04F
:10E9700032463B4640464946FEF723FF80468946DD
:10E9800032463B4610461946FEF71BFF06460F4629
:10E990006410002CEAD1DDE90401DDE90023BAF1BD
:10E9A000000F06DAFEF70DFF42464B46FEF709FF61
:10E9B00005E0FEF778FF42464B46FEF774FF04463B
:10E9C0000E460022284BFFF723F903D84FF0FF3003
:10E9D000014607E00022254B20463146FEF74AFE5D
:10E9E000FFF7D3F8102409E0002C0ADB0A220023E9
:10E9F000FFF76CF9039B30321A55641E50EA01028E
:10EA0000F2D1641C039AC4F111031444119A012A2F
:10EA100003D0012208430DD10AE0084304D00020AE
:10EA20004FF0110B119072E7A3EB0B056D1E0DE07B
:10EA30005B4504DD4FF0000205F1010504E003DA57
:10EA40004FF00002A5F10105002AECD002981199BF
:10EA5000C0E90231C0E9004579E700000000144038
:10EA60000000F03F300000000000F0430000E03FF5
:10EA700030380A2801D2012070470020704700007A
:10EA80002DE9FF4F95B09B468946064600250FE2CB
:10EA9000252877D100242746F84A0121059400E073
:10EAA000044316F8013F203B01FA03F01042F7D16E
:10EAB00030782A2811D06FF02F033078A0F130027F
:10EAC000092A16D8059A44F0020402EB820203EBED
:10EAD00042021044761C0590EFE759F8042B05928A
:10EAE000002A03DA504244F40054059044F0020432
:10EAF000761C30782E2816D116F8010F44F0040445
:10EB00002A280DD06FF02F023078A0F13003092BA6
:10EB100009D807EB870302EB4303C718761CF3E71A
:10EB200059F8047B761C30786C280FD006DC4C2812
:10EB300017D068280DD06A2814D104E0742810D0AA
:10EB40007A280FD10DE044F400140AE044F4801454
:10EB500001E044F440147278824202D104F580143A
:10EB6000761C761C307866280BD013DC582877D0BA
:10EB700009DC002875D04528F6D04628F4D047286F
:10EB80001AD19DE118E0632835D0642879D0652832
:10EB900012D195E1702873D008DC6728F1D069287C
:10EBA0006FD06E280DD06F2806D1B5E073282CD019
:10EBB000752875D0782874D05A46179990476D1CDF
:10EBC00075E1C4F30250022809D003280DD0D9F80A
:10EBD000001004280DD00D6009F1040967E1D9F88F
:10EBE0000010EA17C1E90052F6E7D9F800100D80CD
:10EBF000F2E70D70F0E719F8041B8DF80010002003
:10EC00008DF80100EA46012003E059F804AB4FF00B
:10EC1000FF3061074FF0000102D40DE008F101015F
:10EC20008846B9420FDA8045F8DB1AF80810002947
:10EC3000F4D108E008F1010188468142FADB1AF8B4
:10EC400008100029F6D105985B46A0EB080721467D
:10EC50003846179A00F094FA284400EB080507E0BC
:10EC60004DE029E10DE01AF8010B5A46179990473B
:10EC7000B8F10108F7D25B4621463846179A13E1EE
:10EC800042E00A220092C4F302524FF0000A022A24
:10EC900008D059F804CB032A4FEAEC710AD00DE0F2
:10ECA00029E02AE009F1070121F00702F2E802C198
:10ECB000914609E00FFA8CFC4FEAEC71042A03D16B
:10ECC0004FFA8CFC4FEAEC71002907DA0A46002162
:10ECD000DCF1000C61EB02012D2202E0220504D5DB
:10ECE0002B228DF80420012203E0E20701D020222C
:10ECF000F7E7904659E00A2102E010220DE01021CA
:10ED00004FF0000A00910BE010224FF0000A44F08F
:10ED100004040827009203E008224FF0000A009242
:10ED2000C4F30252022A05D059F804CB0021032A69
:10ED300008D009E009F1070121F00702F2E802C159
:10ED4000914605E01FFA8CFC042A01D10CF0FF0C5F
:10ED50004FF00008220728D5702806D0009B83F0CA
:10ED6000100353EA0A0305D00EE040228DF8042078
:10ED7000012208E05CEA010206D030228DF804206E
:10ED80008DF8050002229046009B83F0080353EAA9
:10ED90000A030AD15CEA010201D1620705D53022DB
:10EDA0008DF804204FF001087F1E582804D034A0AD
:10EDB00003900EA802900DE036A0F9E75346604696
:10EDC000009AFEF783FF84460398825C0298401EF7
:10EDD000029002705CEA0100F0D1029806A9081ABC
:10EDE00000F1200A600702D524F4803400E00127F6
:10EDF000574502DDA7EB0A0000E0002000EB0A0106
:10EE0000009005984144401A0590E00306D45B4603
:10EE10002146179A059800F0B3F90544002706E04B
:10EE200001A85A46C05D179990476D1C7F1C474545
:10EE3000F6DBE0030CD55B462146179A059800F0F7
:10EE40009FF9054404E030205A46179990476D1CFD
:10EE50000099481E00900029F5DC08E0029802990C
:10EE60005A460078491C0291179990476D1CBAF1D7
:10EE70000001AAF1010AF1DC65E1000009280100A6
:10EE80003031323334353637383961626364656620
:10EE900000000000303132333435363738394142E2
:10EEA000434445460000000000F058F90544761C34
:10EEB000307800287FF4ECAD19B02846BDE8F08F1B
:10EEC000620700D4062709F1070222F0070CFCE8CC
:10EED0000223E14603F000485FEA080C02D00FF27B
:10EEE000702C0DE05FEA045C02D50FF2682C07E09D
:10EEF0005FEAC47C02D00FF2602C01E0AFF2700C2C
:10EF00004FF0FF3823F00043CDF850C065280CD0F7
:10EF100006DC452809D046281DD047283DD13DE0D4
:10EF2000662818D067287ED138E00021112F01DB38
:10EF3000112000E0781CCDE9000106A90EA8FFF71A
:10EF4000D5FCDDE90F010E9A03910021009207F133
:10EF5000010A04914DE04FF000400097CDE9011007
:10EF600006A90EA8FFF7C2FCDDE90F0203920E9B73
:10EF700011990022DDF80CA00093049211B9791CBC
:10EF800000EB010AB7EB0A0004D4C0F1FF3007F12F
:10EF9000010A0490AAEB0700019044E0012F00DA77
:10EFA00001270021112F01DD112000E03846CDE9B5
:10EFB000000106A90EA8FFF799FCDDE90F010E9AE2
:10EFC0000391002104910092BA4621070CD40399C1
:10EFD000514500DA8A46BAF1010F05DD009AAAF11F
:10EFE0000101515C302908D0B84202DA10F1040F57
:10EFF00006DA0121CDE9011015E0AAF10101E9E7E6
:10F00000002805DC049901440491AAEB000102E008
:10F01000411C514500DD8A460499401A401C01906C
:10F020004FF000400290200704D40198504501DBC6
:10F03000CDF8048000208DF84F0002980DF14F07A5
:10F04000B0F1004F25D02B200E9002984FF002080F
:10F0500000280CDA404202902D200E9007E00A2191
:10F060000298FEF71DFE3031029007F8011DB8F13D
:10F070000001A8F10108F2DC02980028EFD1791E06
:10F080000E980870307800F0200040F0450007F836
:10F09000020D12A8C01B00F107081498007800B1F7
:10F0A000012000EB0A01019801EBE0710598414451
:10F0B000401A401E0590E00306D45B462146179A8D
:10F0C000059800F05DF805441498007818B15A4688
:10F0D000179990476D1CE00324D55B462146179A8B
:10F0E000059800F04DF805441CE00498002807DB63
:10F0F000DDE90301884203DD0098405C179901E0D7
:10F10000179930205A469047049805F10105401C94
:10F1100004900198401E019004D12E205A46179960
:10F1200090476D1CBAF10001AAF1010ADDDC05E08F
:10F1300017F8010B5A46179990476D1CB8F100015A
:10F14000A8F10108F4DC5B462146179A0598ABE666
:10F150002D0000002B000000200000002DE9F041F0
:10F16000044600251E461746880404D405E03946A7
:10F170002020B0476D1C641EF9D52846BDE8F081FB
:10F180002DE9F041044600251E469046C80301D5EE
:10F19000302700E02027880404D505E041463846A2
:10F1A000B0476D1C641EF9D52846BDE8F0814A6859
:10F1B000002A06D00A68531C0B6010704868401E75
:10F1C000486070470A68531C0B601070704700005D
:10F1D0002DE9F04D8D4F21F0004A86B005460C46D2
:10F1E000BA452ADBAAEB070028430AD088488245A3
:10F1F00001DC1AD1CDB106B02846BDE8F04DFFF7CD
:10F2000033BB844A844B2846FEF7DBFA07460E469A
:10F21000824A834B28462146FEF7D3FA06B03A4687
:10F220003346BDE8F04DFEF725BA0120FFF758FB45
:10F2300006B0BDE8F04DFFF71CBB7A48824542DAC4
:10F24000BAF1795F0BDA2846FFF798FA042808BF6D
:10F25000FFF71CFB284606B02146BDE8F08D2A4684
:10F260000B461046FEF7ADFA834602466E480E4640
:10F270000B4606217844FFF799FA5A463346FEF7C3
:10F28000A0FA804669488A465A46334604217844A3
:10F29000FFF78CFA5A463346FEF793FA00223B46B4
:10F2A000FEF7E8F902460B4640465146FEF7FBFAE8
:10F2B0002A462346FEF785FA06B02A462346BDE8CD
:10F2C000F04DFEF7D7B9284624F0004100223D4614
:10F2D0003B46FEF773FA4FF0FF32FEF753FB06464C
:10F2E000024653480F460B4606217844FFF75EFA64
:10F2F00032463B46FEF765FACDE900014D483246FD
:10F300003B4604217844FFF751FA32463B46FEF76C
:10F3100058FA00222B46FEF7ADF98346029130469B
:10F32000394601F00BF8804643480D46504517DC3E
:10F33000DDE900015A46029BFEF7B5FA42462B462C
:10F34000FEF73FFA42462B46FEF794F90122FEF7FC
:10F3500019FB304A304BFEF72EFA304A304B4CE066
:10F360004FF0000A52460B464046FEF783F9CDE9BE
:10F37000031052462B4610461946FEF722FA324633
:10F380003B46FEF71BFADDE90332FEF78CFA064630
:10F390000F46DDE900015A46029BFEF784FA8346D8
:10F3A0000091012230463946FEF7ECFA194A1A4B11
:10F3B000FEF704FA06460F46012240462946FEF7AC
:10F3C000E1FA5A46009BFEF7FCF932463B46FEF74F
:10F3D000F2F906460F46012250462946FEF7D2FAB8
:10F3E0000E4DDFF858802A464346FEF7E7F93246CD
:10F3F0003B46FEF7E3F92A464346FEF7DFF9002CC9
:10F40000D8BF81F0004106B0BDE8F08D0000F03FAC
:10F410000000F07F075C143326A6913C182D44545D
:10F42000FB21F93F0000E03FD81A0000EE1A00006F
:10F43000621A0000781A00003333EF3FFB21E93FE6
:10F440002DE9F84F04460D4621F000400091734924
:10F45000814211DC7249884201DC06D12CB1204680
:10F460002946BDE8F84FFFF7FFB96E48002DCCBF25
:10F470006D496E49BDE8F88F6D49814211DD6D49D6
:10F480008142D8BF4FF0FF366DDD20462946FFF799
:10F4900075F9042808BFFFF7F9F920462946BDE8A9
:10F4A000F88F6549654F25F00045814233DD644999
:10F4B000814219DD002632464FF08043204629461E
:10F4C000FEF7D8F880468A46012220462946FEF7F4
:10F4D00059FA00223B46FEF76EF942465346FEF7C4
:10F4E000E2F904460D463EE001260022BA463B46BC
:10F4F00020462946FEF7BEF880460F4600225346B6
:10F5000020462946FEF757F942463B46FEF7CBF91F
:10F5100004460D4627E04B4981421BDDDFF828A158
:10F5200002260022534620462946FEF74AF90022C9
:10F530003B46FEF79FF880460F4600225346204682
:10F540002946FEF738F942463B46FEF7ACF9044639
:10F550000D4608E0032622462B4600203B49FEF7D5
:10F56000A2F904460D4622462B4610461946FEF7E0
:10F5700028F98B46824602460B46FEF722F90746DB
:10F580000246334888460B4606217844FFF70EF9B9
:10F5900052465B46FEF715F982462E488B463A46A0
:10F5A000434605217844FFF701F93A464346FEF702
:10F5B00008F902460B46002E504659460CDAFEF773
:10F5C00059F822462B46FEF7FCF801B022462B469E
:10F5D000BDE8F04FFEF7F2B8FEF74CF822462B4696
:10F5E000FEF7EFF81C4A7A4402EBC603D3E9002386
:10F5F000FEF7E1F822462B46FEF7DDF8174A7A447B
:10F6000002EBC603D3E90023FEF7D8F8009A002ADC
:10F61000B8BF81F00041BDE8F88F00000000104441
:10F620000000F07F182D4454FB21F93FFB21F9BF66
:10F630000000DC3F0000203E0000F33F0000F03FF0
:10F640000000E63F008003400000F83F0000F0BFEC
:10F650007A18000038180000D61700009E17000026
:10F6600030B583B00446FFF725F905460020CDE903
:10F670000000024621466846FEF7F1FB2846FFF7E8
:10F680002FF9DDE9000103B030BD00002DE9F041A4
:10F69000C0F3C751A1F17F050446172DA8BFBDE8EF
:10F6A000F0814FF07F471549002D0EDAFDF70EFF70
:10F6B000B7EB400F1ED300281CDD002CC8BF4FF055
:10F6C0007E54B8BF4FF0004414E00D4A22FA05F60C
:10F6D000344208BFBDE8F081FDF7F8FEB7EB400FFC
:10F6E00008D3002806DD002C03DD4FF40000E840BD
:10F6F0000444B4432046BDE8F0810000CAF24971D9
:10F70000FFFF7F0070B514461D460E46002814BF4B
:10F7100001210021314321F00041C1F17F6101F15C
:10F72000E041C90F16D1002C14BF0121002129434B
:10F7300021F00041C1F17F6101F1E041C90F09D120
:10F740001449B1EB460F08BF00281CD0690008BF60
:10F75000002C18D03146FEF710FD024640F2FF7033
:10F7600030EA11500DD0F017B0EBE17F09D0084618
:10F7700065F31E0084460B4620466146FEF71EF8E0
:10F780000246104670BD0120FFF7AAF8BDE87040A0
:10F79000FFF76FB80000E0FF38B504468DF80000B1
:10F7A00069460320ABBE204638BD00002DE9F0417C
:10F7B0000026A0F50001B1F1FE4F7DD200F5002238
:10F7C0006FF07E0101EBE251C2F3025477184FF063
:10F7D0007E52A0EBC15602EB045557EA040047D015
:10F7E00029463046FDF772FE804629463046FDF731
:10F7F000BFFE4146FDF7F4FE05460146FDF7BEFE9D
:10F8000080464A49FDF7BAFE4949FDF75FFE0646C4
:10F8100041462846FDF7B2FE3146FDF7AFFE0646EB
:10F820003846FEF7C6F807464249FDF7A7FE4249AB
:10F83000794451F82410FDF749FE3146FDF746FEA4
:10F8400006463E492846FDF799FE3146FDF73EFE45
:10F85000054638463A49FDF791FE3A49794451F850
:10F860002410FDF733FE2946BDE8F041FDF72EBE1A
:10F870004FF07E513046FDF77BFE05463249FDF7DD
:10F880007DFE3249FDF722FE2946FDF777FE30491D
:10F89000FDF71CFE2946FDF771FE2E49FDF716FE09
:10F8A000044629460846FDF769FE2146FDF766FE37
:10F8B00004462949284600E00EE0FDF75FFE214698
:10F8C000FDF704FE044625492846FDF757FE21466C
:10F8D000BDE8F041FDF7FABD4FF07F42B2EB400FBB
:10F8E00003D2BDE8F041FEF7DEBFB0F1FF4F08BF25
:10F8F000BDE8F081B0F1004F06D90120FEF7F0FF1E
:10F90000BDE8F041FEF7D2BF30F0004105D06FF006
:10F9100016061721FDF7A2FE50E70220FEF7E0FFD2
:10F92000FEF7BCFF80F00040BDE8F081DE02323E11
:10F930003B3D943EFC849A3624160000D95B5E3F22
:10F9400000209A3ED8150000924FA93D7279DEBD85
:10F950002D3E143ED85B5EBE157B4B3C0000D83E6E
:10F960002DE9F04D1D460C4698B0174621F0004198
:10F9700023F00043002814BF4FF0010C4FF0000C9F
:10F980000CEB440CFE4A0CEB02064FEA620C664597
:10F990002BD33E0018BF012606EB45061644F94A54
:10F9A000964222D3F84A53EA070C02D0944205D17A
:10F9B00048B918B000201146BDE8F08D002808BFF6
:10F9C0004FF0000C01D04FF0010C0CEB440212F58B
:10F9D000001F0AD8002F14BF4FF0010C4FF0000C8D
:10F9E0000CEB450212F5001F07D918B03A462B461A
:10F9F0002146BDE8F04DFEF73ABF0022DFF88CA3A8
:10FA0000002CB8BF534526DADFF884C36345A8BF8E
:10FA1000022220DADFF870C39C451CDCDFF874C3D7
:10FA20000CEB235CBCF1140F08DDCCF1340627FA93
:10FA300006FC0CFA06F6BE420DD108E05FB9CCF127
:10FA4000140623FA06FC0CFA06F69E4203D10CF0CB
:10FA50000102C2F1020251EA000C19D1002D17DA9D
:10FA6000002C18BF022A01D0012A07D00220FEF77D
:10FA700037FF18B0BDE8F04DFEF7EEBE0220FEF7EE
:10FA80002FFFFEF7E9FE18B081F00041BDE8F08DD0
:10FA9000B7F1000C6CD1534525D104F1804212F529
:10FAA000801201BF00280020B74918B008BFBDE888
:10FAB000F08DB548884207DC002DA1BF604629467D
:10FAC00018B0BDE8F08D07E0281E05DA80F000418F
:10FAD00018B06046BDE8F08DAF497944D1E9000126
:10FAE00018B0BDE8F08DDFF8A0C2634525D1002D28
:10FAF0001FDA19B1514512D1D8B909E0002840F0F8
:10FB0000EC82A24A214618B062F31E01BDE8F08DD6
:10FB10000020214618B060F31E01BDE8F08D08DA20
:10FB200018B02346BDE8F04D024600206146FDF7BF
:10FB3000BABE18B02146BDE8F08D514518DAB5F1CE
:10FB4000804F0DD0A5F1005CBCF1FF5C10D1B4F189
:10FB5000000C0DDB18B06146BDE8F04D00F0EEBBC7
:10FB6000234618B00246BDE8F04D1946FDF729BE00
:10FB7000060024F0004C3BD1D9B1514533D1002CC3
:10FB800006DD002DA1BF0020514618B0BDE8F08D64
:10FB9000002C01DD002D1BDB002C13DA002D11DB06
:10FBA000012A4FF0000014BF78497C4918B0BDE825
:10FBB000F08D022A18BF002C0AD0012A08D1002C8F
:10FBC00006DA0AE0002CB8BF002D11DA012A04D0B1
:10FBD000002018B00146BDE8F08D18B000204FF0AD
:10FBE0000041BDE8F08DA1F14050B0F17F601AD026
:10FBF000012000EBE47050EA020421D0624C521E56
:10FC00004FF0000B104304BF4FF0000B644C6548ED
:10FC100083427CDD644A654893421FDD884217DBDE
:10FC2000002D25DB37E0002C00DA4AB1022A0CBF98
:10FC300001204FF0FF3018B0BDE8F04DFDF7DDBEFC
:10FC40000120FEF74DFE18B0BDE8F04DFEF711BEE5
:10FC50004D4A8A4202DC002D0ADC1CE0814202DAB5
:10FC6000002D18DA04E0484B994220DD002D12DD0A
:10FC70000220FEF735FEFEF702FE05460E46002284
:10FC8000534658462146FDF79CFD18B066F31E0109
:10FC90002846BDE8F08D0220FEF722FEFEF7F6FDB5
:10FCA0000A46214618B062F31E01BDE8F08D00221D
:10FCB00030466146FDF77FFD80460E466FF001023B
:10FCC000FDF760FE4FF05532394BFDF777FD4246A8
:10FCD0003346FDF776FD0022364BFDF76FFD824679
:10FCE00042463346049110461946FDF76AFD5246D6
:10FCF000049BFDF766FD8A4600904FF0C0422E4BF4
:10FD000040463146FDF75DFD2C4A2B4B00E027E0D5
:10FD1000CDE9060151460098FDF753FD8246019159
:10FD2000274A284B40463146FDF74BFD5246019B82
:10FD3000FDF741FD82460B4602460591DDE90601CD
:10FD4000FDF798FCDDE90623002688463046FDF7DE
:10FD500032FD5246059BFDF731FD024600F07EB9AB
:10FD60000020B1F5801F07DA352230466146FDF7E5
:10FD700009FE06466FF0340000EB215024E000003D
:10FD8000FFFF1F00FFFF0F000000F03F0000F07FAB
:10FD90000000404301FCFFFF221400000000F0FFC0
:10FDA0000000F0BF0000E0410000F043FFFFEF3F24
:10FDB0005555D53F0000E03F4715F73FFE822B65C4
:10FDC00044DF5DF80BAE543EA0F2FF300190C1F36A
:10FDD000130040F07F6141F040510291FE4988429A
:10FDE000D8BF002004DDFD498142C8BF012001DDEC
:10FDF0000D9008E000200D900198401C01900298A1
:10FE0000A0F5801002900299F54878440B910D9965
:10FE100000EBC100D0E900230F9330460A920B9902
:10FE2000FDF7C9FCCDE90601DDE90A2130460F9B4B
:10FE3000FDF720FC02460B460020EA49FDF733FDA2
:10FE4000059102460B460090DDE90601FDF7B9FC7D
:10FE50001490E5488A464FF00008784402990068FB
:10FE600012904FF0005040EA61010D980F9B01EB9A
:10FE7000804000F5002109910A9A1298FDF79BFC39
:10FE800032460B9BFDF79AFC42465346FDF799FC20
:10FE90000646029140465146099B129AFDF791FC95
:10FEA000DDE90623FDF78AFC3246029BFDF783FC61
:10FEB000059B009AFDF785FC0091149A0490534627
:10FEC00010461946FDF77DFC06460246C7480B461C
:10FED000029106217844FEF769FCCDE90510029BEA
:10FEE000324610461946FDF76CFCDDE90532FDF798
:10FEF00068FC05910646534640461946149AFDF79C
:10FF0000B9FB009B049AFDF75CFC3246059BFDF7AC
:10FF1000B1FBCDE905104246534610461946FDF7A0
:10FF200050FC0022B24B02910A90FDF7A3FBDDE9E1
:10FF30000532FDF79FFB0E464246AD4B4046FDF7AE
:10FF40003AFC029B0A9AFDF736FCDDE90532FDF723
:10FF500035FC424602910A90334610465146FDF761
:10FF600030FCCDE906015346149A02990A98FDF730
:10FF700028FC8A4602903346424600990498FDF7D1
:10FF800020FC5346029AFDF775FB82460B4602465B
:10FF90000591DDE90601FDF76DFBDDE90623002093
:10FFA00088460646FDF707FC5246059BFDF706FC12
:10FFB000824609914FF060428E4B30464146FDF734
:10FFC00000FC049006918C4A8A4B50460999FDF733
:10FFD000F8FB82460291894A894B30464146FDF73B
:10FFE000F0FB5246029BFDF745FB864B7B440D9A86
:10FFF00003EBC203D3E90023FDF73CFB0E9007910E
:020000040801F1
:100000000198FDF7FAFC0591DDE9061382460E9A88
:100010000498FDF72FFB7C4A7A440D9B02EBC30347
:10002000D3E9002300930292FDF724FB5246059B7F
:10003000FDF720FB0026884652463046059BFDF71B
:10004000BAFB009B029AFDF7B6FB069B049AFDF7EC
:10005000B2FB079B0E9AFDF7B1FB024600200B4650
:10006000029038462946FDF7ACFB824601912B46AB
:1000700038461946029AFDF79EFB32464346FDF785
:10008000A0FB5246019BFDF7F5FA07468A46324629
:10009000434629460298FDF794FB05460E463A462C
:1000A0005346FDF7E7FA594A8846914221DBA8EB0F
:1000B000020353EA000210D12A463346FDF77BFBC8
:1000C000CDE90401524A534B38465146FDF7D2FA66
:1000D000DDE90423FDF79CFD21D20220FEF700FCA0
:1000E000FEF7CDFB0A46214618B062F31E01BDE8BB
:1000F000F08D494B28F000429A4210D3474A08EB52
:10010000020353EA00027FF4C6AD2A463346FDF7E8
:1001100052FB3A465346FDF77BFD7FF6BCAD00220D
:10012000019228F000403E493E4A01EB20518242B4
:1001300023DA481C4FF4801121FA00F040443A4A77
:10014000C0F30A517A44394BA1F2FF31CB4020EA87
:100150000303C0F3130040F48010C1F11401C84040
:1001600012680190B8F1000FBCBF404201902846D0
:100170003146FDF720FB05460E462A4633463846F3
:100180005146FDF777FA4FF000084246284B4046AB
:100190000591FDF716FBCDE90601264A264B4046A0
:1001A0000599FDF70EFB009102902A463346404622
:1001B0000599FDF700FB3A465346FDF7FFFA1F4A43
:1001C0001F4BFDF7FEFA009B029AFDF753FA074614
:1001D000884602460B4635E08E9803007AB60B003F
:1001E0006A1000000000F03FA2100000D00F0000D5
:1001F0000000084009C7EE3FFD033ADCF5015B143F
:10020000E02F3EBEA80E00006C0E000000009040E3
:10021000FE822B654715973C00CC904000346F3F21
:1002200001FCFFFF0000E03FB80D0000FFFF0F00E2
:10023000432EE63F396CA80C615C20BEEF39FAFE14
:10024000422EE63FDDE90601FDF714FADDE906235B
:1002500005460E46FDF7AFFA3A464346FDF7AEFABD
:100260000F462A463346009010461946FDF7A9FA74
:10027000824602462E4888460B4605217844FEF702
:1002800095FA52464346FDF79CFA2A463346FDF757
:1002900095FA80468A463B4628463146009AFDF745
:1002A00090FA3B46009AFDF7E5F90691009000228E
:1002B0004FF0804340465146FDF77DFA0F460C90C3
:1002C0004246534628463146FDF77BFA3B460C9A98
:1002D000FDF7E9FA069B009AFDF76DFA2A463346C8
:1002E000FDF769FA0022134BFDF768FA05460198FD
:1002F0000E4601EB00510815002810DC2846314657
:10030000019AFDF73FFBFEF739FA042808BFFEF714
:10031000BDFA28463146019AFDF734FB05460B46E7
:1003200018B02A4658462146BDE8F04DFDF749BAB7
:10033000580C00000000F03FFFF72EBA2DE9F04105
:1003400006460F46FDF7C8FE041E0D4618BF0120E5
:10035000284320F00040C0F17F6000F1E040C00F72
:100360000ED0301C18BF0120384320F00040C0F1EF
:100370007F6000F1E040C00F04BF0120FEF7B0FA3B
:1003800020462946BDE8F081A01001083D02000882
:100390002410010867020008C01001089302000839
:1003A0000C1001087B0200085C1001087F030008A4
:1003B000781001089D020008E41001086305000898
:1003C000F010010861040008EC0F01083504000872
:1003D000FC0F0108CD030008AC100108D905000886
:1003E000A80F01081B0600089C0F0108350700082C
:1003F000C00F010859070008900F01088B0700087B
:10040000CC1001082F080008D8100108BB0800080C
:10041000441001084709000850100108210A00088B
:100420002C100108BB0A000838100108050C000850
:1004300094100108230C000884100108410C0008E6
:1004400068100108FB0C000818100108530D000883
:10045000B40F0108710D0008CC0F0108D10D000880
:10046000DC0F01088F0D0008BC100108D50500083D
:1004700000000000000000000004A8050008500B68
:100480000010A11600200000000000000000002F56
:10049000000000000700070000147F147F140024F0
:1004A0002A7F2A120062640813230036495522501D
:1004B00000000503000000001C2241000000412252
:1004C0001C000014083E08140008083E080800003C
:1004D00000A0600000080808080800006060000034
:1004E000002010080402003E5149453E0000427FB2
:1004F0004000004261514946002141454B310018FE
:1005000014127F10002745454539003C4A494930BF
:100510000001710905030036494949360006494979
:10052000291E000036360000000056360000000884
:100530001422410000141414141400004122140861
:1005400000020151090600324959513E007C121146
:10055000127C007F49494936003E41414122007FDB
:100560004141221C007F49494941007F0909090195
:10057000003E4149497A007F0808087F0000417F1A
:100580004100002040413F01007F08142241007FCC
:1005900040404040007F020C027F007F0408107F33
:1005A000003E4141413E007F09090906003E41519C
:1005B000215E007F09192946004649494931000159
:1005C000017F0101003F4040403F001F2040201FAD
:1005D000003F4038403F0063140814630007087070
:1005E000080700615149454300007F414100005523
:1005F0002A552A55000041417F00000402010204EF
:1006000000404040404000000102040000205454DB
:100610005478007F4844443800384444442000382B
:100620004444487F00385454541800087E0901029D
:100630000018A4A4A47C007F080404780000447D72
:100640004000004080847D00007F102844000000AE
:10065000417F4000007C04180478007C0804047882
:1006600000384444443800FC24242418001824246E
:1006700018FC007C0804040800485454542000046A
:100680003F444020003C4040207C001C2040201C77
:10069000003C4030403C004428102844001CA0A0EE
:1006A000A07C004464544C4414141414141400002A
:1006B000000000000000000000000000000000003A
:1006C00000F80000000000000033300000000010BF
:1006D0000C06100C0600000000000000000040C0E6
:1006E0007840C0784000043F04043F0404000070D8
:1006F00088FC08300000001820FF211E0000F008D0
:10070000F000E018000000211C031E211E0000F074
:100710000888700000001E212324192721101016BC
:100720000E000000000000000000000000000000BB
:1007300000E018040200000000071820400000023A
:100740000418E000000000402018070000004040AE
:1007500080F0804040000202010F01020200000010
:1007600000F0000000000101011F01010100000074
:1007700000000000000080B07000000000000000D9
:100780000000000000000001010101010101000062
:1007900000000000000000303000000000000000F9
:1007A000000080601804006018060100000000E0EE
:1007B00010080810E000000F102020100F0000109B
:1007C00010F8000000000020203F202000000070F2
:1007D00008080888700000302824222130000030EA
:1007E0000888884830000018202020110E000000E2
:1007F000C02010F8000000070424243F240000F863
:100800000888880808000019212020110E0000E047
:10081000108888180000000F112020110E000038E9
:100820000808C83808000000003F00000000007001
:10083000880808887000001C222121221C0000E08A
:1008400010080810E0000000312222110F00000003
:1008500000C0C000000000000030300000000000B8
:100860000080000000000000806000000000000028
:1008700080402010080000010204081020004040C1
:100880004040404040000404040404040400000804
:1008900010204080000000201008040201000070B9
:1008A00048080808F0000000003036010000C030A1
:1008B000C828E810E0000718272423140B000000C4
:1008C000C038E0000000203C23020227382008F84E
:1008D000888888700000203F202020110E00C03042
:1008E000080808083800071820202010080008F819
:1008F00008080810E000203F202020100F0008F812
:100900008888E8081000203F20202320180008F8DD
:100910008888E8081000203F200003000000C03055
:1009200008080838000007182020221E020008F8D6
:1009300008000008F808203F210101213F2000089D
:1009400008F8080800000020203F202000000000D8
:100950000808F8080800C08080807F00000008F8C0
:1009600088C028180800203F20012638200008F8F9
:10097000080000000000203F20202020300008F860
:10098000F800F8F80800203F003F003F200008F87A
:1009900030C00008F808203F200007183F00E01092
:1009A00008080810E0000F10202020100F0008F8A1
:1009B00008080808F000203F210101010000E010B4
:1009C00008080810E0000F18242438504F0008F8D9
:1009D000888888887000203F2000030C3020007039
:1009E0008808080838000038202121221C00180837
:1009F00008F8080818000000203F2000000008F850
:100A000008000008F808001F202020201F00087898
:100A1000880000C83808000007380E010000F808F8
:100A200000F80008F800033C0700073C0300081822
:100A300068808068180820302C03032C3020083888
:100A4000C800C83808000000203F2000000010083F
:100A50000808C83808002038262120201800000087
:100A600000FE020202000000007F40404000000C37
:100A700030C000000000000000010638C000000285
:100A80000202FE000000004040407F000000000025
:100A90000402020204000000000000000000000048
:100AA0000000000000008080808080808080000244
:100AB0000204000000000000000000000000000030
:100AC0008080808000000019242222223F2008F824
:100AD000008080000000003F112020110E00000067
:100AE000008080800000000E1120202011000000F6
:100AF00000808088F800000E112020103F200000A8
:100B0000808080800000001F2222222213000080AB
:100B100080F0888888180020203F202000000000F6
:100B2000808080808000006B94949493600008F82B
:100B3000008080800000203F210000203F200080B6
:100B40009898000000000020203F202000000000B6
:100B500000809898000000C08080807F000008F826
:100B6000000080808000203F24022D3020000008FB
:100B700008F8000000000020203F202000008080B6
:100B8000808080808000203F20003F20003F8080C8
:100B9000008080800000203F210000203F200000D6
:100BA000808080800000001F202020201F00808087
:100BB00000808000000080FFA12020110E000000B6
:100BC000008080808000000E112020A0FF808080A7
:100BD00080008080800020203F2120000100000054
:100BE0008080808080000033242424241900008029
:100BF00080E0808000000000001F20200000808036
:100C0000000000808000001F202020103F208080F6
:100C100080000080808000010E3008060100808086
:100C20000080008080800F300C030C300F000080AB
:100C30008000808080000020312E0E3120008080D6
:100C400080000080808080818E7018060100008006
:100C50008080808080000021302C22213000000024
:100C60000000807C020200000000003F40400000C5
:100C70000000FF00000000000000FF000000000274
:100C8000027C800000000040403F000000000006A1
:100C90000101020204040000000000000000120133
:100CA00000020200004083044057000201020301D9
:100CB00009024300020100C03209040000010202DF
:100CC0000100052400100105240100010424020292
:100CD0000524060001070582030800FF090401003E
:100CE000020A000000070503024000000705810218
:100CF000400000040309041803480069006B006504
:100D0000007200200073007500640069006F002607
:100D1000035600690072007400750061006C0020C9
:100D20000043004F004D00200050006F007200741F
:100D3000002000200000000000F45DC60080D143C8
:100D400048E19240A60A563F000000000000000063
:100D5000555555555555C53F7D6FEB0312D6D4BF3C
:100D60005544880E55C1C93F3B8F68B52882A4BF42
:100D700088B20175E0EF493F09F7FD0DE13D023F03
:100D80004B2D8A1C273A03C0C88A599CE52A00408B
:100D900059018D1B6C06E6BF82922EB1C5B8B33FD8
:100DA0004FBB610567ACDD3F182D4454FB21E93F83
:100DB0009BF681D20B73EF3F182D4454FB21F93F72
:100DC000E2652F227F2B7A3C075C143326A6813CF8
:100DD000BDCBF07A8807703C075C143326A6913CA3
:100DE000C4EB98999999C9BF711623FEC671BCBF0F
:100DF0006D9A74AFF2B0B3BF9AFDDE522DDEADBF77
:100E00002F6C6A2C44B4A2BF0D5555555555D53F8E
:100E1000FF8300922449C23F6E204CC5CD45B73FA9
:100E2000513DD0A0660DB13FEB0D76244B7BA93F21
:100E300011DA22E33AAD903F000000000080513DFE
:100E40000070C63D00900D3E0050343E00E0573E1D
:100E500000D0783E00C08B3E000000000AD6A936C4
:100E6000431C8C37658F7338832DA236121D1F38B3
:100E7000B3756F38D2535A38000000000000F03FBD
:100E8000000000000000F83F00000000000000002B
:100E90000000004003B8E23F000000000000000036
:100EA00006D0CF43EBFD4C3E033333333333E33FC4
:100EB000FFAB6FDBB66DDB3F4D268F515555D53FF0
:100EC00001411DA96074D13F65DBC9934A86CD3FBE
:100ED000EF4E454A287ECA3F3E5555555555C53FAC
:100EE00093BDBE166CC166BF2CDE25AF6A56113F9E
:100EF000F16BD2C541BDBBBED0A4BE726937663EA0
:100F00000000000000000000004040404040404021
:100F100040404141414141404040404040404040CC
:100F20004040404040404040400502020202020270
:100F300002020202020202020220202020202020BF
:100F400020202002020202020202909090909090D3
:100F50001010101010101010101010101010101091
:100F60001010101002020202020288888888888805
:100F700008080808080808080808080808080808F1
:100F8000080808080202020240000000090F0108D8
:100F900041542B44454341240000000041542B544C
:100FA0004553544F4C45440041542B544553544CE5
:100FB0004544000041542B555345525F434D440076
:100FC00041542B44495354414E43450041542B470F
:100FD00045545557424D4F444500000041542B5352
:100FE00045545557424D4F444500000041542B474E
:100FF0004554574F524B4D4F4445000041542B53DD
:101000004554574F524B4D4F4445000041542B52CD
:101010004553544F5245000041542B5541525452B0
:101020004154450041542B534156450041542B50E7
:10103000444F414F4646000041542B524E474F46C5
:101040004600000041542B414444544147000000F5
:1010500041542B44454C54414700000041542B4718
:10106000455443464700000041542B50444F4147EC
:10107000455443464700000041542B5345544346D2
:101080004700000041542B50444F415345544346C0
:101090004700000041542B46494C54455200000083
:1010A00041542B47455456455200000041542B47AC
:1010B000455453454E534F52000000004154000028
:1010C00041542B52455354415254000041542B4734
:1010D0004554444C4953540041542B4745544B4CC0
:1010E0004953540041542B47455444455600000091
:1010F00041542B5345544445560000000D0A676582
:1011000074646576206361703A256420616E6E6454
:10111000656C61793A25642C206B616C6D616E5F42
:10112000656E61626C653A25642C206B616C6D6143
:101130006E5F513A252E33662C206B616C6D616EAB
:101140005F523A252E33662C20706172615F613ADE
:10115000252E34662C20706172615F623A252E3232
:10116000662C20706F735F656E61626C653A2564F2
:101170002C20706F735F64696D656E3A25640D0A8B
:10118000000000000D0A7365746465762063617069
:101190003A256420616E6E64656C61793A25642C31
:1011A000206B616C6D616E5F656E61626C653A2586
:1011B000642C206B616C6D616E5F513A252E336635
:1011C0002C206B616C6D616E5F523A252E33662C5C
:1011D00020706172615F613A252E34662C20706147
:1011E00072615F623A252E32662C20706F735F65E4
:1011F0006E61626C653A25642C20706F735F646960
:101200006D656E3A25640D0A000000006765746321
:10121000666720446C6973743A2564204B4C69738B
:10122000743A2564204E65743A2530345820416E56
:101230006349443A256420526174653A2564204626
:10124000696C7465723A25642055736572436D64E8
:101250003A25642070646F614F66667365743A2541
:101260006420726E674F66667365743A25640D0A72
:10127000000000007B22736C6F74223A2225303408
:1012800058222C22613634223A222530386C5825D7
:1012900030386C58222C22613136223A22253034E3
:1012A00058222C2246223A2225303458222C22530E
:1012B000223A2225303458222C224D223A2225303F
:1012C0003458227D0000000041542B5557424D41B7
:1012D0004300000041542B525353490041542B56B4
:1012E000455253494F4E000041542B5246544553EA
:1012F0005400000041542B4750494F54455354006B
:1013000041542B5253540000726E674F66667365EA
:10131000745F6D6DA3BA25642C70646F614F66664F
:101320007365745F646567203A25642C206D6F7463
:10133000696F6E66696C7465723A25642C207573EA
:1013400065725F636D643A25640A00006C130108DE
:101350000000002078140000A2E6000884170108AD
:1013600078140020A8290000D0E80008C116D03F5A
:10137000D03F0A1220300940019001C012FFFF1433
:10138000111101120A2009BC74933C1D5A243F1A02
:1013900080044165FFFF11111A0103168813E80349
:1013A000321BE8030C11140101642DED39CC460405
:1013B000294D121416C201C4090132641305011C1F
:1013C000090901263A413801FF01FF01FF01FF0130
:1013D000FF01FF01FF01FF01FF01FF01FFF1021FFC
:1013E0000116D03FD03F0A1220300940019001C0C1
:1013F00012FFFF14111101120A2009BC74933C1D45
:101400005A243F1A8004417DFFFF111155170188AE
:1014100013E803322BE80361140101642DED39CC8C
:101420004604294D121416C201C409013264130581
:10143000011C090901260A20418D09A5A4394FD9AB
:101440000481136017132001163E22E2223E2BFE78
:10145000220113E2021D203F201F982B7F4401131D
:101460004740180D040404F484D4A5A6A4D484F43D
:101470000C21300EFE0202123A1613121A32428268
:101480007E16FC848484FC2A100124FF10101A3F6D
:101490000919E236010640807F1720102CE724242A
:1014A0003AF01E2AF0DC15017F21113008070202F4
:1014B000FF02020719552BFF540125FF0406841073
:1014C0001011118989959391FD919B95C5891909F1
:1014D0001F10D0121C10D05817FF0808088C0828BD
:1014E0000A206027101C1310FF41011BFF01791D0A
:1014F000D0FF9050AC1EC444464460B0120312FFAB
:101500001C1108467D34020C18180D1008078C5465
:10151000261428478C9406BFC01002028189B2822B
:101520008AB282C3A298810301142603561269125B
:1015300072127412751261126C12201243124F1A39
:101540004D0812503A6F181A2002011613414F0C21
:101550001C08035C040A117D24512AC28712083634
:101560009E0C0108121AB00832431351511B086D2A
:10157000041355521B0865041A8F041AD904132149
:10158000531B08F7081AFF041A070C4132401AF3DC
:101590003819E2111AF70829FA460F0D0108261228
:1015A0000E2A20081A046729741A3D380916A41A4D
:1015B0004D1C4129920124C928221129C1D1AB8097
:1015C0003F0800092CCDCC4C3E0AD7A33E2B09097D
:1015D00003196A1281130A011341885808CADE42AE
:1015E00041544B210A25524B10027917C2234C0259
:1015F0000406CF2C0203040425060708097CA24A2E
:1016000004C0591539C81C0801404A89D819106905
:10161000296910394E6910140C0140DA8010DA4043
:1016200010DA2010CA101039089960E910593F7972
:1016300010596F7910596F7910595F796069406955
:10164000D8690CA910DA0310DA05109A0650691847
:1016500069704909991059217910DA0410DA0810D3
:1016600059B1791059B1791059E16980B9F019105F
:101670000A1180E0E910292CA9102993A910DA0792
:101680001059A3D113FC0F14200C101B201C041A9A
:101690002C041A3C041A4C041A5C04411A6C081AF3
:1016A0007C041A8C041A9C041AAC041ABC041ACCCC
:1016B000041ADC041AEC041AFC041B0C114419046F
:1016C000811A2C0C1A3C041A4C041A5C041A6C047F
:1016D0001A7C041A8C041A9C045AAC2C1ABC081AE2
:1016E000CC041ADC041AEC041AFC041305051C09CA
:1016F0000901DE1281240903031FDC120108019491
:10170000BF1D1301080D081AF41013CB991B08E82C
:101710000813BF9B1B08D40813999F1B08C8081304
:101720006FA0100808FC0F0108C9A11B08EC0813E2
:1017300033A21F08BC10010861080138134188B8A2
:1017400008CADE50446F4119127D6F415044F09930
:10175000269A21209B100219024723093D9008096F
:1017600025010203040506070898031420413234BA
:101770001AFD014113090D2D0A0A03015A1A010627
:0417800091000000D4
:04000005080000ED02
:00000001FF
