:020000040800F2
:10000000183E00201D9200083D6B00083F6B000861
:10001000556B00086B6B0008816B00080000000046
:10002000000000000000000000000000976B0008C6
:10003000996B0008000000009B6B00089D6B000896
:10004000379200083792000837920008379200086C
:10005000379200083792000837920008379200085C
:10006000379200083792000837920008379200084C
:1000700037920008379200086B120008FD11000843
:10008000379200083792000837920008379200082C
:10009000455100083792000837920008A96B000804
:1000A000379200083792000837920008379200080C
:1000B000B96B0008379200083792000837920008A1
:1000C00037920008379200083792000837920008EC
:1000D0003792000837920008F31D00083792000895
:1000E000379200083792000849510008DFF80CD019
:1000F0000EF046F800480047116B0008183E00203B
:10010000F0B507460020059E04460546A9B1844681
:100110009EB1761E8C4212D2B04210D217F804E083
:10012000964508D1A54205D03D4443F8205007F834
:1001300004C0401C651C641CECE70020F0BD8D422F
:1001400003D2791943F82010401C43F820C0F0BDB9
:100150002DE9F04F0024A1B08B4682464FF0FF36C8
:100160004FF02009A0462746802101A80DF0FFF896
:100170002CA150460DF006F9B0B32B4D0FE05046C0
:100180000DF000F9040009D055F837000DF00CF916
:100190000444A4EB0A001FFA80F804E07F1C55F821
:1001A00037100029EBD120783F2804D00D2810D03B
:1001B0003D281AD034E060780D2831D1A0780A2883
:1001C0002ED105EBC700436873B101AA494601204F
:1001D0001BE060780A2823D105EBC70043681BB1F8
:1001E00001AA4946022010E01AE0601CABEB0801AE
:1001F00001AB2C22CDF80090FFF782FF014605EB02
:10020000C700436863B101AA032098470646401C13
:1002100006D006A001F042FD21B03046BDE8F08FC7
:1002200004A0F7E741540000080301080D0A4F4BF2
:100230000D0A00000D0A4552520D0A0000B591B09A
:10024000402168460DF093F8FCA2FEA168460EF02E
:100250002BFA68460DF0A8F881B2684600F0B3FFAB
:10026000002011B000BD00F031FEFCA001F016FD31
:10027000642001F061FC00F0C1FD00F015FE00F00B
:1002800025FEF6A001F00AFD642001F055FC00F007
:10029000B5FDF2A001F002FD00F0B0FD2DE9F04146
:1002A000C2B017468846032822D14FF4807102A8B5
:1002B0000DF05DF838680DF0C6F8C4B278680DF03E
:1002C000C2F8C5B2B8680DF0BEF8C6B2F8680DF055
:1002D000BAF8C1B20DB1012D08D10EB1012E05D170
:1002E00009B1012902D1B8F1040F04D04FF0FF3059
:1002F00042B0BDE8F081DB482B4680F828501EB3A1
:100300005FF0050280F8792001291FD05FF000021C
:1003100080F87F20012B1BD0202C13D8C484CDE97A
:1003200000612246D0A102A80EF0BEF902A80DF08D
:100330003BF881B202A800F046FFC8A001F0AEFC75
:100340000CF042FC0020D3E70922DBE70122DFE7C3
:10035000082CF7D8C484CDE900612246C2A102A8C6
:100360000EF0A2F902A80DF01FF881B202A800F069
:100370002AFFBAA001F092FC0BF039FFE2E730B59A
:10038000C3B000252C464FF4807102A80CF0EFFF9B
:10039000B44890F87910092900D0012590F87F1011
:1003A000012900D10124CDE9005490F82830C28CF5
:1003B000B8A102A80EF078F902A80CF0F5FF81B2FE
:1003C00002A800F000FF43B0002030BD30B591B06E
:1003D0000C461546402168460CF0C9FF28680DF010
:1003E00032F810F0FF0001D0012801D1012C03D018
:1003F0004FF0FF3011B030BD9A4C012884F829002D
:1004000001D104F0EBF994F82920ADA168460EF073
:100410004BF968460CF0C8FF81B2684600F0D3FE85
:1004200000F054FD8DA001F039FC642001F084FB44
:1004300000F0E4FC00B591B0402168460CF097FF55
:1004400088489FA190F8292068460EF02DF968464B
:100450000CF0AAFF81B2684600F0B5FE002000E76C
:100460002DE9F04FCDB08B4614464FF480710CA8A7
:100470000CF07DFF20680CF0E6FF00F0FF0AA0689A
:100480000CF0E1FF00F0FF09E0690CF0DCFF206AEE
:100490000CF0D9FFE0680FF0A3F80DF09BFB0546C8
:1004A00020690FF09DF80DF095FB064660690FF08E
:1004B00097F80DF08FFB8046A0690FF091F80DF0D2
:1004C00089FB074660680CF0BEFFBBF1090F04D042
:1004D0004FF0FF304DB0BDE8F08F7E490A68A2F8BA
:1004E00017A010800A68CA4650800C68384624F865
:1004F000159FA9466560A660C4F80C804546276133
:100500000DF025FB8346284600910DF020FB0746A1
:100510000D4630460DF01BFB0646884648460DF05A
:1005200016FB024600200A900B460B9000990DF135
:10053000080CCDF800A08CE84C01CDE908B1CDE95C
:10054000067534F8153C628863490CA80EF0ACF8C7
:100550000CA80CF029FF81B20CA800F034FE00209A
:10056000B8E72DE9F047CCB04FF480710CA80CF03F
:10057000FEFE58480468D4F82500641C0DF0E7FA24
:1005800081468A46206A0DF0E2FA07468846E0690D
:100590000DF0DDFA05460E46A0690DF0D8FA0A46C0
:1005A00000210A9102AB0B9183E8E507A08A009035
:1005B00034F8013CE28A49490CA80EF075F80CA801
:1005C0000CF0F2FE81B20CA800F0FDFD4CB0002052
:1005D000BDE8F0870020704700B591B00020109072
:1005E000402168460CF0C3FE10A806F040F910B197
:1005F0004FF0FF3035E610980DF0A9FA02460B4691
:1006000037A168460EF050F868460CF0CDFE81B276
:10061000684600F0D8FD002023E630B591B00C46C6
:100620001546402168460CF0A2FE28680CF00BFF2E
:1006300010F0FF0001D0012864D159E056312E306E
:100640002E3000000D0A67657476657220736F6640
:1006500074776172653A25730D0A00000D0A4F4BDD
:100660000D0A0000880B00200D0A7365746366672D
:100670002049443A25642C20526F6C653A25642C3D
:100680002043483A25642C20526174653A25640D54
:100690000A0000000D0A6765746366672049443AE2
:1006A00025642C20526F6C653A25642C2043483A0F
:1006B00025642C20526174653A25640D0A000000FF
:1006C0000D0A776F726B6D6F64653A2025640D0AB1
:1006D0000000000048140020041101087C100108EB
:1006E0000D0A616E676C653A2025660D0A000000F0
:1006F000012C07D1F84C012806D000202070C0B290
:1007000001F018F9002075E600220121104601F0E1
:10071000F1F80120F2E7014606E00D2A03D00A2A8B
:1007200001D000F8012B491C0A78002AF5D10021DC
:100730000170704710B514460B461068FFF7EBFFC9
:10074000012B07D104F04AF8022303211320226869
:1007500004F05CF8002010BD00B591B0402168465F
:100760000CF005FEDD4800680DF0F1F902460B467D
:10077000DBA168460DF098FF68460CF015FE81B2CB
:10078000684600F020FD00206BE530B5C1B04FF4A5
:10079000807168460CF0EBFD45F65A22D5A16846FB
:1007A0000DF082FF054668460CF0FEFD6C462044C5
:1007B000D2A10DF079FF68460CF0F6FD2044D2A1DD
:1007C0000DF072FF68460CF0EFFD2044AFF294127A
:1007D000D3A10DF069FF68460CF0E6FD2044D5A3D7
:1007E000D7A2DAA10DF060FF68460CF0DDFD2044D1
:1007F000DBA2E6A10DF058FF68460CF0D5FD421BC8
:10080000E6A1A01C0DF050FF7B20605568460CF05F
:10081000CBFD2044D1A10DF047FF68460CF0C4FD8C
:1008200081B2684600F0CFFC41B0002030BDF0B589
:10083000A9B00AF0DBFF07460AF0D0FF0546A02169
:1008400001A80CF094FD0D221DB10A20152101FB19
:100850000502A8A101A80DF027FF01AEA021304696
:10086000D0A20DF009FF044615E038680090C4F1ED
:10087000A0013019CEA27B680DF0FEFE0444012DCC
:1008800006D9C4F1A0013019A4A20DF0F5FE04446C
:100890006D1EADB20837002DE7D1C4F1A0013019AB
:1008A000C7A20DF0E9FE204481B201A800F08BFC44
:1008B0000AF0B2FF002029B0F0BDF0B5A9B0A02128
:1008C00068460CF054FD0AF0D5FE06460AF0D6FE46
:1008D000071E4FF00C020ADD3146684600F09BFA15
:1008E00068460CF061FD0921C01C00FB071281A1C4
:1008F00068460DF0D9FE6D46A0212846B1A20DF044
:10090000BBFE0446308888B131462819064600F0FF
:1009100082FA30460CF048FD0444012F06DDC4F194
:10092000A00128197DA20DF0A7FE0444C4F1A00186
:100930002819A3A20DF0A0FE204481B2684600F061
:1009400042FC0020B7E72DE9F047A8B08A461746D9
:10095000A02168460CF00BFD1022002138680CF035
:1009600070FD044688461022002178680CF030FDA6
:100970008146B8680CF067FD0646F8680CF063FD28
:10098000054638690CF05FFD07461EB115B1BAF196
:10099000050F03D04FF0FF3028B019E61FFA89F297
:1009A000204641460AF0C8FE040037D0A681E58102
:1009B000278245F65A224FA168460DF075FE06467D
:1009C00068460CF0F1FC6D46284481A10DF06CFEE8
:1009D00068460CF0E9FC2844214600F01CFA684601
:1009E0000CF0E2FC28447EA10DF05EFE68460CF09F
:1009F000DBFC821B69A1A81C0DF056FE7B20A855CC
:100A000068460CF0D1FC284454A10DF04DFE684618
:100A10000CF0CAFC81B2684600F0D5FB0020BBE7B1
:100A2000F0B5A9B00E461446A02168460CF09FFC14
:100A30001022002120680CF004FD04460D46012E12
:100A400002D04FF0FF3036E74FF6FF710020091B50
:100A5000A84104D2204629460AF0B5FE02E0A0B221
:100A60000AF0A6FE45F65A2222A168460DF01CFEA9
:100A7000074668460CF098FC6E46304422462B46EA
:100A800058A10DF011FE68460CF08EFCC21B43A16C
:100A9000B01C0DF009FE7B20F05568460CF084FC7C
:100AA00030442EA10DF000FE68460CF07DFC81B2B2
:100AB000684600F088FB0020FDE610B5012902D051
:100AC0004FF0FF3010BD10680CF0BDFC4C490968B8
:100AD000A1F82F00002010BD04000020000000201D
:100AE0000D0A64697374616E63653A2025660D0AA8
:100AF000000000004A532530345800007B22496E24
:100B0000666F223A7B0D0A0022446576696365228E
:100B10003A2250444F41204E6F6465222C0D0A004A
:100B20002256657273696F6E223A222573222C0D4C
:100B30000A00000031343A33303A30390000000006
:100B40004D617920313520323032350022427569CD
:100B50006C64223A222573202573222C0D0A000092
:100B60004457333030302043302044657669636524
:100B7000204472697665722056657273696F6E20C3
:100B800030342E30302E30300000000022447269A4
:100B9000766572223A222573227D7D0025303458F5
:100BA000000000007B22444C697374223A5B2000F1
:100BB000222530386C582530386C5822000000004F
:100BC0005D7D00007B224B4C697374223A5B000010
:100BD0007B225461674164646564223A200000000E
:100BE0007D0000007B2254616744656C6574656418
:100BF000223A20222531366C6C78227D00000000DC
:100C00004814002010B5012902D04FF0FF3010BD6C
:100C100010680CF018FC89490968A1F8310000201F
:100C200010BD10B5012902D04FF0FF3010BD106883
:100C30000CF009FC81490968A1F84100002010BDB1
:100C40002DE9F04FC7B08B4617464FF4807107A8C7
:100C50000CF08DFB38680CF0F6FB1FFA80FA786810
:100C60000CF0F1FB1FFA80F9B8680CF0ECFB86B2CF
:100C7000F8680CF0E8FB84B238690CF0E4FB1FFA6A
:100C800080F878690CF0DFFB85B2B8690CF0DBFB0B
:100C900081B2BBF1070F2DD1BAF1010F2AD8B9F1FA
:100CA000010F27D8012C25D8644808F0FF020068FE
:100CB00020F82B4F46800277C5820183B0F90630B9
:100CC000B0F904700096CDE90573CDE90351CDE983
:100CD0000142C37E827E5A4907A80DF0E5FC07A8B1
:100CE0000CF062FB81B207A800F06DFA002047B05B
:100CF000BDE8F08F4FF0FF30F9E710B5C8B04FF402
:100D0000807107A80CF033FB4C480DF10C0C006807
:100D1000B0F84110B0F93140B0F92F30B0F84320AD
:100D20008CE81E0090F8473030F82B2F41888DE872
:100D30000E00C37E827E424907A80DF0B5FC07A8CD
:100D40000CF032FB81B207A800F03DFA48B0002059
:100D500010BD10B5012902D04FF0FF3010BD106852
:100D60000CF071FB3549096881F84700002010BD7F
:100D700010B5012902D04FF0FF3010BD10680CF003
:100D800062FB2E490968A1F84300002010BD30B570
:100D900091B00C461546402168460CF0E8FA2868E8
:100DA0000CF051FB10F0FF0001D0012801D1012C03
:100DB00002D04FF0FF30A6E4224981F82A006846AD
:100DC0000CF0F2FA81B2684600F0FDF900209AE4D6
:100DD00000B591B0402168460CF0C9FA19481AA133
:100DE00090F82A2068460DF05FFC68460CF0DCFAAB
:100DF00081B2684600F0E7F900200DE4BFF34F8FA1
:100E000017480168174A01F4E06111430160BFF31C
:100E10004F8F00BFFDE730B585B04A880DF1040C57
:100E20000D8ACC898B898CE83C004A6800928B68DB
:100E30000A880D490DF038FC05B030BD481400207B
:100E40008C110108880B00200D0A7477725F7064A2
:100E50006F615F6D6F64653A2025640D0A000000C4
:100E60000CED00E00400FA05F411010810B561A0D2
:100E700000F014FF69A26CA16EA000F00FFF71A139
:100E800072A000F00BFFBDE810405AA000F006BFB2
:100E900010B503460022104603E010CB521C20443C
:100EA000D2B28A42F9D310BD6F484AF6AA218222F3
:100EB0000160002141608160C16001614161C0F851
:100EC0009C10A0F67C3118300CF038BA10B5674C85
:100ED00002E0642000F030FE29226349204600F041
:100EE00030FB0028F5D010BD29225F495F4800F093
:100EF00059BB10B5FFF7F8FF5B4C2068A0F52A41FD
:100F0000AA3910D0FFF7D0FFFFF7E0FFBFF34F8FF4
:100F100057480168574A01F4E06111430160BFF38B
:100F20004F8F00BFFDE760680021401C60605248A1
:100F300006F0D0FD94F82900012817D14A49A422CF
:100F400001F1A4000CF0FAF947490020A431474C04
:100F500081F8290002E0642000F0EEFD42492922D8
:100F6000A431204600F0EDFA0028F4D010BD10B5F1
:100F700000F086F84FF4FA7000F0DEFDFFF7B9FFDD
:100F8000BDE8104072E770B5374EF08CA0F57F4198
:100F9000FF3901D0022400E0012400F09AF800F0AB
:100FA000C8F83648D0F8F40A18B10021084600F015
:100FB0000AF9324D8C3D686884420FD06C6096F817
:100FC000290058B9012C02D0022C07D101E00A22D5
:100FD00000E002220221002000F08CFC287800288A
:100FE00004D0BDE87040012000F0A4BC70BD00201A
:100FF000704700002A2A2A2A2A2A2A2A2A2A2A2A42
:101000002A2A2A2A2A2A2A2A2A2A2A2A2A2A2A2A40
:101010002A2A2A2A2A2A2A2A2A0A00004D61792005
:10102000313520323032350031343A33303A3039CC
:101030000000000020202054696D653A20257320AF
:1010400025730A0056312E302E3000002020205605
:10105000657273696F6EA3BA41692D5468696E6BCE
:1010600065722D25730D0A00880B002000380108D9
:101070000CED00E00400FA050004300090000020B0
:1010800010B54021B9480CF072F9B8484021403001
:101090000CF06DF9B5480521803009F0C1F910BD9B
:1010A00030B503460C880020250411D4C4F30D0488
:1010B00013550A88521C92B20A803F2A01D9002295
:1010C0000A800A2B04D190B240F40040088001202D
:1010D00030BD2DE9F043A1B04FF0000980216846F2
:1010E0000CF045F98021684600F051FF05001CD046
:1010F00000246E462746DFF8788214E09B4A9C491C
:10110000305D4032891CFFF7CBFF58B19748294624
:101110004030FFF71DF89548A8F802704021403094
:101120000CF025F9641CAC42E8DB21B04846BDE870
:10113000F08300B58D4891B06946803009F0F8F928
:1011400000280AD08B4890F829100DF102000129DF
:101150009DF8011003D0FEF7FBFF11B000BD09F0B0
:1011600031F9FAE72DE9F041834C0F460146D4F8F6
:10117000F40A0026C21904F5AF65B2F5AF6F08D2C4
:1011800028443A460CF0DAF8D4F8F40A3844C4F8A3
:10119000F40AD4F8F00A012812D1D4F8F42A7AB16A
:1011A000294675480CF0CAF8B4F8F40A002281B256
:1011B000714804F52F6400F049FD00202060606054
:1011C0003046BDE8F08170B50C460546FFF7CAFF12
:1011D00021462846BDE8704000F0DBBE00F0D9BED5
:1011E00000F0F1BD30B504460020034603E0CD1801
:1011F000655D68405B1C9342F9DB30BD70B54FF410
:101200000036A0B0304606F0B0F840B35B48574A0D
:1012100057490078FFF744FF08B344210EA80CF0AB
:10122000A6F8534D00248DF838402A788DF83920DF
:101230004E490DF13A000CF081F8362211A96846AA
:101240000CF07CF80DF1380C48489CE80E0080301A
:1012500009F03AF92C80402144480CF088F820B07D
:101260003046BDE8704006F08EB810B54FF400541B
:10127000204606F062F8002808D03F490120C1F856
:10128000F00A2046BDE8104006F065B810BD0FB466
:1012900030B50B9C9DF80C0020709DF80D506570CA
:1012A0009DF80E00A070BDF80F00E070000A2071DC
:1012B0009DF811006071BDF811002A46000AA07166
:1012C000DDF81100000CE071DDF81100000E207255
:1012D0009DF815006072BDF81500000AA072DDF8D7
:1012E0001500000CE072DDF81500000E2073BDF84B
:1012F00019006073000AA073DDF81B00E073DDF8CD
:101300001B00000A2074DDF81B00000C6074DDF87F
:101310001B00000EA074DDF81F00E074DDF81F0054
:10132000000A2075DDF81F00000C6075DDF81F0055
:10133000000EA075BDF82300E075000A2076BDF808
:1013400025006076000AA076BDF82700E076000A46
:10135000207702212046FFF745FF60779DF82A009D
:10136000A077281D30BC5DF814FB0000701400202D
:10137000D00C0020880B002090000020EC0C0020F6
:101380003E49087070473D480078704770B50500C9
:1013900015D03B4E002400BF05EB440040890CF003
:1013A00007FB002233460CF048FA02460B46214662
:1013B00034A000F073FC641C082CEDDB70BDBDE8AC
:1013C000704036A000F06ABC70B5050014D02C4EF9
:1013D000002400BF35F814000CF0EAFA002233466E
:1013E0000CF02BFA02460B46214626A000F056FCD4
:1013F000641C082CEEDB70BDBDE8704027A000F037
:101400004DBC10B5040015D0E0680CF0A0FB002224
:101410001B4B0CF012FA02460B4626A000F03EFCD5
:10142000A0690CF094FB0246BDE810400B4626A0D4
:1014300000F034BCBDE8104018A000F02FBC10B57F
:10144000040015D0E0680CF082FB00220C4B0CF07D
:10145000F4F902460B4617A000F020FCA0690CF03E
:1014600076FB0246BDE810400B4617A000F016BC04
:10147000BDE8104009A000F011BC0000D40C002011
:1014800000005940646973745F636D5B257A755D14
:10149000203D2025332E3366206D0A00496E76618B
:1014A0006C696420726573756C7420706F696E74FA
:1014B00065720A00646973745F636D203D20253393
:1014C0002E3366206D0A0000616E676C65203D203A
:1014D00025332E3166200A0010B54FF4407005F018
:1014E00025FE00F04EFB00F02BF8FFF7FDFC134C3F
:1014F00094F82900FF2801D018B104E0002084F8F6
:10150000290000F0E0F900F08BFC00F00EFB94F8ED
:101510002900002811D100F02FFD94F8290000289F
:101520000BD100F04BF894F82900002805D100F009
:1015300085F8BDE8104005F0CCB810BD880B002040
:101540007047F8B50546042016460F4600248DF86E
:10155000000005F0B4FF352006F0BFF9284605F07D
:10156000E9FF8DF800009DF8000004280AD015E07E
:1015700057F82410284606F07CF88DF80000641C0B
:10158000E4B22D1DB44203D29DF800000428EFD030
:1015900005F0A1FF9DF80000042801D00020F8BD4F
:1015A0000120F8BD10B5002304E010C841F8234025
:1015B0005B1CDBB29342F8D310BD000010B50121D3
:1015C00086B0480506F09CFD0121082006F08FFD3D
:1015D000C020ADF8100003208DF812001C208DF8FB
:1015E000130004A98D4806F0E6F98D4C204606F05C
:1015F000C1FA0020ADF804004BF6FF70ADF806000C
:101600003020ADF808002015ADF80A000001ADF853
:101610000C00844800900121204606F025FB694615
:10162000204606F0BAFA03F052F8FF2003F0BAF8A9
:10163000002003F0B7F8002006B010BD10B501215E
:1016400086B0880506F05CFD0121082006F04FFDFC
:101650004FF44060ADF8100003208DF812001C20FC
:101660008DF8130004A96D4806F0A5F96E4C2046CC
:1016700006F080FA0020ADF804004BF6FF70ADF8DC
:1016800006003020ADF808002015ADF80A00000172
:10169000ADF80C00634800900121204606F0E4FA02
:1016A0006946204606F079FA0020C5E710B588B0F3
:1016B000002003F077F85D480068807C40B108B0F6
:1016C00002230121BDE8104059A2302003F09EB84A
:1016D000594C5AA16846E28C0CF0E6FFB4F8410080
:1016E0004FF00203012817D055A202215FF023001A
:1016F00003F08CF894F82800012811D0022352A29C
:101700000621282003F082F802236A4606214020A1
:1017100003F07CF808B010BD02214CA22720E7E7B7
:10172000012349A20621162003F070F801236A461E
:101730000621232003F06AF80123062145A23B205D
:10174000E6E700B589B0002003F02CF83A4844A140
:10175000C28C68460CF0A8FF00221146102003F04E
:10176000BDF801220021202003F0B8F80222002158
:10177000302003F0B3F803220021402003F0AEF83C
:10178000022338A20021512003F040F80822022150
:10179000202003F0A3F809220221302003F09EF854
:1017A000022329A21946402003F030F802236A469A
:1017B0001946582003F02AF809B000BD10B588B0CA
:1017C000044610F1FF4FA5D2202168460BF0CFFD53
:1017D00026482749844202DD2648844208DC204608
:1017E0000BF0C8FE0CF0B3F90B46024622A10AE04A
:1017F00023488442F3DC20460BF0BCFE0CF0A7F932
:101800000B4602461FA168460CF04EFF01236A46B4
:1018100006214B2002F0FAFF7CE70000000C01409B
:1018200000540040801A0600005800404814002070
:1018300050446F4100000000880B002041256400E7
:10184000785041205457520049443A0050412054A6
:101850005752000054303A2D2D2D2D206D000000E0
:101860002564000020545752000000000000104181
:101870000000C84200C0794425302E3366000000C5
:10188000003C1C4625302E32660000005B4A0528CD
:1018900018D2DFE800F0140F0F0F140002210BE044
:1018A00001290FD1022102E001290BD100211046AC
:1018B00006F0F1B80029F7D1104606F0EAB8002981
:1018C000EED1EBE7704708B50121042006F00FFCCC
:1018D0000220ADF8000010208DF8030003208DF8E1
:1018E00002006946454806F066F801210420FFF72A
:1018F000CDFF08BD10B5424B02290DD0042804D0FD
:1019000003F82010FFF7C2FF10BD0022521C03F89D
:101910002010042AFADBF5E728B1012803D00228B9
:1019200001D00328F0D1022103F8201003EB80003E
:10193000428010BD70B5334E4FF4A023351D48B31F
:101940002F4CA41E2078042811D2002211461846DC
:1019500000F005FC00221146304600F000FC207823
:10196000012282400021284600F0F9FB03E000211B
:101970000846FFF78BFFC82000F0DEF82078052826
:1019800001D2401C04E001210020FFF77FFF00206E
:10199000207070BD0F220021184600F0E0FB0F22DE
:1019A0000021304600F0DBFB00221146284600F003
:1019B000D6FBBDE870400A22022100209AE770B5EC
:1019C0000F4D0646002400BF15F82400022811D14F
:1019D00005EB84004088B6FBF0F100FB116149B9CA
:1019E000B6FBF0F0C007E0B201D0002100E0012119
:1019F000FFF74CFF641C042CE6DB70BD00080140BF
:101A0000D80C00200800050008B517208DF800004C
:101A100001208DF8010000208DF802008DF80300F0
:101A2000684605F088FB08BD1CB50521012006F0BD
:101A30007AF82020009000208DF8040008208DF80E
:101A4000050001208DF80600684605F0B9FCFFF797
:101A5000DBFF1CBD70B5354D86B0284606F096FB01
:101A60000121080306F043FB01210D2006F03FFB96
:101A70000021ADF804104FF48270ADF80600ADF807
:101A80000C106815ADF80E00ADF80810ADF8101088
:101A90000720ADF80A10ADF81210ADF8140001A936
:101AA000284606F097FBA020ADF8000018208DF81E
:101AB00003001F4E03248DF802406946304605F0AE
:101AC0007AFF4020ADF8000048208DF803006946F9
:101AD000304605F070FF1021ADF800108DF80310AE
:101AE0008DF802406946304605F065FF0021284622
:101AF00006F025FC0121284606F0E9FB10213046BE
:101B000005F0C7FF0121082006F0F1FA2020ADF80A
:101B1000000028208DF803006946064805F04BFFB9
:101B2000FFF782FF06B0002070BD93E70030014050
:101B300000080140000C0140424908604FF0E020DD
:101B4000026942F00102026108680028FCD1704776
:101B50003C480168002902D00168491E01607047B5
:101B600008B51C208DF800000B208DF80100002026
:101B70008DF8020001208DF80300684605F0DBFABD
:101B800008BDFEB530484FF47A710068B0FBF1F043
:101B9000401EB0F1807F42D24FF0E02460616717B1
:101BA0000F21384600F03EF80025A5610726266182
:101BB0000521384600F036F80121084606F0A0FA63
:101BC00040F2E730ADF8040041F61F40ADF80000E8
:101BD0004FF08044ADF80650ADF8025069462046FB
:101BE00006F0A6FC01221146204606F05FFF012107
:101BF000204606F046FFFFF7B3FF40F2712445F29E
:101C0000555006F04BF9304606F04BF9204606F0E9
:101C10004BF906F04CF9BDE8FE4006F04DB9FEE781
:101C200006F045B90907090E002804DB00F1E020A1
:101C300080F80014704700F00F0000F1E02080F8F9
:101C4000141D7047E80C0020E00F00202DE9F04142
:101C50000E460746012A0FD0C14C0021204605F050
:101C600054FBBF484438866407650121204605F0CF
:101C70004CFB3046BDE8F0810025BA4C0BE02188D2
:101C80002046795D07F02FFA4021204607F08CFAB4
:101C90000028F9D06D1CB542F1DBEAE70FB44FF430
:101CA000807110B503ABB048029A0CF011FD81B2FF
:101CB0000122AD48FFF7CAFF10BC5DF814FB2DE907
:101CC000F04301218BB0084606F008FADFF8908255
:101CD000404605F083FAA34D00242D1D10208026D8
:101CE0000095CDE9044647020290CDE908470694E5
:101CF0000794694640460A9405F0DDFA0122022164
:101D0000404605F00DFBDFF85C8201228021404651
:101D100007F0B5F9DFF8489209F11409484605F0D3
:101D20005DFA92480095CDE9010403A9012081E8FC
:101D3000510020200694CDE90740CDE90974694699
:101D4000484605F0B8FA01220221484605F0E8FAB3
:101D50000121484605F0D9FA01224021404607F00A
:101D60008EF90BB0BDE8F08308B50E208DF80000A9
:101D70000A208DF8010000208DF8020001208DF866
:101D80000300684605F0D7F908BD08B50F208DF8A7
:101D900000000A208DF8010000208DF802000120CB
:101DA0008DF80300684605F0C6F908BD10B5704C03
:101DB0000146204607F097F98021204607F0F4F904
:101DC0000028F9D010BD2DE9F0410E460746002449
:101DD000674D0BE0395D284607F085F980212846DC
:101DE00007F0E2F90028F9D0641CE4B2B442F1D360
:101DF00040E770B55E4C40F225552946204607F075
:101E0000DDF900280BD0204607F071F9C0B2FFF7CA
:101E1000CDFF29462046BDE8704007F0EEB970BD01
:101E20001FB5012144F2040006F061F94FF400707F
:101E3000ADF8000003208DF8020018204D4C8DF8FD
:101E400003006946204605F0B6FD2015ADF80000F8
:101E500004208DF803006946204605F0ACFD4FF4E0
:101E6000E13000900020ADF80400ADF80600ADF8B8
:101E70000800ADF80C000C203A4CADF80A00694699
:101E8000204607F067F8012240F22551204607F06E
:101E9000DEF80121204607F0D0F8FFF710FFFFF72A
:101EA00063FFFFF772FFBDE81F40AFF3008070B51E
:101EB00086B00121042006F01AF90121480406F039
:101EC0001FF90424ADF8104018208DF81300294E96
:101ED00003258DF8125004A9304605F06CFD08204A
:101EE000ADF810008DF813408DF8125004A930465B
:101EF00005F061FD00244FF4E1300090ADF808409A
:101F00000C201B4DADF80440ADF80A00ADF80640BA
:101F1000ADF80C406946284607F01CF80121284618
:101F200007F08BF8012240F22551284607F08FF880
:101F30004021284607F03FF94FF4C06005F0F6F85D
:101F400026208DF814008DF815408DF816400120DC
:101F50008DF8170005A805F0EEF806B070BD00007A
:101F6000440002400038014058160020ED0C0020CB
:101F7000004400400008014010B502F029FD02F0C5
:101F800056FD02F06BFDBDE8104003F097BE02F075
:101F900093BD02F0A3BD00004FF48020704710B144
:101FA0004FF0FF307047FF49FD4808600020704740
:101FB00038B50024009400F018F838BD08B589B28F
:101FC0006B460122FFF7F4FF9DF8000008BD30B515
:101FD000F34D00230446403503E0E05C50405B1CB9
:101FE0002A5C8B42F9DB104630BD2DE9F8430646EA
:101FF00017463144C1F304420898984601F07F0126
:102000001F2A27D87F2925D8B7F5445F22D24FF45D
:10201000004C48F2010360450AD048B1984207D00D
:10202000A0F50044023C03D0A0F50044033C11D1CC
:10203000520242EA810240EA0204240A00F0030547
:102040008DF8004015438DF801500FB151B10CE0EF
:10205000604501D0AFF30080812141EA46018DF84F
:10206000001012E060450ED068B144F040018DF8D8
:1020700000100224C11ACB4D98420DD007DC20B3CA
:10208000604508D108E08DF800400124F2E70129FD
:1020900002D0022900D0FEE72868007D70B100223E
:1020A00021466846FFF793FF024639464046FFF750
:1020B0008EFFBDA0FFF7F2FDBDE8F88343463A4628
:1020C000694620460AF05FF9F6E743463A46694614
:1020D00020460AF086F92868007D0228ECD1182EE7
:1020E000EAD0002221466846FFF771FF02463946D2
:1020F0004046FFF76CFF044600211820FFF75EFF03
:102100008442D9D02868406A0028D5D08047D3E7D8
:1021100038B54FF400440094FFF767FF38BD0AF06C
:10212000D5B838B5002489B26B460422FFF740FFCA
:1021300003216846425C491E02EB0424FAD520467E
:1021400038BD08B589B26B460222FFF731FF9DF812
:1021500000009DF8011000EB012080B208BD38B5E9
:1021600000236C46E254120A5B1C042BFADB89B292
:1021700023460422FFF7CCFF38BD08B589B28DF89D
:102180000020120A8DF801206B460222FFF7C0FFE3
:1021900008BD07B589B202AB0122FFF7B9FF0EBD3A
:1021A0003EB5140A8DF804208DF80540140C8DF806
:1021B0000640120E8DF807208DF808301A0A8DF8A7
:1021C00009201A0C8DF80A201A0E8DF80B2048F2FF
:1021D0000302009289B201AB0822FFF706FF3EBD61
:1021E0001CB589B28DF80420120A8DF805208DF8EF
:1021F00006301A0A8DF8072048F20202009201AB5D
:102200000422FFF7F2FE1CBD1CB589B28DF8042034
:1022100048F201028DF80530009201AB0222FFF76F
:10222000E4FE1CBD2DE9F0415E4D0E4604001FD0BA
:102230004023FF2200211020FFF7E6FF022C01D1EE
:1022400028684662564E002207234036D1B2082045
:102250000F0602D583EA410100E04900401EC9B2E1
:1022600010F0FF00F4D1B154521CFF2AEEDD05E05E
:102270000023BF2219461020FFF7C6FF2868047507
:10228000BDE8F08170B54F4D04460122002128467B
:10229000FFF773FF22460021281FFFF76EFF02227F
:1022A00000212846FFF769FFBDE87040454800213E
:1022B000083036E70021084633E710B5FFF7FAFF8C
:1022C0004149884205D040491039884201D08817D9
:1022D00010BD002010BD2DE9F041324C064600250E
:1022E00020680221C5730182057545758572C57226
:1022F0008562C56205634563C5638563FFF7DDFFDE
:1023000008B1681EBCE70420FFF7BCFF804605202B
:10231000FFF7B8FF07460A20FFF7B4FFC0F30441F8
:102320002068B8F1000F017203D017B109B102F0B3
:102330005EF82020FFF7A6FF2449884203D12168D8
:102340000120487201E020684572F00604D406209E
:10235000FFF798FF21680860B00604D40720FFF754
:1023600091FF21684860700604D50820FFF78AFFB6
:1023700021688872300604D50920FFF783FF2168A1
:10238000C8722068C17A09B98521C172817A09B9F8
:10239000742181721F20FFF775FF2168487317E0D1
:1023A00058170020F00C00204E4F4E452053504946
:1023B000207772697465746F737069776974686384
:1023C00072630A0008000B001203CADE400200100C
:1023D0001E20FFF757FF10F07F012068817301D1A5
:1023E0002E218173CAB20021FE48FFF7D2FE0020E1
:1023F00046E710B51E20FFF745FF00F07F0010BD37
:1024000040E770B5044680B240F400724FF43025C6
:1024100000212846FFF7B1FEA2B22846BDE8704071
:102420000021AAE62DE9F047DFF8BC830E460446FA
:1024300000214046FFF775FE82464FF470434FF08F
:10244000FF3200214046FFF7ABFEDFF8A0931822D1
:1024500000214846FFF791FE2520FFF7D2FF02201A
:10246000FFF7CFFF4FF4FE70FFF7CBFFF0B240F461
:102470008070FFF7C6FF4FF480763046FFF7C1FF4C
:102480000020FFF7BEFF0220FFF7BBFF4FF4E07014
:10249000FFF7B7FF46EA146060F30F05C4F3074087
:1024A00040F48077C4F3072040F48076E0B240F433
:1024B0008070FFF7A6FF3046FFF7A3FF3846FFF70F
:1024C000A0FF28B2FFF79DFF0020FFF79AFF3A20F8
:1024D000FFF797FF40F2FF10FFF793FF4FF485706F
:1024E000FFF78FFF0020FFF78CFF3A20FFF789FFEF
:1024F00040F20110FFF785FF4FF430240222002143
:102500002046FFF73AFE002211462046FFF735FE2F
:10251000022009F0ECFE3A20FFF773FF4FF48170C0
:10252000FFF76FFF022200212046FFF726FE002260
:1025300011462046FFF721FE002211464846FFF7CC
:102540001CFE52464046BDE8F047002107E670B544
:102550000D460446FFF766FF2846FFF793FEA042AC
:1025600001D1002070BD4FF0FF3070BD2DE9F0416A
:10257000074615460E464FF0FF30002408E0381994
:1025800081B256F82400FFF7E2FF002802D1641C54
:10259000AC42F4DB74E62DE9F041954C012818D0EB
:1025A000271F25056FF48076022819D00123FF220A
:1025B00000213846FFF728FE2B46324600212046F0
:1025C000FFF7EEFD00237F2202212046BDE8F04107
:1025D0001AE6052001F032FF0123FF221946F4E735
:1025E0000323FF2200213846FFF70EFE2B4632461A
:1025F00000212046FFF7D4FD00237F220221204640
:10260000FFF702FEBDE8F041052001F017BF784852
:1026100000214FF480334FF0FF32001FC0E57548B2
:102620000068407B7047724B083308B1724A00E083
:10263000724A0221184692E570B504464FF4A0256F
:1026400000212846FFF76DFD6D4900EA0102E00711
:1026500001D042F48022A00701D542F41042600765
:1026600001D542F012022846BDE87040002176E50F
:102670005D4800212838A1E45E480068807A7047F0
:102680005C480068C07A70475A4800680068704724
:1026900058480068406870472DE9F041524F0D4698
:1026A00006464FF0FF343F1D4FF00823224600211D
:1026B0003846FFF775FD4FF060132246002138467B
:1026C000FFF76EFD4FF4E020052E0DD04D4B224656
:1026D0000021FFF765FD002D08D0BDE8F04142481C
:1026E0000021494A30383AE5484BF0E7C8E570B573
:1026F00004460D46012001F0A1FE00212846FFF707
:10270000CBFF284601F0C9FEC4F30B02002140486C
:10271000FFF733FD3E4C03230C3CFF2200212046F3
:10272000FFF772FD00212046FFF748FCC007F9D1F2
:1027300001F0ADFE002001F091FE052001F07EFECB
:10274000294800212838FFF739FC00F03F0070BD10
:1027500070B50446008990B1052500212D48FFF78A
:102760002DFCC00700D0092520892946FFF7BFFFAF
:102770006268BDE87040274800210838EFE41A4835
:10278000227800212838FFF704FDF1E710B5044650
:10279000026800212048FFF7E2FC1F480021001DCD
:1027A0006268FFF7DCFC1C4800210830A268FFF7D4
:1027B000D6FC1948E2680021BDE810400C30CEE498
:1027C00010B504460268144800211030FFF7C7FC1A
:1027D0001148002114306268FFF7C1FC0E48002147
:1027E00018301BE0140009004400070008000B002B
:1027F00008001100F00C00207488D2041000D200F0
:10280000C00FE0FF001C000200110101003C0002AB
:102810001C000800140001000C000200A268FFF771
:102820009EFCE268BDE810400021FD4897E4FC48AA
:102830000123FF2200212438E6E42DE9F047052892
:102840003FD0FB4EFA4D3F36F64ADFF8DC93DFF817
:10285000DC83F74F77352C460021F648FFF77FFCE5
:10286000F4484A460021001DFFF779FCF148424632
:1028700000210830FFF773FCEE483A4600210C3087
:10288000FFF76DFCEB48324600211030FFF767FC84
:10289000E8482A4600211430FFF761FCE54822464B
:1028A00000211830FFF75BFCE248E34A00211C38A6
:1028B000FFF755FCBDE8F047DE480021DF4A183835
:1028C0004DE4E14FE14DE14CC0377F35DC4ADFF8A4
:1028D0007493DFF87483DD4EBF34BDE770B5DC4D13
:1028E00005242868007A08B101F081FD1422012135
:1028F000D848FFF74EFC18220021D748FFF72FFCDD
:10290000D548E8220021001DFFF729FC28686FF454
:10291000C052007C00F0E001D048202902D060299C
:1029200008D102E04FF4806301E04FF440630021DE
:10293000FFF736FC0021CA48FFF703FCF82101EA43
:10294000D00109390F290ED8C00700D00924286802
:10295000407A0128204602D0BDE870406DE7BDE80E
:10296000704001F058BD70BD10B50446B8486FF412
:10297000304200210068447504F00B00030310206E
:10298000FFF70EFCE0438107B64805D0B64ABDE824
:1029900010400021FFF7E3BBB44AF8E72DE9F0410E
:1029A0009F4AB34F0024273A21463846FFF7D7FB0A
:1029B0001023FF2200213846FFF726FCDFF8B08203
:1029C000002508F11408661E142009F027FC0021D8
:1029D0004046FFF7F3FA012804D06D1CEDB2032D39
:1029E000F2D33446002211463846FFF7D2FB0122CB
:1029F00000214046FFF7CDFB0123FF22022138468C
:102A0000FFF702FC9A4800210830FFF78AFB6FF0BD
:102A10006045A84200D13446954800211030FFF7A8
:102A200080FBA84200D13446204629E42DE9F0413C
:102A3000884D0446083D01280CD100212846FFF7A7
:102A400080FB064640F205134FF6FF720021284630
:102A5000FFF7C6FBFFF7A2FF0746012C05D10023B5
:102A6000324619462846FFF7BBFB384608E40246C3
:102A700001212820FFF78DBB2DE9F05F044690F877
:102A800000800079182802D8E078182801D90120A0
:102A900000E000208346E079012864D000208246CF
:102AA0006078012863D004285FD0052863D0072808
:102AB0005FD04FF48075DFF89891D9F80060308AC4
:102AC00020F0E0003082E0793073217B0120891C06
:102AD000884087B2F8000AF03FFF66490AF018FD07
:102AE0000AF093FF7082E07A7075607BE17A0004EF
:102AF00001F00B0140EA0133207A202101EA401065
:102B0000034343EA0A035C4A00211020FFF748FB15
:102B10005FEA0B00594EDFF844B16FF4C05A2CD075
:102B2000D9F800004FF440635246018A41F0600139
:102B3000018200215846FFF733FB40F206320021A4
:102B4000B01FFFF70CFB00221146301FFFF707FBF9
:102B50004B4A00213046FFF702FB7D220021301D49
:102B6000FFF717FB38E0102099E72025A3E7402561
:102B7000A1E748259FE780259DE7E07AA8B1607B23
:102B8000404901281CD0D8B1207B042231F8100024
:102B9000102101F094FC00F07F0305EBC7054FF610
:102BA000807202213046FFF71BFBFF2D0DDDD9F8A7
:102BB00000004FF48063018A41F02001018206E0A9
:102BC000207B032231F81000E2E74FF4A053524675
:102BD00000215846FFF7E4FA4FF4C025A378FC2201
:102BE00000212846FFF710FB7F1EFAB200214FF4A8
:102BF0000030FFF7CEFA607807284DD05FF0000074
:102C0000FFF735FFE07AC0438107164846D0164AE1
:102C10000021FFF7A4FA124E0021304634E00000F4
:102C200028000200FEA8020036AC0200FEA5020049
:102C30003EAF0200380003004002001089A46D1B63
:102C4000FDC001003EC40100BEC6010036CF010038
:102C5000F00C0020500007000C001F0008000B00C3
:102C6000140001000C0006004C585FAFCC355FAF7C
:102C70000C0004006666663FCF4FFCFF12000E009A
:102C80000A5A0C00F8030108FFF74BFA6FF30C0027
:102C9000B8F1090F04D005E00820B1E7F84AB7E71A
:102CA00040F0010021794FF4F85202EA012101437A
:102CB000E0780622C00641EA1060617902EA41022A
:102CC000024300213046FFF74AFAA079617880027A
:102CD00040EA01336FF4744200212420FFF760FAC8
:102CE000B4F8090010B98120A4F80900B4F809204B
:102CF00002212846FFF741FAE2484FF41025B8F1C7
:102D0000090F42D0E04A0021FFF729FA41F63C7250
:102D100000212846FFF731FADA4814220121343025
:102D2000FFF737FAD7480E220221001FFFF731FACA
:102D300081220021D548FFF72CFA022200214420ED
:102D4000FFF727FA0120FFF726FC0025012009F0F4
:102D500064FA00214420FFF731F9800726D5207955
:102D6000CB4C09380F282ED8D9F80000407A01281A
:102D700024D04046FFF761FD4FF4C84348F2FF12EC
:102D800000212046FFF72CFA23E0C24A0021FFF77A
:102D9000E6F940F63C7200212846FFF7EEF9B94803
:102DA000BD4A00210C38FFF7DAF9B5E76D1CEDB22A
:102DB000062DCBD34FF0FF30BDE8F09F4FFA88F0DF
:102DC00001F029FBD8E70023FE2219462046FFF731
:102DD0001BFABDE8F05F012028E6024600214FF40F
:102DE0006020FFF7CAB902460021AC48FFF7C5B919
:102DF00070B50546501914460E46B0F5806F1BD2CB
:102E00007F2C05D80B462A4621464FF4A0100FE030
:102E100014220021A248FFF7A2F9A148224600216E
:102E2000001DFFF79CF933462A4600214FF4E810B5
:102E3000FFF76EF9002070BD4FF0FF3070BD10B588
:102E4000984C7F290AD840EA014040EAC223224632
:102E50000021BDE810402420FFF7A2B94FF4000381
:102E600003EB0141014341EAC22322460021242011
:102E7000FFF796F9BDE8104000214FF40020FFF75E
:102E80009DB830B414460A462146034630BC4FF480
:102E9000B010FFF78DB870B50646834814460D464E
:102EA0000068C07B03280BD04FF490106119B1F576
:102EB000806F1CD27F2C06D833462A46214612E06A
:102EC0004FF49810F2E7020C00217548FFF747F91C
:102ED000734822460021001DFFF741F933462A4678
:102EE00000214FF4E810BDE87040FFF761B870BDF5
:102EF0002DE9F0416D4E14460D46074648F2400359
:102F00004FF6FF7200213046FFF76AF9601943F26D
:102F10000101884222D87F2C05D83B462A4621460B
:102F20004FF4A8100FE0152200215D48FFF717F9B4
:102F30005B4822460021001DFFF711F93B462A4657
:102F400000214FF4E810FFF733F83046BDE8F041B8
:102F5000002347F6BF721946FFF742B9AFF300806E
:102F6000514810B50068C07B012808D0032802D062
:102F700000214F4805E00C214FF4F01001E0002142
:102F80004C48FFF7DEF8C0F30C00C10401D540F453
:102F9000604000B210BD38B500246B4603222146C4
:102FA0004548FFF705F8022069460A5C401E02EB1F
:102FB0000424FAD5E00201D540480443204638BD38
:102FC00010B5044600213E48FFF7BBF8C0F30B01E3
:102FD000080501D541F4704108B2334920800968E1
:102FE000B1F91210401A10BD70B500250446012930
:102FF0000DD030484FF00C1220302B490968C97BA6
:1030000001290ED0032907D0022110460AE02948E1
:10301000274A28300C3AF0E72A4901444FF4F010CF
:1030200000E00221FFF78DF8C00920800004000CA9
:1030300001D04FF0FF35284670BDF0B51A4E04465A
:10304000BBB030684FF4C0176D46C17B01297DD0FD
:10305000807D032910D0C1074FF4402005F16C0793
:103060002B4674D06C220021FEF7A2FF6C223B4657
:1030700000214FF4502025E101074FF4F01717E12C
:10308000CC355FAF1C0007003411071C0800090095
:10309000180003003400011C33A8B5080400010027
:1030A00004001F0000F400FCF00C002004001100DC
:1030B00020000C000C001800290006000000F0FFA2
:1030C000080002000200E8FF2B46E82202E0382256
:1030D00000E0202200213846FEF76AFF0020291870
:1030E0002218097C401C11770628F8DBBDF80C007B
:1030F000C0F30C00A084BDF81600C0F30D0060847E
:10310000810402D540F440406084BDF81C00C0F347
:103110000B00A4F842003268907D80077DD4002027
:10312000291811F8203F235423180E7A1E72097CA7
:10313000401C99740528F3DB9DF822006071BDF8EE
:103140002100E0809DF82A00E08101E0AEE0B7E0D8
:10315000BDF8290020829DF832002083BDF831009F
:103160006083907D400758D49DF83800DDF8391011
:1031700040EA012020F0604044F8280F9DF83C0010
:10318000DDF83D1040EA012020F0004060609DF82D
:103190004000BDF8411040EA0120C0F31000A060DB
:1031A0009DF84400BDF8451040EA0120C0F3150029
:1031B000E0609DF84800BDF8491040EA0120C0F3E6
:1031C000150020619DF84C00BDF84D1040EA01202B
:1031D000C0F315006061BDF85C0020839DF86C00B1
:1031E000DDF86D1040EA012020F04040E061BDF8BC
:1031F000700020849DF87400BDF8751040EA01202D
:10320000C0F3150060629DF87800BDF8791040EABF
:103210000120C0F31500A06200E045E09DF87C00AD
:10322000BDF87D1040EA0120C0F31500E062BDF852
:103230008C00C0F30E002086BDF89C00C0F30B008C
:1032400060869DF8B400DDF8B51040EA012020F05A
:1032500040406063BDF8B80020879DF8BC00BDF811
:10326000BD1040EA0120C0F31500E0639DF8C000E6
:10327000BDF8C11040EA0120C0F3150020649DF89C
:10328000C400BDF8C51040EA0120C0F31500606419
:10329000BDF8D400C0F30E00A4F84800BDF8E40067
:1032A000C0F30B00A4F84A003BB0F0BD807D0107DD
:1032B0000029FFF609AF40072B467FF50AAF06E766
:1032C00028220021FEF774FE00202218295C2154D8
:1032D0002918401C0B7A13720B7C9374097E1177AA
:1032E0000528F2DB9DF81D0084F821009DF80700F9
:1032F0006071BDF80500E0809DF80F009DF80E108C
:103300000843C009E081BDF80D0020829DF8170038
:103310009DF80E100843C0092083BDF81500608396
:10332000BDF81E00C0F30D006084810402D540F496
:1033300040406084BDF82000C0F30C00A0849DF8DC
:103340002400DDF8251040EA012020F06040A06252
:103350003068807DC007A7D09DF82800DDF82910CF
:1033600040EA012020F0004044F82C0F9DF82C008A
:10337000BDF82D1040EA0120C0F3100060609DF8F8
:103380003000BDF8311040EA0120C0F31500A06004
:103390009DF83400BDF8351040EA0120C0F3150057
:1033A000E0609DF83800BDF8391040EA0120C0F314
:1033B00015002061BDF84800A082BDF85800C0F398
:1033C0000B00E0829DF85C00DDF85D1040EA012012
:1033D00020F04040A061BDF86000A0839DF864002B
:1033E000BDF8651040EA0120C0F3150020629DF889
:1033F0006800BDF8691040EA0120C0F31500606262
:103400009DF86C00BDF86D1040EA0120C0F3150076
:10341000A062BDF87C00C0F30E00A085BDF88C0052
:10342000C0F30B00E0859DF8A400DDF8A51040EA8C
:10343000012020F040402063BDF8A800A0869DF840
:10344000AC00BDF8AD1040EA0120C0F31500A06348
:103450009DF8B000BDF8B11040EA0120C0F315009E
:10346000E0639DF8B400BDF8B51040EA0120C0F358
:1034700015002064BDF8C400C0F30E00A4F8440099
:10348000BDF8D400C0F30B00A4F846000CE70346D7
:10349000052200217420FEF78BBD01217420FEF768
:1034A00040BE00217420FEF73CBEFF4810B5006806
:1034B000C07B012808D0032802D00221FB4805E088
:1034C00016214FF4F01001E00221F948FEF739FE11
:1034D000C0F30D00810402D540F4404000B20AF070
:1034E00032FA6FF00A010AF083F8F2490AF010F894
:1034F0000AF02DFBF04AF14B0AF09FF90AF06AFB43
:103500000AF083FA00B210BD10B504460346E7483E
:1035100006220021001FFEF74BFD607900F001003C
:10352000607110BDE0490968C97B01290BD00329EE
:1035300003464FF0050202D00021642008E0042178
:103540004FF4F01004E00346D9480522002110385A
:10355000FEF72EBD00210170431C04227020FEF7EF
:1035600027BDD1490968C97B01290CD0032903462D
:103570004FF0050203D000214FF4402008E0202145
:103580004FF4F01004E00346C948052200210C3036
:10359000FEF70EBDC4490968C97B01290CD0032977
:1035A00003464FF0050203D0C0480021143808E05C
:1035B00028214FF4F01004E00346BD480522002105
:1035C0001430FEF7F5BC01216420FEF7AABD0021EE
:1035D0006420FEF7A6BD00211C20FEF7A2BD034615
:1035E000042200211C20FEF7E3BC10B50C46022883
:1035F0000CD00023FE2219461020FEF705FE002203
:103600000021BDE810401420FEF7B7BD0123FF22C2
:1036100000211020FEF7F8FD2246F1E702460221C4
:103620000C20FEF7AABD024600210C20FEF7A5BD26
:103630000346082200210420FEF76ABD0346082243
:1036400000210420FEF7B4BC10B5024600219C48BE
:10365000FEF793FD9A4C8822083C00212046FEF795
:1036600098FD002211462046FEF793FD0021201D03
:10367000BDE81040FEF7A2BC70B500240D46FF283F
:1036800000D92024024600218D48FEF776FD8C48A3
:103690002A460021001DFEF77CFD44F09002884C74
:1036A0000021083C2046FEF774FD2046BDE870402E
:1036B00000221146FEF76DBD2DE9F04115460E467C
:1036C0000746002406E0381980B2FEF7DBFD46F815
:1036D0002400641CAC42F6DBBDE8F08110B5022882
:1036E00005D10023FE2201217648FEF78DFD744CA2
:1036F0000022083C11462046FEF74BFD20460222E0
:10370000BDE810400021FEF744BD10B50446C1B22B
:103710004FF48170FFF7B0FF210ABDE8104040F27E
:103720000310A9E770B5684D1023FF220021284639
:10373000FEF76AFD4FF4827600213046FFF79CFFCA
:1037400004213046FFF798FF022008F0D0FD4FF427
:103750008770FFF779FF044640F20F10FFF774FF00
:1037600044EA002400213046FFF786FF0023EF22C1
:1037700019462846FEF748FD204670BD10B50C4698
:10378000494909680A8A02430A8200214FF420202D
:10379000FEF7F3FC22464A480021BDE810400830FD
:1037A000FEF7F7BC10B5002211464FF42020FEF7BB
:1037B000E4FC4348002211460830FEF7EAFC404C86
:1037C0000022083C11462046FEF7E3FC2046022278
:1037D000BDE810400021FEF7DCBC30B4394C20B10C
:1037E0004FF400634FF6FF7202E000234FF2FF72C6
:1037F000204630BC0021FEF7F3BC10B50446C107DB
:103800004FF4602002D00023EF2201E01023FF22BA
:103810000221FEF7F9FC620800212C48FEF7B9FCF2
:1038200021480068847510BD10B5024627480C4633
:1038300003212038FEF7ADFC4CB10021BDE810405B
:103840004FF481234FF0FF321020FEF7A9BC002374
:10385000BDE810404FF2FF7219461020FEF7C0BCC1
:10386000002310B51A4619461320FEF751FC0E48E6
:103870000068C17B032902D00321C17310BD01215F
:10388000FBE770B50E46084900256C1E0A6850B16A
:1038900008250020D0737EB324F4806400212B46D9
:1038A0002246102014E017E0F00C00201C000C0051
:1038B0001400180000003443462C4454FB210940F6
:1038C0000C000A0008001100480007002800010051
:1038D000BDE87040FEF764BC0120D0736FF00804AF
:1038E00018220021F848FEF73AFCF748E8220021A8
:1038F000001DFEF734FCCEE7FFE745F48065CDE719
:1039000070B5F24D044600212846FEF70AFC6FF31D
:103910001300C4F3130202432846BDE8704000219F
:10392000FEF71DBC70B5EA4CDDE904562468283466
:1039300084E86F0070BD10B500214420FEF73EFB07
:1039400000F0010010BD10B502214420FEF7F9FB84
:103950000004C0F3006010BD2DE9F04700214FF4D2
:10396000F810FEF72BFB064600214420FEF7D9FB9A
:10397000D74C054620688561407DC043800703D150
:10398000A80401D546F00806300628D500214820B5
:10399000FEF7D7FB014620688183027D12B1007ECD
:1039A000400702D411F4606F0FD00422002144209C
:1039B000FEF7D5FB4FF4606200214820FEF7DDFBE7
:1039C0002068816B09B1183088472068808BC0055A
:1039D00005D54FF4807200214820FEF7CEFBF0079A
:1039E00009D0F82200214420FEF7D3FB2068816A29
:1039F00009B11830884770060AD52068C16B09B133
:103A0000183088474FF4C07202214420FEF7B5FBFE
:103A100030077DD520680027DFF8B09280F820704D
:103A2000C07BB84609F11C09A0B100214846FEF749
:103A3000C5FA2168C97B032900D10009C10701D05B
:103A400045F48045810701D545F40055400701D56F
:103A500045F4806520686903856108D590F82010D9
:103A60004FF4802741F0080180F8201007E0690535
:103A700005D590F8201041F0040180F82010E900ED
:103A800007D590F8201047F0805741F0100180F8DA
:103A90002010A90403D5417DC943890709D06904D1
:103AA00031D5C07B012817D003280CD000214C2031
:103AB0001AE010F8201F47F4004741F0020101709E
:103AC00020F8028C1FE0F02200214846FEF761FB3F
:103AD00000214FF4F01007E00F2200214846FEF7C6
:103AE00058FB00214FF4C010FEF72BFB21680A7B26
:103AF000B2B3C0F30902CA83000404D511F8200F41
:103B000040F001000870002147F4DE42442000E04C
:103B10000BE0FEF724FB2068C16A09B11830884722
:103B20002068C07B08B1FFF79BFEF00609D5694A03
:103B300000214420FEF713FB2068416B09B11830C7
:103B40008847B00610D5222202214420FEF721FB2F
:103B50002068016B002907D0BDE8F04718300847FE
:103B6000FFE700F07F02C6E7BDE8F08770B50446C6
:103B7000C107594E6FF47C624FF4A0201FD04FF460
:103B800010730021FEF70CFB53484FF404034FF071
:103B9000FF3200211238FEF703FB3513A00700D5D2
:103BA0004E4D00212A463046FEF7D9FAA00713D51C
:103BB000AAB23046BDE870400021FEF7D0BA00231B
:103BC0001946FEF7EDFA3046BDE8704000234FF687
:103BD000FF621946FEF704BB70BD0246002130208B
:103BE000FEF7BDBA024600212C20FEF7B8BA70B528
:103BF000002410F0050F03D1010701D4C10648D5F8
:103C0000C10709D04FF0000380071A46194601D5B5
:103C10000D2024E0032022E0010709D54FF0000326
:103C200080071A46194601D50F2018E0072016E034
:103C3000C1064FEA807009D54FF0000300281A46EC
:103C4000194601DA0E200AE0052008E04FF00003D3
:103C500000281A46194601DA102000E00920FEF774
:103C600057FA03214420FEF7A9F900074FF0FF356A
:103C700007D41A480021E038FEF753FAB0F5502F68
:103C800020D100231A4619461846FEF741FA2C4661
:103C900018E081064FEA807009D54FF00003002834
:103CA0001A46194601DA11200AE00B2008E04FF00D
:103CB000000300281A46194601DA0C2000E0012012
:103CC000FEF726FA204670BD0C001F000800010018
:103CD000F00C0020009005241600110010010F00C8
:103CE00010B500F00DFC002304461A46194618468C
:103CF000FEF70EFA2046BDE8104000F012BCFE4B65
:103D000020B141EA022020F0F00200E00022002170
:103D10001846FEF732BA70B504000CD024F0020049
:103D20004FF0FF3501280DD0042810D008282AD0E4
:103D3000102826D12CE000231A4619460220FEF74F
:103D4000E7F92AE000231A461946042003E000237D
:103D50001A4619460A20FEF7DBF903214420FEF734
:103D60002DF9000719D500231A4619461846FEF703
:103D7000CFF9A00705D400231A4619460220FEF702
:103D8000C7F928469FE700231A4619460820E2E7AC
:103D900000231A4619460620DDE7002093E710B5F8
:103DA00048B1024600213420FEF7D9F94FF40073E0
:103DB0004FF6FF7202E000234FF6FF520021BDE8EC
:103DC00010401020FEF70CBA02460021CB48FEF747
:103DD000D4B92DE9F04116460C46054600F090FB9B
:103DE0000746022E12D0012E1BD00023EA431946AB
:103DF0003C20FEF7D5F90023E24300214020FEF7E6
:103E0000CFF93846BDE8F04100F08BBB2A460021CF
:103E10003C20FEF7A4F9224600214020FEF79FF93E
:103E2000EFE72B464FF0FF352A4600213C20FEF7F6
:103E3000B7F923462A46E0E770B504464FF47025EB
:103E4000022200212846FEF7A4F9002C06D02846BD
:103E5000BDE8704001220021FEF79BB933E710B5A1
:103E600004460021A648FEF75CF9C0F30B0121804F
:103E7000C0F30B406080A2480021001DFEF751F9FD
:103E8000C0F30B01A180C0F30B40E0809C480021EF
:103E90000830FEF746F92072000C60729848002145
:103EA0000C30FEF73EF9C0F30B41A181C0F30B00CB
:103EB0006081934800211030FEF733F9C0F30B41C5
:103EC0002182A0738E4800211430FEF72AF9A074D5
:103ED000000CE0748A4800211830FEF722F9C0F384
:103EE0000B00A08210BD10B5FFF75CFC012008F0AC
:103EF000FEF981480323FF2200211638FEF784F9DA
:103F0000002211464FF48810FEF743F9012008F013
:103F1000EEF97C4801210068C1730021018210BDC7
:103F200000F03F0277480021006882737648FEF770
:103F300030B974480068807B704770B504460D4600
:103F40000020FEF770FB0F2D00DD0F25601E0328FB
:103F500000D304241022E24000216C48FEF7FFF851
:103F6000A000001F05FA00F2BDE87040002168487B
:103F7000FEF7F5B810B5044661481023FF22002172
:103F80002030FEF741F9042C00D2042422460021FF
:103F9000BDE810402C20FEF7E2B810B50446012120
:103FA000FEF77AFB204600F078FA012000F046FA8E
:103FB0000F21BDE810400120BFE770B50D46044653
:103FC00001212846FEF768FB284600F066FA01202A
:103FD00000F034FA2046BDE87040CBE72DE9F04709
:103FE0004A4C002120342046FDF7E8FF8146022399
:103FF000FF2200212046FEF707F9444E04220C362A
:1040000000213046FEF7C5F84FF4002801220021B8
:104010004046FEF7BEF808F1040500212846FDF7EA
:10402000CDFFC007F9D000214FF00810FEF789F846
:10403000C5B2070A002211464046FEF7AAF8002240
:1040400011463046FEF7A5F84A4600212046FEF705
:10405000A0F845EA072087E52A4910B50968C97A1A
:10406000401A09F070FC2B4909F052FABDE81040E3
:10407000294909F0F5B9234910B50968897A401A28
:1040800009F061FC254909F043FA042109F0B0FA6E
:10409000234909F06FFABDE81040224909F0E0B960
:1040A00001214FF00810FDF789BF00214FF00810E3
:1040B000FDF784BF70B504460D46012000F0BEF93F
:1040C00000212846FEF7E8FA284600F0E6F90F48F6
:1040D00004F03F0200210C38FEF75BF80C4C012382
:1040E000083CFF2200212046FEF78EF800212046E2
:1040F000FDF764FFC00717E01A0011000400060076
:1041000004000F00F00C0020140009002800070034
:10411000180008006666863F0000A041CDCCCC3E6A
:1041200000007F4300004040E0D10021EC48FEF752
:1041300008F8C0F30B0400F0AAF9002000F08EF993
:10414000052000F07BF92046BDE5C179827941EA7E
:104150004201427941EAC201027941EA8211C27800
:1041600041EAC211827841EA02214278007841EAAC
:10417000C22141EA003082B20021DA48FDF7FDBFDA
:10418000002118B1FF2101EB5000C1B20846704771
:1041900010B504460268D34800212430FDF7DFFF44
:1041A000D048002128306268FDF7D9FFCD480021B2
:1041B0002C30A268FDF7D3FFCA48E2680021BDE8B1
:1041C00010403030FDF7CBBF2DE9FF470446C07CDF
:1041D000FF284AD0C34E361DE9B32068E1896B46FB
:1041E000827A8DF80020427A8DF80120027A8DF8CB
:1041F0000220C2798DF8032082798DF8042042795B
:104200008DF8052002798DF80620C2788DF80720F8
:1042100082788DF8082042788DF8092002788DF890
:104220000A208DF80C100022090A8DF80B208DF859
:104230000D10017B8DF80E10C07A8DF80F00102242
:1042400000213046FDF764FF227BE089A17C131832
:104250004FF4B01600E00BE04FF4A01859B101295B
:1042600012D06FF0010004B07EE46FF00200FAE7B4
:104270000C222368E4E7207C18B14FF480604546A7
:1042800008E07F20354605E0607C10B140F2FF3049
:1042900000E07F20E77CC01B801E984202D24FF0D6
:1042A000FF30E0E751B9002128466368FDF730FF91
:1042B000E289217B2846A368FDF72AFF207C8A4DEE
:1042C000012801D0022804D12868C07B032808D027
:1042D0000120617C012906D0022904D004290AD0DA
:1042E0000FE00220F5E72968C97B032901D00121ED
:1042F00007E0022105E0E289102A02D96FF00300ED
:10430000B1E740EA4132774800211430FDF727FF3A
:10431000207B6FF4FC0100F07F02E08901EAC0100D
:104320000243704800211830FDF719FF6D48012243
:1043300000211C30FDF72DFFDFF8A89109F12009BD
:1043400000214846FDF73AFE074610F0050FF7D06A
:104350003A4600214846FDF71CFF07F03F0727F0CB
:104360003000012825D1A07C012822D1607C0128C1
:1043700004D0022802D003280AD00AE02868C07BB3
:10438000032802D04FF4901603E04FF4981600E093
:10439000464663682BB1227B1AB100213046FDF7F7
:1043A00007FEA3682BB1E2891AB1217B3046FDF7E5
:1043B000FFFD384657E74B4B183B59B1012904D054
:1043C0001B1D022906D0032907D1024602211846E7
:1043D000FDF7D3BE02460021F9E77047062101EA46
:1043E0004003CA433F4800211C38FDF7D9BE10B531
:1043F0004FF4C0734FF6FF7200213C48FDF7F0FE0A
:1044000039484FF6E07200210068037ABDE8104099
:104410003748FDF7E5BE30B4344C6FF40052052840
:1044200008D0092808D14FF40153204630BC0021A0
:10443000FDF7B6BE4023F8E730BC70472C4B1B3B62
:10444000012807D0052808D14FF400720021184632
:10445000FDF793BE41F62202F8E7704710B5044617
:10446000002211462348FDF77AFE002211464FF440
:10447000E020FDF774FE002C08D01E480021BDE8A6
:1044800010404FF0E0523438FDF769BE10BD0022F5
:10449000184811464438FDF762BE30B4154C4FF051
:1044A000FF32443C052807D00928C5D1124B2046CD
:1044B00030BC0021FDF774BE104BF8E7BCE7484361
:1044C000032A02D1B5214843C009C0F30A01C00A3A
:1044D00001F58061B1F5006F00D3401C704700000A
:1044E0001400080030000100F00C002008000B0050
:1044F0001F00110048000700001C0002003C0002E1
:1045000010B5172007F0F4FE002809D04FF0E02284
:104510004FF40001C2F88011BFF34F8FBFF36F8FCC
:1045200010BD002805D04FF0E0214FF40000C1F885
:104530000001704710B5012186B0480503F0E0FD89
:104540000121082003F0D3FDC020ADF810000320A6
:104550008DF812001C208DF8130004A9F84803F010
:104560002AFAF84C204603F005FB0020ADF80400C1
:104570004BF6FF70ADF806003020ADF808002015AE
:10458000ADF80A000001ADF80C00EF4800900121E1
:10459000204603F069FB6946204603F0FEFA06B0A8
:1045A00010BD2DE9F05FEA4C8B468246002721784A
:1045B000E64DE4483E46002971D04FF4003980466C
:1045C0004946404603F036FC50B17F1CAF4204DD43
:1045D000E0A0FDF763FB267002E020780028EFD111
:1045E00000270121404603F05DFBDFF8789309E0E6
:1045F0007F1CAF4204DDDCA0FDF750FB267007E016
:10460000207828B14946404603F001FC0028EFD04D
:1046100000273A467821404603F08BFBDFF8589399
:1046200009E07F1CAF4204DDD4A0FDF737FB267004
:1046300007E0207828B14946404603F0E8FB00280F
:10464000EFD051460027C246404603F06DFBDFF82D
:104650002883A14608F102080BE07F1CAF4205DD6C
:10466000CAA0FDF71BFB89F8006008E099F800007C
:1046700028B14146504603F0CAFB0028EDD0002483
:1046800059465746504603F04FFB0CE0641CAC42C1
:1046900006DDC2A0FDF702FB89F8006009E00EE02C
:1046A00099F8000028B14146384603F0B0FB0028D5
:1046B000ECD03846BDE8F05F012103F0FDBABDE85B
:1046C000F09F014600206CE70146402069E710B5E5
:1046D0006420FDF731FAAE20FFF7F3FF2020FFF74B
:1046E000F0FF1020FFF7EDFFB020FFF7EAFFC82032
:1046F000FFF7E7FF0020FFF7E4FF1020FFF7E1FFDF
:104700004020FFF7DEFF8120FFF7DBFFFF20FFF7F0
:10471000D8FFA120FFF7D5FFA620FFF7D2FFA820E2
:10472000FFF7CFFF3F20FFF7CCFFA420FFF7C9FF23
:10473000D320FFF7C6FF0020FFF7C3FFD520FFF708
:10474000C0FFF020FFF7BDFFD920FFF7BAFF2220FE
:10475000FFF7B7FFDA20FFF7B4FF1220FFF7B1FF32
:10476000DB20FFF7AEFF2020FFF7ABFF8D20FFF728
:10477000A8FF1420FFF7A5FFBDE81040AF20A0E779
:1047800010B50446B031C8B2FFF79BFF102040EAD5
:104790001410FFF796FF04F00F00BDE8104040F042
:1047A00001008EE770B506465FF0000404F1B0002A
:1047B000C0B2FFF786FF0020FFF783FF1020FFF74E
:1047C00080FF00253046FFF77FFF6D1CEDB2802D86
:1047D000F8D3641CE4B2082CE8D370BD0020E1E7F4
:1047E00010B58D20FFF76DFF1420FFF76AFFBDE8BD
:1047F0001040AF2065E710B58D20FFF762FF102055
:10480000FFF75FFFBDE81040AE205AE72DE9F04703
:10481000002591468A460446012B22D0DFF88C8180
:10482000022B24D155E02038C7B27E2C04D90AF1DE
:104830000100002400F0FF0A51462046FFF7A0FFC8
:1048400007EB4700002608EB4007B85DFFF73CFF89
:10485000761CF6B2062EF8D3A41D6D1CE4B2EDB2A0
:1048600001E0DFF84C8119F805000028DBD1BDE834
:10487000F0872038C7B2782C04D90AF1010000244F
:1048800000F0FF0A51462046FFF77AFF5FF000066E
:1048900006EB071118F80100FFF716FF761CF6B2B9
:1048A000082EF5D30AF10100C1B22046FFF768FFD8
:1048B0005FF0000606EB071101EB0800007AFFF736
:1048C00003FF761CF6B2082EF4D308346D1CE4B254
:1048D000EDB219F805000028CBD1C8E72DE9F04169
:1048E0000F46804600255401FFF74AFF184E761CFC
:1048F000305DFFF7E9FE6D1CEDB2641C102DF7D39F
:104900007F1CF9B24046FFF73BFF0025305DFFF703
:10491000DBFE6D1CEDB2641C102DF7D3BDE8F081F9
:104920002DE9F04798461746824600260C46DDF8EA
:1049300020904AE021465046FFF722FF554640E0CE
:10494000000C014000540040801A060040420F0055
:10495000F40C0020494943204572726F7220310ADD
:104960000000000001000300494943204572726FB6
:104970007220320A000000008200070049494320EB
:104980004572726F7220330A0000000049494320CB
:104990004572726F7220340A0000000049494320BA
:1049A0004572726F7220350A000000002E06010861
:1049B0000604010819F80600761CFFF785FE6D1C39
:1049C000EDB2BD42F6D3641CE4B24445B2D34EE727
:1049D00038B55E498022A1F1200000F0C5F85B499E
:1049E0004FF4C8728031A1F1900000F0BDF80121B0
:1049F000082003F07CFB0220ADF8000003208DF8B6
:104A0000020010208DF803006946514802F0D3FFE0
:104A10004FF48024204602F031FD4E4908200C60FE
:104A2000487101208871084602F0CAFC38BD10B5F3
:104A3000002003F0EEFA0121BDE81040C80503F0A4
:104A40005FBB45490320086070474448817A42486B
:104A500009B1052100E001210160704738B514203B
:104A60008DF8000002208DF8010000248DF802402E
:104A700001208DF80300684602F05DFB2A208DF8C6
:104A800000008DF80140684602F055FB38BD304A01
:104A900000284FF00201104601D002F0FABF02F0E8
:104AA000FABF10B5FFF794FFFFF7C1FFFFF7D6FF7E
:104AB000BDE8104001F002B90A46014623482038FB
:104AC00000F070B80A4601462048203800F052B87D
:104AD0000A4601461D48103800F064B80A460146EF
:104AE0001A48103800F046B8F0B500230A243025E3
:104AF00037261F4611E000BFB4EB107F02D905EB4B
:104B0000107C01E006EB107C01F813C001EB430CB4
:104B100000015B1C8CF80170DBB29342ECD3F0BD5A
:104B20000F4810B50168001D0468001D00680818D2
:104B30000AD008220B49FFF7D7FF0A492046042272
:104B4000BDE810401031CFE710BD0000B8180020BC
:104B5000000C0140F80D0020080F0020681B002009
:104B6000E8F7FF1F020E00200260C1604160816013
:104B70000020704770B5002483680FE0C5680668A0
:104B80005B1C35449D4200D8C36845689D4207D0F0
:104B900011F8015B866835708360641C9442EDD324
:104BA000204670BD30B500230DE04468651C4560AB
:104BB0002478CC54C46805682C4445685B1CAC421E
:104BC00001D8C468446045688468A54204D0934213
:104BD00002D204689C42E8D8184630BD10B50021C6
:104BE000426807E0C3680468491C2344521C93428E
:104BF00000D8C2688368934202D003688B42F1D820
:104C0000084610BDF0B54468059E05680AE027789F
:104C10008F420CD0C768D0F800C0641C6744A7421C
:104C200000D8C4688768A74201D06D1EEFD28168A2
:104C3000A14228D0691C26D0C768D0F800C0611CEA
:104C4000674409E0C16809E00F7897420BD0C76854
:104C5000D0F800C0491C67448F42F3D987688F425F
:104C600001D06D1EF0D282688A420CD06A1C0AD034
:104C7000C268076817444A1C974200D8C268016896
:104C80004D1B00210DE00020F0BD00BF14F8017B9A
:104C90005F54C768D0F800C0491C6744A74200D8D9
:104CA000C468944206D0B14204D207688F4201D949
:104CB0006D1EEBD242600846F0BDF0B54468066850
:104CC00009E025788D420BD0C5680768641C3D4417
:104CD000A54200D8C4688568A54201D0761EF0D2EE
:104CE0008568A54227D0751C25D0C56807682F4464
:104CF000651C09E0C56809E02F788F420BD0C768B2
:104D0000D0F800C06D1C6744AF42F3D98768AF424A
:104D100001D0761EF0D28168A9420CD0711C0AD055
:104D2000C16807686D1C3944A94200D8C56801688C
:104D30008E1B00210DE00020F0BD00BF14F8017BA8
:104D40005754C768D0F800C0491C6744A74200D830
:104D5000C468AC4206D0994204D207688F4201D998
:104D6000761EEBD2022908DCC2680021641E944240
:104D700003D2C2680368D418641E44600846F0BDBC
:104D8000F0B54468056809E026788E420BD0C66805
:104D90000768641C3E44A64200D8C4688668A642E0
:104DA00001D06D1EF0D28168A1420CD06D1C0AD0DA
:104DB000C1680568641C2944A14200D8C4684168E0
:104DC000066800250DE00020F0BD00BF11F8017B52
:104DD0005755C768D0F800C06D1C67448F4200D893
:104DE000C168A14203D09D4201D2761EEED241603D
:104DF0002846F0BDF0B54468059E002705680EE022
:104E0000B94202D1277897420FD014F8017BD0F82D
:104E10000CC0D0F800E0F444A44500D8C468D0F831
:104E200008C0A44501D06D1EEAD28168A1420CD011
:104E30006D1C0AD0C1680268641C1144A14200D8EC
:104E4000C4684168056800220DE00020F0BD00BF85
:104E500011F8017B9F54C768D0F800C0521C67440A
:104E60008F4200D8C168A14203D0B24201D26D1E68
:104E7000EED241601046F0BD0360B2FBF3F2426037
:104E8000016100218160C160084670472DE9F04151
:104E9000C568174688460446002614E060686D1C05
:104EA000854200D30025A068A8420ED02069E168A1
:104EB000226801FB02002268414608F03FFA21689F
:104EC000E5608844761CBE42E8D33046BDE8F081F8
:104ED0002DE9F041002590460E4604462F4612E08B
:104EE0002069A168226801FB02012268304608F0AF
:104EF00025FA20680644A068401CA06061686D1C0B
:104F0000884200D3A760A068E168884204D0606846
:104F1000A84201D94545E3D32846D7E70021826856
:104F200005E04368491C521C9A4200D30022C36822
:104F3000934202D043688B42F3D808467047000082
:104F400070B5294D2878012815D140212748FFF751
:104F5000BFFD0404240C4FF000060DD02246C021F2
:104F6000224800F0A1FF2146012001F086F901202E
:104F700001F05CF86E6070BD2E7070BD1B4910B5FD
:104F80004031032001F02BFB81B218484030FFF77D
:104F900099FDBDE81040032001F058B870B51448E1
:104FA000006805281FD1104C207800281BD16068AC
:104FB000411C6160052816D10020606040210B482B
:104FC000FFF786FD05042D0C0DD02A46C0210748A9
:104FD00000F06AFF2946012001F04FF9012001F09D
:104FE00025F80120207070BD280E0020C81A00206E
:104FF000080F00202DE9F0414C4E88B000243068A5
:105000004B4D688068884B4F39880840800507D52C
:105010004FF6FF5030602878401C2870FFF7BEFF25
:10502000688839880840000401D500F05BFE688874
:1050300039884FF6FF380840400504D5C6F800808F
:105040003D4840688047698838880140890402D516
:105050004DF6FF71316069880140C80405D54EF6F0
:10506000FF703060002000F0F0F96888398808404F
:1050700000050BD53148007810B100F082F902E04C
:10508000022000F0E2F94FF2FF7030606888398842
:105090000840C00546D54FF6FF6030602348001D2C
:1050A00000684FF00002000438D56868401C686052
:1050B0006868032833D91D48001F016809072ED4EA
:1050C000016889B2A9601E494FEA0D0301EB84070C
:1050D000D7F8007CBFB243F82470641C082CF5D3C9
:1050E000AC6844F00104AC60AC68A4B20460AC6885
:1050F00024F00104AC60AC68A4B2046030684005E0
:10510000FCD5C6F80080002053F8204001EB800653
:10511000A4B2C6F8004C401C0828F5D36A600720EA
:1051200000F093F908B0BDE8F0810000445C004055
:10513000300E00202C0F0020900E00200C0F0020BD
:1051400000500040FFF756BF4FF4802002F096B9A0
:1051500010B5FFF7E5FC764800240068847200F083
:10516000F1F801F01DFA7348046010BD704810B5E5
:105170000068714A00218172D2794272C172084678
:1051800000F0D4FE4FF40071002000F0E7FE102183
:10519000002000F0F8FE4021002001F04AF88021B4
:1051A000002001F03AF8002000F07CFF634890F8FE
:1051B0002C10002001F07FF8002000F047FF0021B4
:1051C000012000F0CBFEC021012001F026F82021B3
:1051D000012000F0D8FE0021012000F0EAFE4FF48B
:1051E000C061022000F0BAFE4FF48071022001F08D
:1051F00014F80021022000F0DCFE2021022000F043
:10520000C2FE0021032000F0A9FE4FF488710320A4
:1052100001F00FF84021032001F04DF84FF4405108
:10522000032000F0C6FE0021032000F0ACFE0020A9
:1052300000F084FC3F490120086010BD4048807A9E
:10524000002802D03B4905200860704739490420F6
:105250000860704739481C380178202901D10021A5
:1052600001707047704710B13448183870473049A2
:105270000820096808820020704710B12F481838AC
:1052800070472B4908200968088200207047284A87
:1052900010B500211268212802D0202808D019E07A
:1052A000107800F07F00212814D1AFF231010AE01C
:1052B000107800F07F00212801D1AFF255011F4B7B
:1052C00020201C3B187029B1002091615082884732
:1052D000002010BD022010BD15490968097801F0B1
:1052E0007F01212903D1022803D0222801D00220E6
:1052F0007047002070471149103900F049BA0F4932
:10530000083900F045BA0A490968C978042901D961
:1053100000207047094A303202EBC10100F038BA70
:1053200009B9012801D90220704700207047000008
:10533000200F0020080F0020300C0108900E0020E4
:10534000681B002010B50120FFF7A1FB6248012176
:1053500001600021614A0160031D19604FF4E051B2
:1053600011800160002010BD10B55B4C0120206051
:10537000211D00200860FFF78AFB03202060002029
:1053800010BDF8B55449002000900A68544B554CA4
:1053900092B200BF03EB8005D5F8005CADB244F8D3
:1053A0002050401C0828F5D342F48060086040F08B
:1053B0000100086020F001050D60474A121D1068C9
:1053C0004005FCD54FF6FF301060002054F82060F7
:1053D00003EB8007B6B2C7F8006C401C0828F5D371
:1053E00045F008000860086880B240F004000860DA
:1053F0003D4B18680090186820F0030040F0010051
:1054000018603A48046844F0040404601468E40432
:1054100009D54EF6FF7414600A6892B222F00802B1
:105420000A6000991960016821F004010160F8BD6B
:1054300010B5294C206880B220F004002060FFF7EE
:1054400004FB4FF43F40206010BD2DE9F041284C93
:10545000072800D020702278254D06270521042634
:105460001D48062A0BD2DFE802F0030C11161E2796
:10547000686810B12170BDE8F081FFF7D9FF27708F
:10548000F9E7FFF7D5FF2670012022E002206070C7
:1054900003202070EFE76078401E6070607800287D
:1054A000E9D12670E7E7026892B242F0100202608A
:1054B00021700A206070DEE76178491E61706178B2
:1054C0000029D8D1016889B221F01001016027704C
:1054D00000206860CFE70000405C00402C0F0020F7
:1054E00000500040481B00200070004010ED00E01C
:1054F000100F002010B5FB4C30B1FB48006800686D
:10550000804720680A3010BD2168012008820020F1
:1055100010BDF44810B50068F44AC1785278914241
:1055200003D882780AB982880AB1022010BD81723C
:10553000ED48006840688047002010BD10B5E94C78
:1055400030B1E94800688068804720680C3010BDA1
:10555000216801200882002010BD10B5E14CE44A0A
:1055600020681268C17892694079904721688A7AE8
:1055700022B118B9087908B9887808B1022010BD9D
:10558000D9480068C068804720684179C172C178F5
:105590000173002010BDD34910B5096860B1D5482A
:1055A000002202800A7853060AD002F07F02012A04
:1055B00016D0022A16D001E002200882002010BD79
:1055C000497A8A06027802D542F0020201E002F02E
:1055D000FD0249060270D1B211D401F0FE0110E0C3
:1055E000C44810BD4A7911071306C34A02EB916102
:1055F000D1F8001C07D5C1F3011106E0017841F094
:105600000101017003E0C1F301310129F6D0B64870
:10561000006800698047E3E72DE9F041B148006880
:10562000017811F07F0102D0022905D066E0417AAD
:1056300001F0DF0141724EE0418800295ED101791D
:10564000F1BB4179AC4D21F080040A0605EB8402E0
:10565000A64BD2F8002C03D5C2F30112120102E0CE
:10566000C2F3013212031E782346A64246D93AB34A
:10567000807A28B308064FEA84000ED52844D0F873
:10568000000CC0F30110012821D1184600F09CFD48
:105690002046302100F077FC19E04619D6F8000CBE
:1056A000C0F30130012812D14BF68F7748F2800801
:1056B000A4B1184600F076FDD6F8000C384000E0A2
:1056C0001CE080F4405040EA0800C6F8000C864810
:1056D0000068406980470020BDE8F081874890F865
:1056E0002C10002000F0E7FDD5F8000C384080F4C5
:1056F000405040EA0800C5F8000CE8E70220EBE75C
:1057000070B578487C4D0368597921F0800005EB2D
:1057100080000C06D0F8004C21F0800203D5C4F3C1
:105720000114240102E0C4F3013424036F4D2D78E9
:10573000954210D95A8872B96CB19A7A5AB1090651
:10574000D0F8001C48F2800207D548F6BF73194014
:1057500081F0100106E0022070BD4BF68F731940F6
:1057600081F480511143C0F8001C5F4800688069D3
:105770008047002070BD5B4810B50068417A41F059
:105780002001417258480068C0698047002010BD60
:10579000544A13685A8A10B10868104470478888C0
:1057A000801A1882002070472DE9F047DFF8348115
:1057B000534F4FF03009D8F8001001F11005088A56
:1057C0000E7A08B9042E04D0AC88A04216D804265C
:1057D00015E04848801E0178012903D007261020D3
:1057E00038802BE0474A00211268474B120403EB34
:1057F000D2325160A7F8009001701FE00226844267
:1058000000D90446A968204688478246002000F057
:105810001DFD01462246504600F046FB2146002071
:1058200000F02BFD2888001B2880688820446880B1
:10583000A7F8009035494FF440500880D8F8000090
:105840000672BDE8F08770B5264D28680178447867
:105850004A0606D001F07F00012828D002282BD06C
:1058600035E0092C06D0052C07D0032C0ED0012CD6
:1058700014D02CE0FFF74DFE28E0C1787F292ED808
:10588000817861BB818851BB807A27E0C17801298A
:105890001DD18088D8B9FFF76EFF17E0C1780129C4
:1058A00015D1818899B9407A80060AD40FE00B2C73
:1058B0000DD1FFF752FE09E0012C02D0032C03D0DA
:1058C00005E0FFF7A9FE01E0FFF71AFF48B108491C
:1058D0002046096849698847032819D008B108207B
:1058E00024E017E0200F0020280F0020E00E002009
:1058F000240F00201A0F002000500040900E0020BE
:10590000300F0020505C0040006000402E0F00204F
:1059100009200BE0DE4A062000211268DD4B12044C
:1059200003EBD2325160DC4A3021118029680872C1
:1059300070BDF8B5D94CDA4D0926206800272968D2
:105940004278062A05D0AAB1082A4ED00A2A52D097
:105950006EE0027852066BD18078012804D00228CC
:1059600004D0032804D063E0C96959E0096A57E00C
:10597000496A55E04288BABBC288022A58D10279E6
:1059800092BB0278530601D1838833B102F07F02C3
:10599000012A05D0022A0DD04AE0AFF205413FE0CE
:1059A0008A69407900219047F0B92068807A002800
:1059B000F3D13DE0417901F00F0001F070020B06D8
:1059C000B84901EB8001D1F8001C03D5C1F30111E6
:1059D000090102E0C1F301310903B34B1B78834293
:1059E00026D90AB90029D8D122E0007840061FD173
:1059F000AFF2FF4114E0027802F07F02012A17D1D2
:105A0000827AAAB142889AB902798AB9C288012AEF
:105A10000ED18A6940790021904748B9AFF2E3413D
:105A200031B120684782816100208847002006E06C
:105A300029682068096940788847032813D02168BD
:105A40000A8AA2F57F43FF3B0BD002280ED06AB131
:105A50000878000625D5C888009082420AD90882B5
:105A600018E00E72F8BD20680672F8BD4FF008000D
:105A70000872F8BD0ED228688C4B90F82C00824238
:105A800001D21F7006E0B2FBF0F400FB142008B94D
:105A900001201870286890F82C008882BDE8F84032
:105AA00082E603200872824900030880F8BD81481D
:105AB00010B590F82C10002000F0FDFB774800682E
:105AC000007A082802D0092809D006E078494FF466
:105AD00080500880704910200880002010BD0120EF
:105AE00010BD70B56A4800686C4D0004C10B694870
:105AF0000144098989B200EB41042868017A092927
:105B00000FD02178017061784170A08800F03CFDD1
:105B100029684880208900F037FD29688880A0899D
:105B2000C880286801210172C08820B1FFF701FFF9
:105B3000BDE87040BBE7FFF786FEF9E7F0B55A49CC
:105B4000584D48F68F770B78002148F2800C0BE017
:105B5000CEB205EB8604D4F8002C3A40324342EA38
:105B60000C02C4F8002C491C9942F1D3484940F07A
:105B70008000091F0860F0BD10B5484C2068017A0C
:105B8000022904D0042902D0062905D015E0FFF728
:105B90000BFE2068007A11E04178052909D10178CF
:105BA000490606D1C078FFF7C9FF43480068006A7C
:105BB00080473B4800688068804708202168087259
:105BC000BDE8104073E710B5344C2068007A022815
:105BD00011D004280FD0032804D0052802D00728AC
:105BE00005D008E000F00EF82068007A04E02C48A8
:105BF0000068C0688047082021680872BDE810402E
:105C000055E770472DE9F047244EDFF88C803027A8
:105C1000356835F8100FA968A9B100B3AC88844283
:105C200000D904462046884781462888001B2880E2
:105C3000688820446880002000F013FB014622465B
:105C4000484600F044F9288848B119494FF44050BB
:105C500008800021084600F010FBA8F80070288892
:105C6000A988884201D3032001E018B105203168DA
:105C70000872E6E5316806200872054900200968C7
:105C8000044A090402EBD1314860A8F80070D8E555
:105C9000505C004000600040300F0020200F0020CA
:105CA000240F002000500040E00E0020180F0020BC
:105CB0002E0F0020900E0020280F002006480549D6
:105CC000022201600A72064A0449C0E9011208680A
:105CD00000470000681B0020200F0020900E0020CD
:105CE000E40E00202DE9F84F0020ADF80000DFF8A9
:105CF0009CA14BF6BF7648F28007644D644C40F699
:105D00008F7848F60F7BDFF88C910AF1440A31E076
:105D10000888614A10F00F00107034D05F4901EB21
:105D20008001D1F8002CADF80020BDF8002012044D
:105D30000BD5D1F8002C02EA0802C1F8002C584912
:105D400001EB800050F8040C8047BDF8000000060D
:105D500010D551485149007801EB8001D1F8002C51
:105D600002EA0B02C1F8002C4E4901EB800050F80A
:105D7000040C8047DAF800004946A9F80000000446
:105D8000C6D4BDE8F88F28682080208800F0300055
:105D90006080208800F4405020802868304080F4E3
:105DA000005080F02000384328600888C00628682A
:105DB00015D400EA0B002860FFF7DEFE26E02188FC
:105DC000890401D580F400506188C90626D4618811
:105DD000890601D580F0200038432860D1E7ADF86E
:105DE0000000BDF80000000506D5286800EA08009C
:105DF0002860FFF776FE09E0BDF800000004B9D581
:105E0000286800EA08002860FFF7DDFE286821887E
:105E10003040C904D3D580F48050D0E780F0100022
:105E2000D5E72DE9F041194C1B4E1C4F4434194D58
:105E300026E000BF47F6FF702060288800F00F01C1
:105E400007EB81003170D0F8002C92B2130408D512
:105E5000D0F8002C40F68F731A40C0F8002C104880
:105E600009E012060CD5D0F8002C48F60F731A4042
:105E7000C0F8002C0B4800EB810050F8040C804760
:105E8000206828800004D5D4BDE8F081005C004083
:105E90002E0F0020320E00201C0F0020005000406A
:105EA000580E00203C0E0020104B10B5521C52081A
:105EB00003EB41010AD000BF10F8013B521E10F85D
:105EC000014B43EA042321F8043BF5D110BD074BF5
:105ED000521C520803EB410106D000BF31F8043BCD
:105EE00020F8023B521EF9D17047000000600040CC
:105EF000FC4908607047FB48006880B27047F94968
:105F0000091D08607047F748001D006880B270479F
:105F1000F4480830006880B27047F2490C310860DC
:105F20007047F0480C30006880B27047ED4920F0AF
:105F30000700103108607047EA481030006880B2EE
:105F40007047E94A02EB8000C0F8001C7047E64940
:105F500001EB8000D0F8000C80B270478200E2486C
:105F60000244D2F8000C48F68F1318400843C2F8D8
:105F7000000C7047DC4901EB8000D0F8000CC0F346
:105F80004120400270478200D7480244D2F8000CFA
:105F900048F6BF731840CB0601D580F01000890683
:105FA00001D580F0200048F280010843C2F8000CBF
:105FB00070478200CC480244D2F8000C4BF68F7335
:105FC0001840CB0401D580F48050890401D580F4B9
:105FD000005048F280010843C2F8000C704700B539
:105FE0000A460346FFF7B3FF9900BF4B012A194445
:105FF00007D0022A04D120F0100000BFC1F8000C25
:1060000000BD20F48050F9E7B74901EB8000D0F8DB
:10601000000CC0F3011000017047B34901EB800090
:10602000D0F8000CC0F30130000370478100AE4887
:106030000144D1F8000C48F6BF72104080F03000E7
:1060400048F280021043C1F8000C70478100A64856
:106050000144D1F8000C4BF68F72104080F4405090
:1060600048F280021043C1F8000C704781009E483E
:106070000144D1F8000C48F68F72104048F28012AB
:106080001043C1F8000C7047810097480144D1F8D3
:10609000000C48F68F62104048F280021043C1F8AD
:1060A000000C7047810090480144D1F8000C48F67C
:1060B0008F62104048F280021043C1F8000C704714
:1060C000810089480144D1F8000C48F68F721040D5
:1060D00048F280121043C1F8000C704781008248DA
:1060E0000144D1F8000C48F68F72104048F280123B
:1060F0001043C1F8000C704781007B480144D1F87F
:10610000000C48F68F62104048F280021043C1F83C
:10611000000C7047744901EB8000D0F8000CC0F30C
:106120000110012800D0002070476F4901EB80006A
:10613000D0F8000CC0F30130012800D000207047D7
:10614000810069480844D0F8001C40F68F72114065
:10615000C0F8001C7047810063480844D0F8001C58
:1061600048F60F721140C0F8001C704781005E486D
:106170000144D1F8000C48F68F7210404CF28002B6
:106180001043C1F8000C7047810057480144D1F812
:10619000000C48F68F72104048F2C0021043C1F85C
:1061A000000C7047810050480844D0F8001C490496
:1061B00009D5D0F8001C48F68F7211404CF28002CD
:1061C0001143C0F8001C7047810047480844D0F8CC
:1061D000001C490609D5D0F8001C48F68F72114002
:1061E00048F2C0021143C0F8001C704782003E48CC
:1061F0001044D0F8002C48F68F731A400A4348F236
:1062000080010A43C0F8002C7047374901EB800039
:10621000D0F8000C00F00F007047324A21F0010165
:106220001032126892B202EBC000304A42F81010ED
:1062300070472C4A21F001011032126892B202EB31
:10624000C0002A4A02EB40008160704725491031A6
:10625000096889B201EBC000244931F8100080B20E
:10626000704720491031096889B201EBC0001F490D
:1062700001EB4000008980B270471A4A1032126860
:1062800092B202EBC000194A02EB40004160704735
:106290003E2909D94A09C90601D1521E92B24FF4CA
:1062A000004141EA822104E04A08C90700D0521C9B
:1062B0009102016070470B4A1032126892B202EBF1
:1062C000C0000A4A0C3202EB40023E2910D94809AC
:1062D000C90601D1401E80B24FF4004141EA80203E
:1062E0000BE00000405C00400050004000600040B7
:1062F0004808C90700D0401C800210607047A549BB
:10630000096889B201EBC000A34901EB4000808815
:10631000C0F3090070479F49096889B201EBC000CA
:106320009D4901EB40008089C0F30900704730B5FA
:1063300021F0010497490B6822F001029BB203EBA4
:10634000C0035D00944BEC50096889B201EBC000BA
:1063500003EB4000826030BD8E4A21F001011268DB
:1063600092B202EBC0008C4A42F810107047894A82
:1063700021F00101126892B202EBC000864A02EBE2
:106380004000816070478349096889B201EBC00011
:10639000814931F8100080B270477E49096889B29E
:1063A00001EBC0007C4901EB4000008980B27047DE
:1063B0002DE9F043774D012912D002290ED1296829
:1063C00089B201EBC0014B0073490B445A602B6842
:1063D0009BB203EBC00001EB4000C260BDE8F0835C
:1063E00029686D4B89B201EBC0011B1D03EB410C09
:1063F000530951085E1E4C1C4FF400493E2A07D930
:106400001F465FEAC26800D1B7B249EA872705E0B4
:106410000F465FEAC27800D02746BF02CCF8007072
:106420002D68ADB205EBC0005B4D0C3505EB4000AF
:106430003E2A05D9D10600D1B3B249EA832103E04F
:10644000D20700D0214689020160C7E7514B0129DC
:106450000AD0022907D1196889B201EBC0004E4960
:1064600001EB400042607047196889B201EBC0003F
:106470004949091D01EB40013E2A09D95009D206BC
:1064800001D1401E80B24FF4004242EA802004E075
:106490005008D20700D0401C8002086070473D4B76
:1064A00001290AD0022907D1196889B201EBC0007D
:1064B000394901EB4000C2607047196889B201EBAD
:1064C000C00035490C3101EB40013E2A09D9500981
:1064D000D20601D1401E80B24FF4004242EA802031
:1064E00004E05008D20700D0401C800208607047CA
:1064F0002849096889B201EBC000274901EB400037
:106500008088C0F3090070472249096889B201EB0D
:10651000C000214901EB40008089C0F309007047A9
:106520001C4A116889B201EBC0014B001A490B44A7
:106530009B8913F47C4F01D001207047126892B2FE
:1065400002EBC00001EB400080888005F5D00220FE
:106550007047124B48F68F7203EB800001290AD076
:10656000022907D1D0F8001C11404CF280021143DF
:10657000C0F8001C7047D0F8001C114048F2C0025F
:10658000F5E741EA00207047C1B2000A40EA012065
:1065900070470000505C0040006000400050004028
:1065A00018490020086018494FF43F4008801549F9
:1065B000091F08600020704770B500F07F05144681
:1065C0000E462846FFF742FE0146A2B23046FFF7CC
:1065D0006BFCA1B22846FFF750FE002070BD70B5DD
:1065E00000F07F060D463046FFF795FE0446304624
:1065F000FFF737FE014622462846FFF768FC204693
:1066000070BD0000445C00402C0F00202DE9F047D5
:1066100088461D4616468146012101F043FBE94F9D
:1066200064243946484601F0F2FB10B9641EA4B256
:10663000F7D200224146484601F07BFB14B9E249FB
:1066400000200860E14F64243946484601F0DFFB32
:1066500010B9641EA4B2F7D23146484601F064FB7B
:10666000DA4E6424B61C3146484601F0D0FB10B91E
:10667000641EA4B2F7D22946484601F055FB6424B3
:106680003146484601F0C3FB10B9641EA4B2F7D2EC
:106690000121484601F010FBCD4D642429464846AF
:1066A00001F0C8FB10B1641EA4B2F7D20021484625
:1066B00001F00CFB5020FBF73FFA0020BDE8F0870B
:1066C00010B50B4602463221C248FFF79FFF00205B
:1066D00010BD10B537212020FFF7F2FF0321212044
:1066E000FFF7EEFFC0212220FFF7EAFF88212320D9
:1066F000FFF7E6FF7F213020FFF7E2FF0221322083
:10670000FFF7DEFF03213320FFF7DAFF5F21BDE84B
:1067100010402020D4E72DE9F05F322688468346DA
:10672000AC4F64244FF0FF3A4FF4003500E0641E94
:106730002946384601F07EFB10B1002CF7D194E0D9
:10674000002C1AD00121384601F0ACFAA04D642487
:106750000F3D00E0641E2946384601F06BFB50B146
:10676000002C0AD000223146384601F0E2FA6424B7
:10677000DFF8589203E0002CECD176E0641E494625
:10678000384601F044FB58B1002C6ED059463846CB
:1067900001F0CAFADFF83492642409F1020903E037
:1067A000002CEBD161E0641E4946384601F02FFB16
:1067B00030B144B30121384601F074FA642403E097
:1067C000002CF0D151E0641E2946384601F032FB1E
:1067D00048B1C4B101223146384601F0AAFA794DD8
:1067E00064246D1C03E0002CEDD13EE0641E2946BC
:1067F000384601F00CFB20B12CB1724D64243F35BA
:1068000003E0002CF2D130E0641E2946384601F046
:10681000FEFAA0B14CB3384601F088FA05464FF2B3
:10682000FF71384601F09CFA0021384601F04EFA1B
:106830000121384601F040FA6424654E03E0002C43
:10684000E2D112E0641E3146384601F0F3FA10B18D
:10685000002CF7D109E044B10021384601F036FAA6
:1068600088F800500020BDE8F09F5046FBE72DE976
:10687000FC5F82460020009004466D46019004F1C2
:1068800028002919C0B2FFF746FF18B14FF0FF30BA
:10689000BDE8FC9F641CE4B2062CF0D3BDF90000F7
:1068A000001107F050F80646BDF90200001107F08C
:1068B0004AF80446BDF90400001107F044F8054603
:1068C000304607F044F902460B4643A0FBF7E6F9D1
:1068D000204607F03CF902460B4642A0FBF7DEF9E2
:1068E000284607F034F902460B4641A0FBF7D6F9DB
:1068F000304607F08AF8002800DA404207F023F813
:106900008346204607F081F8002800DA404207F06D
:106910001AF80446284607F078F8002800DA4042C2
:1069200007F011F8814607F012F94FF08048002275
:10693000434608F0D5FF05460E46204607F007F906
:106940000022434608F0CCFF07460C46584607F0A5
:10695000FEF80022434608F0C3FF3A46234606F0FD
:1069600053FE2A46334606F04FFE09F0A7FC07F017
:1069700031F904460146484607F048F900D2A146DD
:106980002146484606F0F6FD07F0E1F808F0E0FB86
:10699000012206F0C1FF194A194B06F04EFF0022F2
:1069A000184B06F0D8FE07F015F90146164806F018
:1069B000A9FD10F1FF4F00D30020CAF8000000200D
:1069C00066E7000001000300340F0020820007008A
:1069D00010000010005800406163635F783A25663C
:1069E0000D0A00006163635F793A25660D0A0000B5
:1069F0006163635F7A3A25660D0A00001F85EB51DB
:106A0000B81E0940008056400000B44210B586B060
:106A100001F062FA4FF48034204601F076FA01F07A
:106A2000A1FA28B3102000F041FD022000F02EFD55
:106A3000002001F0CFFA002001F0DAFAA01101F0F5
:106A4000D0FA601001F0E9FA4FF4E011204601F0AD
:106A5000AAFA012001F0AFFA392001F06EFA0028FD
:106A6000FAD0022001F0AAFA01F0AFFA0828FBD10F
:106A7000684601F0F3FA06B010BD10B502F030FC24
:106A8000FFF7C4FFFAF728FDBDE81040FAF76FBA28
:106A900005F003FD214C94F8290010B1FAF773FAC0
:106AA000FCE702231EA219461320FDF7AFFE0223C6
:106AB0001EA204211320FDF7A9FE1F4D4FF6FF76FD
:106AC00002E000BFFAF75FFA2868C089B042F9D047
:106AD0002868807C28B194F82800012812D0A0B141
:106AE00015E02068A0F52A41AA3910D194F82800B1
:106AF000012801D018B10AE005F079FB07E006F0A3
:106B000063F804E004F098FB01E003F04DFFFEE7BA
:106B1000FFF7B3FF00F0A6F8FEE70000880B0020A7
:106B2000506C656173652053656E64004154204369
:106B30006F6D6D616E64000048140020704730A0D6
:106B4000FBF7ACF833488168491C8160FAF7BEF95D
:106B500000F049F830A0FBF7A1F82E48C168491CA5
:106B6000C160FAF7B3F900F03EF830A0FBF796F8F1
:106B700028480169491C0161FAF7A8F900F033F8C7
:106B80002FA0FBF78BF823484169491C4161FAF7B4
:106B90009DF900F028F87047704770472D4801684C
:106BA000491C0160FAF7D4BF10B505F04AFCBDE8F6
:106BB0001040202000F062BC10B501218C07204657
:106BC00002F089F900280DD00121204602F08FF94A
:106BD00021490888421C0A80FAF7F1FEBDE81040FE
:106BE000FBF71EB810BDBFF34F8F1C4801681C4A4D
:106BF00001F4E06111430160BFF34F8F00BFFDE777
:106C0000486172644661756C745F48616E646C655E
:106C1000720A0000880B00204D656D4D616E616742
:106C2000655F48616E646C65720A00004275734668
:106C300061756C745F48616E646C65720A00000077
:106C400055736167654661756C745F48616E646C0D
:106C500065720A0044140020380F00200CED00E09B
:106C60000400FA0500F08EB870B50D460646002403
:106C700004E0305DFE4909F01FFB641CAC42F8DB08
:106C800070BD70B5FB4DFC4C06F05DFE294606F06C
:106C90003FFC2146BDE8704006F034BC70B5F74DAE
:106CA0000026F74C2878022801D0667070BD607805
:106CB0000028FBD1F24801220421001DFAF7C6FF8B
:106CC000012060702E7070BD2DE9F041EC4C8046C3
:106CD000EC49D4E90570EC4D06F0C2FB06462946A6
:106CE00006F0BEFB0146304606F044FC0546404631
:106CF00006F029FE394606F005FC294606F008FC98
:106D0000394606F0ADFB0746606129464FF07E50DC
:106D100006F0F8FB314606F0FBFBA0613846BDE803
:106D2000F04106F072BE2DE9F041D54C8046D549C0
:106D3000D4E90770D44D06F093FB0646294606F0C9
:106D40008FFB0146304606F015FC0546404606F02E
:106D5000FAFD394606F0D6FB294606F0D9FB39463E
:106D600006F07EFB0746E06129464FF07E5006F0B4
:106D7000C9FB314606F0CCFB20623846BDE8F04145
:106D800006F043BE9EB0C1A0FAF788FF05F09CFA5A
:106D900005F04EFA022005F040FA00BFFCF7D3FDE3
:106DA0000028FBD00020FBF796FA401C08D0B4481E
:106DB0005030FBF761FE38B1BAA0FAF76FFFFEE77B
:106DC000BDA0FAF76BFFFEE7C048FBF7C1FC43F636
:106DD000D0742046FCF701F82046FCF704F80320A5
:106DE000FBF72AFCBA4DBB4FA54CDFF8EC8200261E
:106DF0000020FCF7E9FF0020FCF7D1FF0020FCF7A2
:106E00008AFF00214420FBF78CF92842A060F8D0CB
:106E1000208940047DD54FF4804200214420FBF7B7
:106E20009EF91BA8FCF7CCF80028E1D000214C20EB
:106E3000FBF777F9C0F30901182903D80022A54808
:106E4000FCF729F88E49BE700A225E31A14806F08F
:106E5000B2FA0028CCD104F0C7FBA04AC4E90A0169
:106E6000801841F10001000A40EA0160FCF7BAFE17
:106E700040F29E20FCF744FD4FF49670FCF78FFF24
:106E80007F4920786831002288700D20FBF7B0FF21
:106E9000012200210F20FBF7D2FF0520FCF794FF11
:106EA0000320FCF7A4FE401CA2D000214420FBF7E5
:106EB00038F92842A060F8D02078401C2070208942
:106EC0004004A7D54FF4814200214420FBF747F945
:106ED0001BA8FCF775F800288AD000214C20FBF78E
:106EE00020F9C0F30901182903D800227948FBF7DB
:106EF000D2FF6349BE700A227531764806F05BFA0C
:106F00000028A7D104F05BFBC4E90C0104F06CFB82
:106F100000E003E1C4E90E016E481CA90A3004F048
:106F200078FB6C481DA90E3004F073FB694803A977
:106F3000123004F06EFBA06A0890D4F838A0D4F8A0
:106F400030901D981C990190401A06F031FD83463F
:106F5000AAEB0900079106F02BFD824605910399E3
:106F60000198081A06F024FDCDE901100898A9EB54
:106F7000000006F01DFD0090894652465846059BCC
:106F8000079906F041FBDDE9013206F03DFB4B4677
:106F9000009A06F039FBCDE90910DDE901104B46F6
:106FA000009A06F0D8FB0091814652465846059B50
:106FB000079906F0D0FB4A46009B06F0C6FBDDE9C8
:106FC000093206F03AFC06F085FD06F0FEFC444A64
:106FD000444B06F0C0FB4FF09852434BC4E91001FC
:106FE00006F0B9FB0022414B06F0B5FBC4E91201E3
:106FF00006F038FDFFF745FE06F007FD8246FCF778
:1070000054FA60800020FCF786FEB4F902905046E6
:10701000FFF789FE82464846FFF756FE002800DA51
:1070200040428146E0605FEA0A0001D5CAF10000F3
:10703000206120210BA806F09AF9202113A806F060
:1070400096F94A462AA10BA807F02EFB002102233D
:107050000BAA0846FDF7DAFB28A113A8226907F05E
:1070600023FB022313AA19460020FDF7CFFB4DE0B6
:1070700068140020C8D27F3FAEC78C43ED0C0020BF
:10708000400F0020BC74933C1D5A243F4453545776
:1070900052205245205354532D5344432076312ED1
:1070A00030000000434F4E464947204641494C4579
:1070B0004420202020200000494E495420464149C8
:1070C0004C45442020202020000000004C140020CB
:1070D00000D02724841B00200090272468816D03A2
:1070E000FA48CE3B1835B13D19DDB14100408F4023
:1070F000476F633A20256420202000004B433A204C
:107100002564206D6D202020000000000649208AA3
:107110004870000A8870FFF7C1FD69E64246002109
:107120004420FBF71CF863E6440F0020284908437D
:1071300028490860704770B50F23C4780178012290
:10714000F4B1244C2468457804F4E064C4F5E064A8
:10715000240AC4F10406E3408478B5401C402C4363
:1071600001F1E021230181F80034007800F01F01D3
:107170008A404009800000F1E020C0F8002170BD85
:1071800001F01F0082404809800000F1E020C0F8B3
:10719000802170BD104A114001430E48001F01605C
:1071A00070470C4A121D0029116801D0014300E00C
:1071B0008143116070474FF0E0210428086903D033
:1071C00020F004000861704740F00400FAE7000076
:1071D0000000FA050CED00E080FFFF1F01684FF68C
:1071E000FE72114001600021016041608160C16058
:1071F0006A496A4A0839904203D1486840F00F0052
:1072000006E0664A1432904204D1486840F0F0002B
:1072100048607047614A2832904203D1486840F480
:107220007060F5E75D4A3C32904203D1486840F413
:107230007040EDE7594A5032904203D1486840F41B
:107240007020E5E7554A6432904203D1486840F423
:107250007000DDE7514A7832904203D1486840F02F
:107260007060D5E74E4A111F904203D1086840F084
:107270000F0006E04A4A1432904204D1086840F0F8
:10728000F00008607047464A2832904203D10868EF
:1072900040F47060F5E7424A3C32904203D10868FE
:1072A00040F47040EDE73E4A50329042EAD108681F
:1072B00040F47020E5E730B5036847F6F072934379
:1072C0000C6A8A682243D1E904452C4322438C6925
:1072D0002243CC6922434C6A22438C6A22431A43DC
:1072E0000260CA6842600A6882604968C16030BD55
:1072F0000021016041608160C16001614161816183
:10730000C16101624162816270470029016802D057
:1073100041F0010102E04FF6FE721140016070473A
:10732000002A026801D00A4300E08A4302607047E5
:1073300041607047406880B2704701460020CA0033
:1073400002D5174A083A01E0144A083A12680A427C
:1073500000D001207047C10003D51149091F086002
:1073600070470E4908394860704701460020CA003E
:1073700002D50B4A083A01E0084A083A12680A4264
:1073800000D001207047C10003D50549091F0860DE
:107390007047024908394860704700000800024001
:1073A00008040240374900200860091D0860091DD3
:1073B0000860091D0860334933481431086070477C
:1073C00030B530498379026853B30B6893430B603F
:1073D0000A1D13680468A343136002790A44136802
:1073E000046823431360274A083213680468A343E0
:1073F0001360131D1C680568AC431C604479102C95
:1074000005D021440A68006802430A6030BD116853
:10741000046821431160196800680143196030BD98
:107420000079084401689143016030BD002101608A
:1074300001710C22427181717047124910310A6842
:1074400002430A60704701460E4A00201432126857
:107450000A4200D0012070470A4914310860704781
:10746000084A014600201268064B0A4014331B6884
:107470000B4202D0002A00D001207047014914318C
:107480000860704700040140FFFF0F00FC4A1168CC
:1074900001F03801014311607047F9490A6822F090
:1074A00008020A600A6802430A607047F4490A68E1
:1074B00022F010020A600A6802430A607047F0482E
:1074C000F0494160F04941607047ED48ED49416045
:1074D000ED4941607047EA48016941F0800101616E
:1074E0007047E748016941F0800101617047E44954
:1074F0000420CA68D20701D001207047CA68520729
:1075000001D502207047C968C906FBD50320704722
:1075100000B50346FFF7EBFF03E000BFFFF7E7FF0F
:107520005B1E012803D0002B00D1052000BD002BDD
:10753000F4D1FAE770B505464FF430263046FFF730
:10754000E7FF042811D1CE4C206940F002002061F1
:107550006561206940F0400020613046FFF7D8FFA8
:10756000216941F6FD721140216170BD30B54FF4C3
:1075700030252846FFF7CCFF042810D1C04C2069E5
:1075800040F004002061206940F04000206128465E
:10759000FFF7BEFF216941F6FB721140216130BD4A
:1075A00000B50346FFF7A3FF03E000BFFFF79FFF0F
:1075B0005B1E012803D0002B00D1052000BD002B4D
:1075C000F4D1FAE730B54FF430252846FFF7E8FF4D
:1075D000042810D1AA4C206940F0040020612069E1
:1075E00040F0400020612846FFF7DAFF216941F6AC
:1075F000FB721140216130BDA1490020C969890792
:1076000000D50120704770B5A525FFF7F5FF00B143
:1076100000254FF430263046FFF77AFF042827D1A3
:10762000974C9848A0609848A060206940F02000DE
:107630002061206940F0400020613046FFF768FF7C
:1076400041F6EF7604280ED1206941F6DF7108403B
:107650002061206940F0100020618C4805804FF4C3
:107660000050FFF755FF052802D021693140216104
:1076700070BDF8B5064600204FF4005C00900D4642
:107680006046FFF745FF042816D17D4C206940F085
:107690000100206135806046FFF73AFF41F6FE7732
:1076A000042806D1B61C280C009630806046FFF7EF
:1076B0002FFF216939402161F8BDF0B506464FF42E
:1076C00000570D463846FFF723FF04280CD16C4CB9
:1076D000206940F00100206135803846FFF718FF2F
:1076E0002169BA1E11402161F0BDF0B506464FF484
:1076F00000570D463846FFF70BFF042813D1604CA6
:107700006048A0606048A060206940F010002061DF
:1077100035803846FFF7FCFE052804D0216941F684
:10772000EF7211402161F0BD2DE9F041C04300F03E
:10773000FF0CC0F30727C0F30746050E4FF40058AF
:107740004046FFF7E5FE042837D14D4C4D49A16076
:107750004D49A160216941F010012161BCF1FF0F89
:1077600008D04A480830A0F800C04046FFF7D0FED5
:1077700004281BD1FF2F07D044480A300780404619
:10778000FFF7C6FE042811D1FF2E07D03F480C306A
:1077900006804046FFF7BCFE042807D1FF2D07D026
:1077A0003A480E3005804046FFF7B2FE052804D067
:1077B000216941F6EF7211402161BDE8F08170B599
:1077C00005464FF430263046FFF7A2FE042818D1B4
:1077D0002B4C2C48A0602C48A060206940F0200071
:1077E0002061206940F0400020613046FFF790FEA4
:1077F00041F6DF71042805D0052802D022690A402D
:10780000226170BD206908402061206940F01000AD
:1078100020611E480DB1002100E0A5210180304605
:10782000FFF776FE0528ECD0216941F6EF72114092
:10783000216170BDF0B5124C0746124816460D4640
:10784000A0601148A0604FF4005C6046FFF760FE46
:10785000042814D1206940F01000206135430B4901
:107860003D43891C45F0F80008806046FFF750FE54
:10787000052804D0216941F6EF7211402161F0BD65
:107880000020024023016745AB89EFCD00F8FF1FC0
:107890001C48C069800870471A48006A7047194937
:1078A00000200968890600D501207047154A002983
:1078B000116901D0014300E0814311617047014625
:1078C0000020104A012903D0D2680A4203D1704730
:1078D000D169C907FBD0012070470A49C8607047C9
:1078E00008490420CA68D20701D001207047CA683D
:1078F000520701D502207047C968C906FBD503208D
:107900007047000000200240914910B5884206D11E
:107910000121042000F0FDFB002104203BE08D4903
:10792000884206D10121082000F0F3FB0021082045
:1079300031E08949884206D10121102000F0E9FB9D
:107940000021102027E08549884206D1012120200E
:1079500000F0DFFB002120201DE08149884206D194
:107960000121402000F0D5FB0021402013E07D499B
:10797000884206D10121802000F0CBFB002180202D
:1079800009E0794988420AD184150121204600F096
:10799000C0FB00212046BDE8104000F0BABB10BD7E
:1079A00010B50121084600F0B4FB0021BDE81040ED
:1079B000012000F0AEBBF0B5CA78002502F00F033D
:1079C000D20601D58A7813430A784FF00F0E12F0D1
:1079D000FF0F4FF001021DD0D0F800400F8802FACF
:1079E00005F63740B74211D14FEA850C0EFA0CF775
:1079F00024EA070703FA0CF43C43CF78282F02D07F
:107A0000482F02D002E0466100E006616D1C082D9F
:107A1000E4D304600C88FF2C1ED944685FF0000694
:107A200006F1080702FA07F50F882F40AF420FD181
:107A30004FEA860C0EFA0CF7BC4303FA0CF73C43F2
:107A4000CF78282F00D14561CF78482F00D105612C
:107A5000761C082EE4D34460F0BD4FF6FF71018020
:107A6000022181700421C170704702460020926893
:107A70000A4200D001207047806880B270470246F9
:107A80000020D2680A4200D001207047C06880B24E
:107A9000704701617047416170470AB101617047E9
:107AA00041617047C160704741F4803282618161F9
:107AB00082618169806970472C4B10B51A684FF656
:107AC0008074224042EA00100843186010BD284923
:107AD000C8617047F0B5254C002801DAE36900E081
:107AE0006368420D120185B2C0F301579540C0F39F
:107AF0000346032F05D0C2020AD50322B2409343A6
:107B000007E023F07062636823F07063636002E053
:107B1000AB4343F0706201B12A43002801DAE2610D
:107B2000F0BD6260F0BD10B58A0721F003040F4973
:107B3000130F21440F228C689A4094438C608A680A
:107B4000984002438A6010BD0949C1F8DC007047C3
:107B500000080140000C01400010014000140140E9
:107B600000180140001C01400020014000000140BD
:107B700000002042C64910B588424FF0010101D1F2
:107B80004C0501E04FF48004204600F0CBFA20467B
:107B9000BDE81040002100F0C5BA70B504468088E9
:107BA00086B00D4620F03F06684600F057FAB94906
:107BB0000298B0FBF1F189B20E43A680228822F030
:107BC00001022280B44B2A689A421CD85200B0FBB2
:107BD000F2F080B2042800D20420491C2184A08342
:107BE000208840F00100208021884FF6F5300140C8
:107BF000A8886A89104308432080A88929890843F6
:107C0000208106B070BDEB88A3F53F46FF3E0BD048
:107C100002EBC20303EB0212B0FBF2F080B240F4BD
:107C20008040020506D007E002EB4202B0FBF2F012
:107C300080B2F6E740F001004FF4967251434FF4E2
:107C40007A72B1FBF2F140F40040C6E741F28831AC
:107C50000160002181804BF6FF72C2800181418169
:107C60004FF48041818170470029018802D041F0A2
:107C7000010101E021F001010180704700298188A4
:107C800002D041F4006101E021F40061818070477D
:107C90000029818802D041F4805101E021F4805113
:107CA000818070470029018802D041F4807101E091
:107CB00021F48071018070470029018802D041F4CD
:107CC000007101E021F400710180704700290188F2
:107CD00002D041F4806101E021F4806101807047AD
:107CE000828901F0FE0122F0FE021143818170477A
:107CF0000029818902D041F0010101E021F0010158
:107D0000818170470029018802D041F0400101E0E3
:107D100021F0400101807047002A828801D00A4387
:107D200000E08A438280704701827047008AC0B2B7
:107D3000704712B141F0010101E001F0FE01018242
:107D4000704708B508440090008808BD00290188E4
:107D500002D041F4004101E0C1F30E0101807047FF
:107D6000B1F5006F018803D021F4006101807047F4
:107D700041F40061FAE7B1F5005F018803D021F416
:107D800000510180704741F40051FAE70029018851
:107D900002D041F4805101E021F48051018070470C
:107DA000B1F5006F018803D021F4006101807047B4
:107DB00041F40061FAE70029018802D041F0200176
:107DC00001E021F0200101807047008B000A70471C
:107DD0000029018802D041F0100101E021F01001DA
:107DE000018070470029018803D021F080010180C3
:107DF000704741F08001FAE7B1F5804F818B02D0E6
:107E000021F4804101E041F48041818370470246C2
:107E10000020938A128B43EA024323F07F4291436E
:107E200000D101207047818A008B41EA004121F096
:107E30007F4070470CB50246002000920A0F21F0E7
:107E40007F41019202D0009A143202E0009A090C9C
:107E50001832009212680A4200D001200CBDC943BA
:107E60008182704710B5034600209A884FF4E06481
:107E700004EA11449B8A224021F07F410B4202D048
:107E8000002A00D0012010BDC94381827047000044
:107E90000054004040420F00A08601000D490860D8
:107EA00070470C49486070470A4988607047094923
:107EB0004AF6AA200860704706494CF6CC40086094
:107EC0007047044A01460020D2680A4200D00120CF
:107ED0007047000000300040A448016841F00101F3
:107EE00001604168A24A114041600168A14A114005
:107EF0000160016821F480210160416821F4FE01E4
:107F000041604FF41F018160704798490A6822F46C
:107F100080320A600A6822F480220A60B0F5803F4D
:107F200007D0B0F5802F03D1086840F4A020086086
:107F30007047086840F48030F9E702460020530992
:107F40008A49012B0AD0022B0AD0496A02F01F028B
:107F5000012393400B4200D0012070470968F5E7E8
:107F6000096AF3E718B500204FF4A06400903120AF
:107F7000FFF7E3FF0099491C0091A14201D00028BE
:107F8000F5D03120FFF7D9FF002800D0012018BD1F
:107F900076490A6822F0F80242EAC0000860704799
:107FA000754908607047714A5368084323F47C138D
:107FB0001843506070477049086670476B4A5168B3
:107FC00021F003010143516070476848406800F0A8
:107FD0000C007047654A516821F0F001014351607F
:107FE0007047624A516821F4E06101435160704773
:107FF0005E494A6822F4605242EAC0004860704715
:108000005A4A0029517A01D0014300E0814351725C
:1080100070475949C1F8D8007047544A516821F453
:1080200040410143516070475049002281F82020AF
:1080300081F82020012802D0042802D1052081F8EF
:10804000200070474D490860704748490A6A02435A
:108050000A627047494944390860704730B543495E
:108060004A6812F00C03464A03D0042B01D0082BB7
:1080700021D002604A680F23424C03EA1212A35C2B
:108080000268DA4042604B68072505EA1323E35C87
:1080900022FA03F383604B6805EAD323E35CDA40FA
:1080A000C2604968032303EA9131231F595CB2FB84
:1080B000F1F1016130BD4A684B6802F470124FF073
:1080C000020413F4803F04EB924202D04B689B03FE
:1080D00001D52D4B00E02A4B5A43CAE7234A002919
:1080E000516901D0014300E08143516170471F4A4B
:1080F0000029916901D0014300E0814391617047FB
:108100001A4A0029D16901D0014300E08143D161BD
:108110007047164A0029D16801D0014300E081432D
:10812000D1607047114A0029116901D0014300E074
:1081300081431161704711494039086070470E4909
:10814000C86470470949C87170470848416A41F0DE
:10815000807141627047054A0146002092680A42D8
:1081600000D001207047014988727047001002401A
:108170000000FFF8FFFFF6FE00004242800442428A
:1081800000127A00CF0F002000093D00994910B578
:1081900088420AD1841401212046FFF7BAFF204605
:1081A000BDE810400021FFF7B4BF9349884202D1D7
:1081B0000121041404E0914988420AD10121C41329
:1081C0002046FFF7AFFF2046BDE810400021FFF733
:1081D000A9BF10BD30B502884C8802F441530A880B
:1081E000CD8822438C882C4322430C8922434C891E
:1081F00022438C892243CC8922431A430280828BFA
:1082000022F400628283098A018230BDF0B50546FE
:108210000C4602200021AA8B85B001264FF24003B4
:108220001A40AA832884AF8BA268022A27D0A0888C
:1082300000B102266846FFF711FFE1880098B1F50A
:10824000007F2DD07101B0FBF1F000BF00EB80008A
:10825000A1684000B0FBF1F0401D80B20A21B0FBE4
:10826000F1F000F00101401A4FF6FF72C0F34F0029
:1082700002EA0121821EFE2A01D302200021E288A7
:10828000084302432A8420886188A2890843A18880
:1082900011430843384340F40060A88305B0F0BDA3
:1082A000000AD3E70021018041808180C1800181E3
:1082B00041818181C18107210182704700210180B4
:1082C00041808180C18002228260818170470029C3
:1082D000018802D041F0400101E021F0400101801D
:1082E00070470029818B02D041F4806101E021F4C4
:1082F000806181837047090901238B40002A8288AD
:1083000099B201D00A4300E08A4382807047002A74
:10831000828801D00A4300E08A43828070478181CD
:10832000704780897047A1F57E420188FF3A02D0EC
:1083300041F4807101E021F48071018070470029CF
:10834000818802D041F0040101E021F00401818024
:108350007047028822F40062028002880A43028089
:108360007047018841F480510180704700290188DD
:1083700002D041F4005101E021F400510180704726
:10838000012901D0008B7047808A7047008A7047AE
:10839000B1F5804F018803D021F4804101807047FE
:1083A00041F48041FAE70246002012890A4200D0D7
:1083B00001207047C9430181704710B501F00F04D7
:1083C0000122034602FA04F4002009098A4091B20E
:1083D0009A88A4B20A401989214202D0002A00D00A
:1083E000012010BD01F00F0201219140C94301811C
:1083F000704700000030014000380040003C004061
:10840000F94910B5884202D10121C41486E0B0F1C7
:10841000804F09D0F54988420DD101210220FFF794
:1084200081FE0021022064E001210846FFF77AFE68
:10843000002101205DE0EE49884206D1012104209F
:10844000FFF770FE0021042053E0EA49884206D17C
:1084500001210820FFF766FE0021082049E0E649D7
:10846000884206D101211020FFF75CFE0021102078
:108470003FE0E249884206D101212020FFF752FE69
:108480000021202035E0DE49884202D10121441438
:1084900044E0DC49884202D10121CC043EE0DA49C3
:1084A000884202D101210C0538E0D849884202D126
:1084B00001214C0532E0D649884206D101214020F5
:1084C000FFF730FE0021402013E0D249884206D158
:1084D00001218020FFF726FE0021802009E0CE49FF
:1084E00088420AD1841501212046FFF71BFE002196
:1084F0002046BDE81040FFF715BEC849884202D1AA
:1085000001210C040AE0C649884202D101214C0431
:1085100004E0C44988420AD101218C042046FFF7B7
:10852000F8FD2046BDE810400021FFF7F2BD10BD68
:1085300030B50288AC4BB24C98420DD0A0420BD063
:10854000B0F1804F08D0A94DA84205D0A84DA8424F
:1085500002D0A84DA84203D122F070054A882A43D0
:10856000A54DA84206D0A54DA84203D022F44075DF
:10857000CA882A4302808A8882850A8802859842AE
:108580000AD0A04208D0A54A904205D0A44A904201
:1085900002D0A44A904201D1097A01860121818248
:1085A00030BD30B5028C22F001020284028C838837
:1085B000048B22F0020224F073050C882C430D89F1
:1085C00015434A882A43884DA8420BD08C4DA842B7
:1085D00008D0924DA84205D0914DA84202D0914DAD
:1085E000A8420DD122F008054A8923F440732A439A
:1085F00022F004058A882A438D891D43CB892B43A9
:1086000083800483C9888186028430BD70B5028C62
:1086100022F010020284028C8488038B0D8823F4DC
:10862000E6464FF6FF7303EA052535430E8922F02F
:10863000200203EA061616434A8803EA021232436E
:10864000694EB04202D06E4EB04215D122F0800683
:108650004A8924F4406403EA0212324322F04006BD
:108660008A8803EA021232438E8903EA8606264389
:10867000CC8903EA8404344384800583C988018754
:10868000028470BD70B5028C22F480720284028C68
:108690008488838B0D8823F073031D4322F40073B9
:1086A0000E894FF6FF7202EA06261E434B8802EA45
:1086B000032333434C4EB04202D0514EB04215D149
:1086C00023F400664B8924F4405402EA0323334325
:1086D00023F480668B8802EA032333438E8902EAFF
:1086E00006162643CC8902EA041434438480858329
:1086F000C9888187038470BD70B5028C22F48052D2
:108700000284048C8288838B0D8823F4E6464FF61E
:10871000FF7303EA0525354324F400560C8903EA68
:10872000043434434E8803EA063626432E4CA042D6
:1087300002D0334CA04205D122F480448A8903EA56
:108740008212224382808583C988A0F84010068463
:1087500070BD828B22F440628283828B4FF6FF735E
:1087600003EA01210A4382837047828B22F00C02C4
:108770008283828B0A4382837047028B22F4406299
:108780000283028B4FF6FF7303EA01210A4302833F
:108790007047F0B5048C24F010040484078B048C1B
:1087A0004FF6FF7527F4734705EA03333B4305EAA9
:1087B00002221A430C4B05EA011698420ED0104BC8
:1087C00098420BD0B0F1804F08D0084B984205D0AA
:1087D000074B984202D0074B984225D124F0200144
:1087E000314341F0100124E0002C0140000400401E
:1087F00000080040000C0040001000400014004041
:1088000000340140004C0140005001400054014040
:1088100000180040001C00400020004000400140C3
:10882000004401400048014024F0A0030B4343F002
:10883000100102830184F0BD028B22F00C0202833E
:10884000028B0A430283704770B5048C24F0010444
:108850000484058B048C4FF6FF7606EA031313435A
:1088600025F0F305F94A2B4390420ED0F84A904286
:108870000BD0B0F1804F08D0F64A904205D0F64AAE
:10888000904202D0F54A904202D124F0020201E067
:1088900024F00A020A4342F001010383018470BDFF
:1088A0002DE9F05F0D4604460888E84FDFF8A0C3C5
:1088B000DFF8A0834988AA882B894FF0804960B3EC
:1088C000042832D04FF6FF7E082836D0208C9B46F5
:1088D00020F480502084A38B268C704600EA02226C
:1088E00023F473431A4300EA0B3010430EEA013EAF
:1088F000BC420BD0644509D04C4507D0444505D057
:10890000D54A944202D0D54B9C4245D126F4005121
:1089100041EA0E0141F4805143E02046FFF794FF05
:10892000E9882046BDE8F05F86E72046FFF731FF83
:10893000E9882046BDE8F05F1FE7208C20F48070B6
:108940002084B4F81CA0208C0EEA031313432AF0F1
:10895000F30A0EEA012B43EA0A03BC420BD064453A
:1089600009D04C4507D0444505D0BB4A944202D0BB
:10897000BA4A944204D120F4007040EA0B0002E0AD
:1089800020F42060084340F48070A3832084E988A9
:108990002046BDE8F05FE8E626F402420A4342F4CE
:1089A0008051A08320462184E988BDE8F05FD0E6AD
:1089B0002DE9F0410C46002649880746012501B9FA
:1089C0000226A288012A00D10225208823890028B6
:1089D000384610D0FFF7DDFEE1883846FFF7CDFEC0
:1089E00023892A4631463846FFF72EFFE18838466C
:1089F000BDE8F04120E7FFF727FFE1883846FFF7A1
:108A00001BFF23892A4631463846FFF7C2FEE1881C
:108A10003846BDE8F041B0E610B50A884B88CC88EE
:108A20001A438B8823431A430B891A434B8989893C
:108A30001A430A43A0F8442010BD4FF6FF7181800D
:108A400000210180C18041800172704700210180B6
:108A500041808180C180018141818181C1817047D4
:108A600000210180418001228280C1800181704704
:108A70000021018041808180C1800181418181810B
:108A800070470029018802D041F0010101E021F086
:108A9000010101807047002930F8441F02D041F4E1
:108AA000004101E0C1F30E0101807047002A828974
:108AB00001D00A4300E08A43828170478182704777
:108AC0001143A0F848107047002A828901D00A4358
:108AD00000E08A4382817047018921F0070101810A
:108AE0007047028922F070020A430281704700B584
:108AF0000346FFF7F6FF188940F00700188100BD14
:108B000070B516460D46602904464FF00102314605
:108B10000AD0FFF799FE29462046FFF7E2FF208999
:108B200040F00700208170BDFFF733FEF3E730B55A
:108B300004894FF6FF7505EA03231343E4B20B43A0
:108B40002343038130BD10B50446FFF7F0FF2089B1
:108B500040F07700208110BD10B50446FFF7E7FF15
:108B6000208940F48040208110BD018582827047B9
:108B7000028822F070020A430280704770B50589AE
:108B8000048B068C25F007050D434FF6FC410C4085
:108B900040F201110C434FF6FF7101EA031126F078
:108BA00022061143314305810483018470BD028B89
:108BB00022F070020A4302837047028B4FF6FF7364
:108BC00022F4E04203EA0121114301837047828BC2
:108BD00022F070020A4382837047828B4FF6FF7344
:108BE00022F4E04203EA0121114381837047002906
:108BF000018802D041F0800101E021F08001018074
:108C000070470029818802D041F0040101E021F081
:108C10000401818070470029818802D041F0080159
:108C200001E021F00801818070470029818802D08D
:108C300041F0010101E021F0010181807047028BC8
:108C400022F008020A43028370470000002C014012
:108C5000003401400004004000080040000C0040C7
:108C6000028B4FF6FF7322F4006203EA01211143E5
:108C70000183E9E7828B22F008020A438283E3E75B
:108C8000828B4FF6FF7322F4006203EA0121114345
:108C90008183D9E7028B22F004020A430283D3E7DF
:108CA000028B4FF6FF7322F4806203EA0121114325
:108CB0000183C9E7828B22F004020A438283C3E75F
:108CC000828B4FF6FF7322F4806203EA0121114385
:108CD0008183B9E7028B22F080020A430283B3E763
:108CE000028B4FF6FF73C2F30E0203EA0121114318
:108CF0000183A9E7828B22F080020A438283A3E7E3
:108D0000828B4FF6FF73C2F30E0203EA0121114377
:108D1000818399E7028C22F002020A43028493E7DE
:108D2000028C22F008020A4302848DE7028C4FF67F
:108D3000FF7322F0200203EA01111143018483E74B
:108D4000028C4FF6FF7322F0800203EA01111143F7
:108D5000018479E7028C4FF6FF7322F4007203EA74
:108D60000121114301846FE7028C4FF6FF7322F457
:108D7000006203EA01211143018465E7028C4FF68A
:108D8000FF7322F4005203EA0131114301845BE7CF
:108D900010B50123048C8B409C430484038C8A40CF
:108DA0001343038410BD10B50423048C8B409C43F3
:108DB0000484038C8A401343038410BD30B501241E
:108DC000058C00F118038C40A543058489B108295E
:108DD0000FD0091FC1F34E001844016821F4E0418F
:108DE000016001684FF6FF7303EA0222114301603C
:108DF00030BD03EB5100016821F070010160016892
:108E0000F4E70029018802D041F0020101E021F0DD
:108E10000201018018E70029018802D041F0040115
:108E200001E021F0040101800EE70029818802D0D1
:108E300041F0800101E021F08001818004E7028897
:108E400022F00802028002880A430280FCE682883F
:108E500022F07002828082880A438280F4E60289CE
:108E600022F00702028102890A430281ECE60289AC
:108E700022F08002028102890A430281E4E68184B1
:108E8000E2E68185E0E68186DEE60187DCE6818731
:108E9000DAE6A0F84010D7E6028822F44072028099
:108EA00002880A430280CFE6808ECDE6008FCBE6B3
:108EB000808FC9E6B0F84000C6E6808CC4E6008D1D
:108EC000C2E602460020128A0A4200D00120BBE618
:108ED000C9430182B8E602460020138A92890B42F8
:108EE00002EA010202D0002A00D00120ACE6C94308
:108EF0000182A9E6C44910B588420AD101218C0338
:108F00002046FFF706F92046BDE810400021FFF794
:108F100000B9BE49884202D101214C0410E0BC498D
:108F2000884202D101218C040AE0BA49884202D168
:108F30000121CC0404E0B84988420AD101210C0582
:108F40002046FFF7EFF82046BDE810400021FFF76C
:108F5000E9B810BD30B50446008A85B00D464CF620
:108F6000FF710840E98801432182A1894EF6F31080
:108F70000140A8882A8910436A890A431043A081C6
:108F8000A08A4FF6FF410840A9890143A1826846A3
:108F9000FFF764F89C48844201D1039800E00298EE
:108FA000A189090400EBC00101EB0010296801D57B
:108FB000490000E08900B0FBF1F06422B0FBF2F15F
:108FC00009010B096FF018056B4300EB8300A389BF
:108FD0001D044FF0320306D503EBC000B0FBF2F0E6
:108FE00000F0070005E003EB0010B0FBF2F000F02A
:108FF0000F000843208105B030BD4FF416510160C9
:1090000000218180C18001810C22428181817047D1
:1090100010B5038A4FF2FF0213400A884C8822439E
:109020008C88C9880C4322431A43028210BD002158
:10903000018041808180C18070470029818902D0F0
:1090400041F4005101E021F400518181704710B5D5
:10905000C1F3421301F01F040121A140012B07D0ED
:10906000022B07D01430002A026805D00A4304E01E
:109070000C30F8E71030F6E78A43026010BD002A92
:10908000828A01D00A4300E08A4382827047028AC2
:1090900022F00F020282028A0A430282704782890A
:1090A00022F40062828182890A438281704700290A
:1090B000818902D041F0020101E021F002018181A9
:1090C0007047028A22F020020282028A0A43028248
:1090D00070470029018A02D041F4804101E021F467
:1090E000804101827047C1F3080181807047808808
:1090F000C0F308007047818941F001018181704708
:10910000028BD2B20283028B42EA012101837047B3
:10911000028B02F47F420283028B0A430283704770
:109120000029818A02D041F0200101E021F02001D4
:10913000818270470029818A02D041F0100101E04C
:1091400021F01001818270470029818A02D041F00C
:10915000080101E021F0080181827047002981891E
:1091600002D041F4004101E0C1F30E01818170475A
:109170000029818A02D041F4006101E021F40061FC
:1091800081827047828A22F004028282828A0A43A4
:10919000828270470029818A02D041F0020101E0F9
:1091A00021F00201818270470246002012880A42A3
:1091B00000D001207047C9430180704730B501F0ED
:1091C0001F0201240025C1F3421304FA02F2012B0D
:1091D0000FD0022B0FD0838A4FEA1121008813424F
:1091E00004FA01F400EA040001D000B10125284688
:1091F00030BD8389F0E7038AEEE70A0A0121914036
:10920000C94301807047000000380140004400401D
:1092100000480040004C0040005000400648804795
:1092200006480047FEE7FEE7FEE7FEE7FEE7FEE74B
:10923000FEE7FEE7FEE7FEE7E1920008ED0000082A
:109240000CB500214B4801910091026842F4803234
:1092500002604FF4A063026802F400320092019AA7
:10926000521C0192009A12B9019A9A42F3D10268F3
:10927000920333D5012100913F490A6842F0100260
:109280000A600A6822F007020A600A6842F00202D5
:109290000A604168416041684160416841F4806111
:1092A0004160416821F47C114160416841F4E8115A
:1092B0004160016841F08071016001688901FCD55D
:1092C000416821F003014160416841F002014160C1
:1092D0004168C1F381010229FAD10CBD00910CBD96
:1092E000244810B5016841F0010101604168234A3A
:1092F000114041600168224A11400160016821F477
:1093000080210160416821F4FE0141604FF41F019A
:109310008160FFF795FF1B494FF00060086010BDAA
:10932000144910B54868184A10F00C03174803D0C8
:10933000042B01D0082B0AD002604968134AC1F3FC
:109340000311121D515C0268CA40026010BD4A68D8
:109350004B6802F470124FF0020413F4803F04EBE8
:10936000924202D04B689B0301D5094B00E0064BAB
:109370005A43E1E700100240002002400000FFF8DD
:10938000FFFFF6FE08ED00E000127A00E00F00207B
:1093900000093D0010B5FEA0F8F780FC002010BDCC
:1093A00010B5022801D0002010BDFDA0F8F776FC12
:1093B000BFF34F8FFC480168FC4A01F4E0611143A0
:1093C0000160BFF34F8F00BFFDE700887047018841
:1093D000408801EB0040704710B5002306E000BF55
:1093E00030F8134021F813405B1C9BB29342F7D333
:1093F00010BD2DE9F0414FF0006516460F460446BA
:10940000A8421DD3EA4904EB4600884218D2FEF771
:1094100056F8A4F10060C00A05EBC020FEF78AF8F8
:10942000002507E037F8151004EB4500FEF745F975
:109430006D1CADB2B542F5D3BDE8F041FEF74BB8B7
:10944000BDE8F081F0B500242546D3074FF0FF3783
:1094500034D12FE0035DA3F13006092E01D8F6B216
:109460000BE0A3F14106052E01D8373B04E0A3F140
:109470006106052E22D8573BDEB203195B78A3F1B3
:10948000300CBCF1090F02D80CF0FF030DE0A3F182
:10949000410CBCF1050F01D8373B05E0A3F1610C8D
:1094A000BCF1050F0AD8573BDBB243EA06134B5514
:1094B000A41C6D1C9442CDDB0020F0BD3846F0BDED
:1094C00030B5002414E0035DA3F13005092D01D867
:1094D0000D550BE0A3F14105052D01D8373B04E004
:1094E000A3F16105052D01D8573B0B55641CE4B26F
:1094F0009442E8D30023184609E05B1CDBB2CC5C45
:109500005B1C44EA04140C54401CDBB2C0B293420E
:10951000F3D900220A5430BDF0B5ADF2044D0D462A
:1095200006464FF4806714463946684603F01FFF2D
:109530003946684603F01BFF304603F035FF02460C
:10954000A04203DB2246314668460AE00020694615
:10955000A31A01E00D54401C8342FBDC0819801A59
:10956000314603F0EBFE68460DF2044DF0BD2DE9E7
:10957000F84F0D46002857D0012855D0DFF834A207
:109580000323072701248C4E4FF0100C0AF1040826
:109590004FF4A02202281CD0032845D1272D43D206
:1095A00056F8251000293FD00878012856D0022807
:1095B0003AD1002191461046F8F7B3FD56F8251030
:1095C000C968072901EB410159D304FA01F20243AA
:1095D00058E0272D28D256F82510002924D00878E5
:1095E000012811D002281FD1002191461046F8F71A
:1095F00098FD56F82510C968072901EB410115D3DC
:1096000004FA01F2024314E04C680D89ADF80050F1
:109610008DF803C08DF8023069462046FEF7CBF97D
:1096200029462046FEF737FABDE8F88F8F4020EA3A
:10963000070200214846F8F792FD002211465046E5
:10964000F8F78DFD002147464046F8F76AFD56F8C9
:109650002510097B8C4020EA040227E04C680D8924
:10966000ADF800508DF803C08DF8023069462046F1
:10967000FEF7A1F929462046FEF70BFAD4E78F4002
:1096800020EA070200214846F8F769FD002211464A
:109690005046F8F764FD002147464046F8F741FD83
:1096A00056F82510097B04FA01F202433846BDE85A
:1096B000F84F0021F8F753BD2DE9FF411C46154630
:1096C0000ECB3EA0F8F7EAFA00200190029003903A
:1096D000032D05D0294642A0F8F7E0FABDE8FF8146
:1096E000206803F061FE0828206804D20822302197
:1096F000FFF712FF206003F057FE024601A9206821
:10970000FFF7A0FE206803F04FFE024638A0216854
:10971000F8F7C4FA9DF8070000909DF806309DF810
:1097200005209DF8041036A0F8F7B8FA606803F039
:109730003BFE0828606804D208223021FFF7ECFEC7
:10974000606003F031FE024602A96068FFF77AFE0E
:10975000606803F029FE024630A06168F8F79EFABF
:109760009DF80B0000909DF80A309DF809209DF8A7
:1097700008102EA0F8F792FAA06803F015FE08284A
:10978000A06804D208223021FFF7C6FEA0605BE08B
:109790004457333030302D3030310D0A0000000096
:1097A0000D0A4F4B0D0A00000CED00E00400FA0515
:1097B00000000808080005000C120020617267769E
:1097C0005B305D3A25732C617267765B315D3A25BB
:1097D000732C617267765B325D3A25730D0A000067
:1097E0006572726F7220617267633A25640D0A00B8
:1097F000617267765B305D3A25732C25640D0A0033
:109800006770696F5374617465313A25782C2578D7
:109810002C25782C25780D0A0000000061726776EF
:109820005B315D3A25732C25640D0A006770696F02
:109830005374617465323A25782C25782C25782C60
:1098400025780D0A00000000082203A9FFF7FAFDA1
:10985000A06803F0A9FD0246FEA0A168F8F71EFA71
:109860009DF80F0000909DF80E309DF80D209DF89A
:109870000C10FCA0F8F712FA0425002401AFC4F183
:109880000306385D6E4300F00300F1B2FFF76FFE90
:10989000385D711CC0F38100C9B2FFF768FE385D06
:1098A000B11CC0F30110C9B2FFF761FE385DF61CB0
:1098B0008009F1B2FFF75BFE641CE4B2042CDED336
:1098C000002402AFC4F10306385D6E4306F11001B7
:1098D00000F00300C9B2FFF74AFE385D06F111013E
:1098E000C0F38100C9B2FFF742FE385D06F11201F4
:1098F000C0F30110C9B2FFF73AFE385D1336800994
:10990000F1B2FFF734FE641CE4B2042CDAD3002475
:1099100003AFC4F10306385D6E4306F1200100F089
:109920000300C9B2FFF723FE385D06F12101C0F341
:109930008100C9B2FFF71BFE385D06F12201C0F3BA
:109940000110C9B2FFF713FE385D23368009F1B26A
:10995000FFF70DFE641CE4B2042CDAD3BEE670B54A
:1099600014460D4602280FD003280DD101210846C8
:10997000FEF7BDFB0121C248FEF7ACF800212346EB
:109980002A460846FFF798FE002070BD2DE9F04FEB
:10999000A1B002F062FDBBA0F8F780F9002402F04C
:1099A00093FC02F045FC022002F037FC4FF0FF3B35
:1099B0004FF47A7607E0022002F02FFC641CB442D8
:1099C00001DDB5A0A6E0F9F7BEFF0028F3D0B6A0F0
:1099D000F8F764F90020F8F77EFC401C0ED0B5A023
:1099E000F8F75CF90320FAF7C1F8B7A0F8F756F9D1
:1099F000B948F9F741F818B1B8A08BE0BCA089E0EC
:109A0000C0A0F8F74BF9FAF794FADFF8CC82A8F186
:109A1000A408454688F80000F8F7EBFC0446024627
:109A200095F90010BBA0F8F739F91CB1C2A0F8F7FE
:109A300035F980E00024A146EA4600204946524616
:109A4000641C1154401C7F28FBDB0020FAF763F9EB
:109A5000BFA0F8F723F90025C14F07E0022002F06C
:109A6000DCFB6D1CB54201DDBEA053E000214420AB
:109A7000F8F757FB3842F1D0400465D5BDA0F8F7A0
:109A80000DF900214C20F8F74CFBC0F309017F29A8
:109A900008D800226846F9F7FEF99DF80110BCA02D
:109AA000F8F7FCF8F9F75CFA03F071FF6FF01902B0
:109AB00003F032FF0022BC4B03F04DFE04F08AF8A5
:109AC000054604F044F802460B46B8A0F8F7E6F85D
:109AD000B5F17E5F02DC15F1814F21D9BB492846E3
:109AE00003F016FD0746454698F9000003F02BFFEA
:109AF000394603F007FD03F088FF00F03F002870AF
:109B0000FAF70EFA95F90010B1A0F8F7C7F8C82CCB
:109B100013DDBBA0F8F7C2F8584621B0BDE8F08FBE
:109B20001E21444698F90000F8F711FD94F9001041
:109B3000B9A0F8F7B3F80020EFE74FF48042002116
:109B40004420F8F70CFB78E7BEA0F8F7A7F8C34A63
:109B5000F5E710B5022804D1FFF718FF08B101207E
:109B600010BD002010BD2DE9F05F002402F0ACFB19
:109B700002F05EFB022002F050FB4FF0FF3B4FF47F
:109B80007A7807E0022002F048FB641C444501DDBE
:109B900041A03FE0F9F7D7FE0028F3D00020F8F706
:109BA0009AFB401C05D04C48F8F766FF18B14BA053
:109BB00030E0ABA02EE00120FAF73EF90120F9F7E2
:109BC0001CFE454C0125DFF8A4A24FF00009A43C7F
:109BD00001E0A7A01EE00020524649461154401C57
:109BE0007F28FBDBA54A00201154401C2528FBDB05
:109BF000A2487421743803F0BAFB0020FAF78BF8FE
:109C00000026574F0BE0022002F007FB761C46456A
:109C100005DD54A0F8F742F85846BDE8F09F002152
:109C20004420F8F77EFA38426060ECD0A088400407
:109C30000ED54FF4804200214420F8F790FA00211D
:109C40004C20F8F76EFAC0F3090161807F2917E113
:109C50005EE10000617267765B325D3A25732C2508
:109C6000640D0A006770696F5374617465333A2537
:109C7000782C25782C25782C25780D0A00000000FA
:109C80000004300072785F776974685F7874616C83
:109C90005F7472696D0D0A0049444C455F52432060
:109CA0006572726F720D0A0049444C455F52430D54
:109CB0000A0000006477745F696E697469616C6999
:109CC00073650D0A000000006477745F7365746C3F
:109CD0006564730D0A000000A8120020434F4E4631
:109CE0004947204641494C4544202020202000007F
:109CF000494E4954204641494C45442020202020CB
:109D0000000000006477745F636F6E666967757248
:109D1000650D0A007543757272656E745472696DD3
:109D20005F76616C3A25642C587472696D466C6775
:109D30003A25640D0A000000616C72656164792047
:109D400063616C6962726174696F6E0D0A00000074
:109D50006477745F7278656E61626C650D0A0000ED
:109D600000D0052472785F74696D65206F75740D7D
:109D70000A0000005359535F5354415455535F52E6
:109D8000584643475F4249545F4D41534B0D0A00CB
:109D90004672616D652052656365697665642073FE
:109DA00065713A25640A000080842E4161646A75F9
:109DB0007374696E6720207874616C4F6666736592
:109DC000745F70706D3A25660D0A00007BC7543FC2
:109DD00061646A757374696E67206477745F736514
:109DE000747874616C7472696D20754375727265F4
:109DF0006E745472696D5F76616C3A25640D0A0069
:109E000061646A757374696E6720636F756E742020
:109E10006F75740D0A000000656E64206477745FCE
:109E20007365747874616C7472696D2075437572B2
:109E300072656E745472696D5F76616C3A25640D5B
:109E40000A0000005359535F5354415455535F4126
:109E50004C4C5F52585F4552520D0A000090052449
:109E6000494E4954204641494C4544009C1B002022
:109E7000636F756E74206F75740D0A00A81C002046
:109E800003D80022F748F9F706F8F6489830F9F7B2
:109E9000D4F8F44C25219834B4F840008009801E91
:109EA00082B204F174003034F9F722F8608A03F0CA
:109EB0007FFD00224FF0804305F012FD064620880A
:109EC0000D46400503F074FD32462B4603F0B5FC09
:109ED00003F080FE05F02AFCE34903F019FB03F0D0
:109EE00036FEE24AE24B03F030FC03F073FE03F06F
:109EF0002EFE02460B46DFA0F7F7D0FE218BE1A035
:109F0000F7F7CCFE218EE3A0F7F7C8FE002084E629
:109F1000E44A00214420F8F722F9D2488030F9F7CA
:109F20009EFF6D1CC82D7FF753AE52E610B5022878
:109F300004D1FFF718FE08B1012010BD002010BDAC
:109F4000F0B5002506462C4606E0355D202D01D0F3
:109F5000092D03D1641CA4B28C42F6D30023012046
:109F60002D2D1BD1801E17E0355DA5F13007092F7F
:109F700003D803FB0253303B0EE0A5F16107052F28
:109F800003D803FB0253573B06E0A5F14107052F19
:109F900006D803FB0253373B641CA4B28C42E3D3C4
:109FA0005843F0BD7CB50D4606464FF0FF3402F035
:109FB0008BF902F03DF9022002F02FF915B1012DC5
:109FC00006D01CE0022231460020F9F775FB16E0AE
:109FD00000200090022269460190F9F76DFB00987D
:109FE00008B9019808B1214606E002223146002056
:109FF000F8F7BCFA04460146ABA0F7F74FFE20463F
:10A000007CBDF0B58BB01646022804D00021032891
:10A0100002D001286FD09CE00591069107910024A1
:10A02000306803F0C1F90C2866D105AF012501E0C5
:10A03000052C20D2326812F81400A0F13001092951
:10A0400005D91139052902D92039052954D805EB3C
:10A050004403D15CA1F1300CBCF1090F07D9A1F187
:10A06000410CBCF1050F02D96139052974D88DF86E
:10A070001C00D05C1EE0326812F81400A0F1300120
:10A08000092905D91139052902D92039052963D8AB
:10A0900005EB440C12F80C10A1F13003092B05D983
:10A0A000113B052B02D96139052955D88DF81C00C3
:10A0B00012F80C008DF81D001022022107A8FFF7EE
:10A0C0003FFF3855641CE4B2062CB1D39DF818004C
:10A0D00001AC9DF81B309DF81A209DF8191084E8FA
:10A0E0000F009DF8170000909DF816309DF8152080
:10A0F0009DF8141001E015E02EE06EA0F7F7CEFDFC
:10A100009DF817100598BDF8182061F31F6008909E
:10A11000014671A00992F7F7C1FD012108A8FFF7D8
:10A1200041FF16E003910491002103A8FFF73AFFD5
:10A130009DF80F009DF811209DF810108DE8070084
:10A140009DF80E309DF80D209DF80C1066A0F7F7D5
:10A15000A5FD00200BB0F0BD0120FBE770B590B06D
:10A1600016460D46022826D0684C032802D0012846
:10A1700024D020E04021684603F0F9F8306803F06D
:10A1800062F910F0FF0001D0012807D1012D05D19F
:10A1900084F82900012801D1FAF720FB94F829203E
:10A1A0005BA1684604F080FA684603F0FDF881B2CE
:10A1B0006846F7F708F810B0002070BD40216846E7
:10A1C00003F0D5F8EAE700B591B04021684603F006
:10A1D000CEF84E484EA190F82920684604F064FA63
:10A1E000684603F0E1F881B26846F6F7ECFF11B07B
:10A1F000002000BD002070472DE9F04FADF57B7DBC
:10A200008A4681464FF0FF364FF0FA0800244FF49B
:10A210007A71684603F0ABF842A1484603F0B2F801
:10A22000002818D0404D00BF55F83410484603F0C0
:10A23000A9F8070010D055F8340003F0B5F83844F9
:10A24000A0EB09018AB2092C05D201783F296ED012
:10A2500031B13D297BD0AAE0641C092CE4D3A6E0EF
:10A260006DE064E09C1B002000002041CDCCCCCCF4
:10A27000CC6C5E407369675F706F7765723A256674
:10A280000D0A0000737473506F7765723A25640D80
:10A290000A00000073747332506F7765723A256458
:10A2A0000D0A0000009005246572723A25640D0ABB
:10A2B000000000006D61635F746D703A25782C2595
:10A2C000782C25782C25782C25782C25782C257829
:10A2D0002C25780D0A00000065756936343A25781A
:10A2E0002C25780D0A0000005557424D41433A2570
:10A2F0003032782530327825303278253032782562
:10A30000303278253032780D0A000000880B0020AA
:10A310000D0A776F726B6D6F64653A2025640D0AC4
:10A320000000000041540000B81200200FE005EBCF
:10A33000C4004368DBB36A464146012034E005EBC4
:10A34000C40043689BB36A46414602202CE0BAEB46
:10A3500002074FF000024FF02C09EB46C2461346AD
:10A36000944600F1010003D00121E646009013E07D
:10A37000614613E010F80280C84503D100F802E0FE
:10A38000012308E03BB100EB02084BF821800023D9
:10A39000491C514502D2521CBA42EBD305EBC40012
:10A3A000436823B15A4603209847060007D018A0F7
:10A3B000F7F774FC0DF57B7D3046BDE8F08FAFF606
:10A3C0002040F5E72DE9F0410C4607463E194FF0D5
:10A3D000FF3016F8021C0D2917D116F8011C0A29A6
:10A3E00013D1042C11D3002504E0795D0BA0F7F7FD
:10A3F00055FC6D1CA542F8DB002006F8020CA41EDB
:10A40000A1B23846BDE8F041F6E6BDE8F0810000B3
:10A410000D0A4552524F520D0A00000025630000FC
:10A420000022C0F84C21C0E95421704770B5D0F823
:10A430004C110446D0F850210D4685A0F7F72EFCAC
:10A440001BE0294688A0F7F729FC05EB451688A0F4
:10A4500014F81610F7F722FC04EB460687A0717873
:10A46000F7F71CFC87A0F7F719FCB11C87A0F7F7DA
:10A4700015FC87A0F7F712FC6D1CD4F8540195FB6E
:10A48000F0F100FB1150D4F850118842D9D1BDE849
:10A4900070407FA0F7F702BC00F5A871D0F84C011E
:10A4A00006C9491C91FBF2F302FB1311814201D151
:10A4B0000120704700207047D0E95310814201D13C
:10A4C00001207047002070470FB410B50446FFF715
:10A4D000E3FF18B1002010BC5DF814FBD4F8501154
:10A4E0009DF80C0001EB411104F81100D4F8501153
:10A4F0009DF80D0001EB411104EB41014870D4F8C7
:10A5000050019DF80D2000EB401004EB40000DF1D0
:10A510000E01801C02F012FF04F5A87003C8401C55
:10A5200090FBF1F201FB1200C4F850010120D2E7C8
:10A5300070B50D460446FFF7BFFF08B1002070BD9F
:10A54000D4F84C01422200EB401004EB40012846B5
:10A5500002F0F4FED4F84C01422100EB401004EB71
:10A56000400002F004FFD4F84C01D4F85411401C10
:10A5700090FBF1F201FB1200C4F84C01687840280E
:10A5800003D944A0F7F78AFBD8E7012070BD30B5A6
:10A59000002288B05FF00A03B0FBF3F403FB14045D
:10A5A000B0FBF3F030348C54521C0028F4D18854A2
:10A5B00010006B4604D40C5C151A401E5C55FAD58D
:10A5C000012004E01C5C0D18401C05F8014C904271
:10A5D000F8DD08B030BD2DE9F04117468846064643
:10A5E00000241DE0305D02F0A3FEC5B230194078B2
:10A5F00002F09EFEC0B2392D01D9373D00E0303D5A
:10A60000E9B2392801D9373800E03038C0B204EB5C
:10A61000D47240EA011008EB6201A41C087024B255
:10A62000BC42DFDBBDE8F081F8B515460E460746B3
:10A6300000240AE03A5D1CA1684604F035F806EBF8
:10A640004400BDF800100180641CAC42F2DBF8BD90
:10A65000512D3E66726F6E74203A25642C726561CE
:10A66000723A2025640A000069203A25640000003F
:10A67000666C61673A256420000000006C656E3AE4
:10A68000256420006D7367203A00000025732000C8
:10A690000A0000006572726F722071756575652021
:10A6A0006D73670A0000000025303258000000007A
:10A6B00030B5F248A1B01C46C168269D491CC16056
:10A6C000052091FBF0F200FB1210002829D1402157
:10A6D000684602F04CFE204603F039FA0022E84BAF
:10A6E00003F0ABF802460B46E6A1684603F0DCFF38
:10A6F000042102236A460846FAF788F8402110A888
:10A7000002F035FE284603F022FA02460B46E1A18C
:10A7100010A803F0C9FF022310AA06210420FAF7AB
:10A7200075F821B030BD38B54FF0FF32002144201C
:10A73000F7F715FDD14C002204F13801207888701C
:10A74000A069C4F84200E069C4F846001220F8F796
:10A750004FFB012200211420F8F771FB40F2B220D8
:10A76000F9F7CEF84FF49670F9F719FB0520F9F7D1
:10A770002BFB0220F9F73BFACA4D00214420F7F7E2
:10A78000D0FC28426060F8D02078401C2070A0885F
:10A79000400432D54FF4814200214420F7F7DFFC1A
:10A7A0006846F8F70DFC002826D000214C20F7F76A
:10A7B000B8FC00F07F01282903D80022BA48F8F736
:10A7C0006AFBAE490A224A31B74802F0F4FD00287C
:10A7D00012D1B549A94808220A31183002F0EBFD20
:10A7E000002809D1012060700020A060AE48418A95
:10A7F0006180AEA0F7F752FA38BDB3A0F7F74EFA72
:10A80000BDE838400021B74A4420F7F7A8BCF0B5AE
:10A8100091B04FF0FF3200214420F7F7A0FC974C95
:10A82000002204F15E01207888706088A4F8680036
:10A830000C20F8F7DDFA012200210E20F8F7FFFACC
:10A840000220F9F7D4F9974D00214420F7F769FC6D
:10A8500028426060F8D02078401C2070A088400416
:10A860007ED54FF4814200214420F7F778FC10A8F0
:10A87000F8F7A6FB002874D000214C20F7F751FC14
:10A8800000F07F01282903D800228748F8F703FB4E
:10A89000854E7A490027B7700A226A31304602F0A5
:10A8A0008AFD002872D175490222891C06F10B002D
:10A8B00002F081FD002869D100F081FEC4E90801A1
:10A8C00000F092FE884AC4E90A01801841F10001B3
:10A8D000050A45EA01652846F9F784F925F00100E3
:10A8E000010E000244F20102801841F10001C4E9A6
:10A8F0000C016248D4E90823813000F098FE5F48DB
:10A90000D4E90A23853000F092FE5C48D4E90C2398
:10A91000893000F08CFE5949207877310022887008
:10A920001620F8F765FA012200211820F8F787FAB7
:10A930000120F9F75CF9002828D100214420F7F71D
:10A94000F0FB0006F9D5802200214420F7F707FC30
:10A95000A7602078401C207056F80D0F206101E0A0
:10A960001AE013E0716861610C91604902F0D0FD5A
:10A970000990F6F708FD58B118220AA9684602F0B6
:10A98000DDFC06AC94E80F00FFF792FE11B0F0BDBD
:10A9900006A8F6F754FDF9E711B00021BDE8F04034
:10A9A000504A4420F7F7DBBBF6F780FE01F072FD5A
:10A9B00004464FA0F7F772F901F086FC01F038FC6D
:10A9C000022001F02AFC00BFF8F7BDFF0028FBD0F1
:10A9D0000020F7F780FC401C0BD0092084F86C00A5
:10A9E00004F16100F8F748F838B144A0F7F756F9D8
:10A9F000FEE747A0F7F752F9FEE74A48F7F7A8FE47
:10AA000044F201042046F8F7E8F92046F8F7EBF99C
:10AA100040F2B220F8F774FF4FF49670F9F7BFF9DF
:10AA20000520F9F7D1F90320F9F7A0F8F7F730FE80
:10AA300004460025F7F728FE2A1844EB05000F4CC2
:10AA40000146C4E9062038A0F7F728F94FF4FA7751
:10AA500060780A2668B1FFF7DAFEA068411CA160A1
:10AA6000322800DD6570304601F0D7FBF6F78BFA2F
:10AA7000EEE7FFF758FE3E46F5E700000013002022
:10AA8000000059402044203A2025332E3266206DA4
:10AA9000202020002041203A2025332E316620201E
:10AAA0002000000000D02724CD1C0020B1EAC7A957
:10AAB0004944A3BA25303458BCD3C8EBCDF8C2E71B
:10AAC000B3C9B9A60A000000BCD3C8EBCDF8C2E7F1
:10AAD000B3ACCAB1BBF2D5DFBDD3CAD5B4EDCEF3AA
:10AAE0000A0000000090272460015A030000C842B9
:10AAF000B1EAC7A92076312E30000000434F4E4600
:10AB00004947204641494C45442020202020000050
:10AB1000494E4954204641494C454420202020209C
:10AB2000000000004C140020B1EAC7A9C5E4D6C358
:10AB3000B3C9B9A62025303878253038580A000026
:10AB400030B5FF48A1B01C468168269D491C816034
:10AB5000052091FBF0F200FB1210002829D14021C2
:10AB6000684602F004FC204602F0F1FF0022F54B9B
:10AB700002F063FE02460B46F3A1684603F094FD23
:10AB8000042102236A460846F9F740FE402110A836
:10AB900002F0EDFB284602F0DAFF02460B46EEA17A
:10ABA00010A803F081FD022310AA06210420F9F762
:10ABB0002DFE21B030BD2DE9F043DFF8AC830C460B
:10ABC000054685B0C068414602F0D4FC8146214666
:10ABD000A86802F097FCE549E54C884202D9214675
:10ABE00002F03EFCE349884202DD214602F08AFC85
:10ABF00002F0ADFFE04AE14B02F0ADFD02F0EAFFEA
:10AC00000646DF48006890F8360090B11422DD490E
:10AC1000684602F093FB009801246F46314602F02B
:10AC200077FC57F8241002F01BFC641C052CF5DBA4
:10AC30000646D549304602F09DFC4FF07E5704464B
:10AC4000B84201DD3C4603E0D048844200D90446C6
:10AC50004FF0FF31304602F0CBFC494602F055FC84
:10AC60000646214602F054FCC94902F0F9FB414670
:10AC700002F04EFC21462861084602F049FC3946A4
:10AC800002F043FC02F063FF05F018FB07460C4698
:10AC9000304602F05CFF3A46234602F05CFD00229B
:10ACA000A84B02F058FD02F095FF686105B0BDE8C1
:10ACB000F0832DE9F047924689460646D14542DAAF
:10ACC0004C4606EBC4005546D0E9007080462CE0A7
:10ACD0006D1EAC4208DA06EBC5013A46D1E9000127
:10ACE000434602F05FFFF3D3AC4208DA06EBC5003F
:10ACF00006EBC402D0E90010C2E90010641CAC42AB
:10AD000008DA06EBC4013A46D1E90001434602F0F5
:10AD100031FFF3D3AC4208DA06EBC40106EBC502FF
:10AD2000D1E90001C2E900016D1EAC42D1DB06EBA6
:10AD3000C401621EC1E9007849463046FFF7B9FFF9
:10AD400004F10109BAE7BDE8F0872DE9F041BCB094
:10AD50000F468046012A6ED889480068B0F8410045
:10AD6000002868D05B208B4E02FB00F506EBC50483
:10AD700060680A280BDB02F00AFE0022864B04F012
:10AD800081FC02F06FFE6060012006F83500D8F803
:10AD9000000002F0DCFE626804EBC202C2E90201BC
:10ADA000386802F0D4FE626804EBC202C2E93E01D8
:10ADB0006068401C606016F8350000283BD004F144
:10ADC00008015022684602F0B9FA04F1F801502255
:10ADD00014A802F0B3FA04F5F471502228A802F086
:10ADE000ADFA092200216846FFF763FFDDE90A0199
:10ADF000DDE9082302F008FC4FF0FF34224602F0A0
:10AE00008BFD02F0E7FEC8F800000922002114A81B
:10AE1000FFF74FFFDDE91E01DDE91C2302F0F4FB23
:10AE2000224602F079FD02F0D5FE386009220021A9
:10AE300028A8FFF73EFF3CB0BDE8F08170B550F8A0
:10AE40000A4F45682046294600F027FCB8B33C4924
:10AE500042684A6582688A654088A1F85C0000F013
:10AE6000C3FB4E4A801841F10001000A40EA01602C
:10AE7000F8F7B8FE324900224A311420F7F7B8FF3C
:10AE8000012200211620F7F7DAFF0120F8F7AFFEC4
:10AE900020B1BDE8704042A0F6F700BF0021442079
:10AEA000F7F73FF90006F9D54FF48142002144201D
:10AEB000F7F755F9BDE87040052001F0AEB920461E
:10AEC000294600F095FC002805D020462946BDE81B
:10AED000704001F071BF70BD2DE9F04F97B00027B1
:10AEE0000646ADF800704089ADF8000000F0F4FBB4
:10AEF00005007DD000F078FB114C284AC4E906011A
:10AF0000801841F10001000A40EA0160F8F76AFE8A
:10AF100040F29E20F8F7F4FC4FF49670F8F73FFFEC
:10AF200004F16A01207888706888A4F87500E068E8
:10AF3000C4F877002069C4F87B000022152035E0B2
:10AF400090130020000059402044203A2025332E41
:10AF50003366206D202020002041203A2025332E0A
:10AF600031662020200000000000C842000034C3E9
:10AF70000000B44300003443C28FFDC895C9203F90
:10AF800048140020B80C0108C364AA3C000080BF2C
:10AF9000C3642A3CF81E00200000244068816D0331
:10AFA000B7A2CBCDCAA7B0DC0A000000F7F720FF9C
:10AFB000012200211720F7F742FF0520F8F704FFD0
:10AFC0000320F8F714FE401C12D0DFF89483002110
:10AFD0004420F7F7A6F810EA080F6060F7D0207851
:10AFE000401C2070A08840047ED54FF4814200E0D0
:10AFF0007BE000214420F7F7B2F814A8F7F7E0FF50
:10B00000002872D000214C20F7F78BF8C0F309011B
:10B01000B1F5007F03D800223046F7F73CFF00204F
:10B02000B0700A22CF49304602F0C5F900285CD141
:10B0300000F0C5FAC4E9080100F0D6FAC4E90A0133
:10B0400012A906F10A0000F0E4FA13A906F10E00B5
:10B0500000F0DFFA10A906F1120000F0DAFAD4F8D5
:10B060001880A76A266A139812990190401A02F074
:10B070009FFC8146B81B059102F09AFC82468B46E4
:10B0800010990198081A02F093FC0746A6EB0800F5
:10B09000019102F08DFC00900E4652465B464846F8
:10B0A000059902F0B1FA3A46019B02F0ADFA334637
:10B0B000009A02F0A9FA0991DDE9002180463346A1
:10B0C000384602F048FB06460F4652465B46484665
:10B0D000059902F040FB32463B4602F036FB424601
:10B0E000099B02F0AAFB01E09EE09AE002F0F2FC6C
:10B0F00002F06BFC9C4A9D4B02F02DFB4FF09852E6
:10B100009B4BC4E90C0102F026FB02F063FDE060FA
:10B11000F8F7CBF902F017FC6FF00A0102F068FAB9
:10B12000944902F0F5F9944902F024FA06462821E0
:10B1300006A802F01CF9914F08963946E06802F023
:10B14000E7F98F4E09903068B0F92F0002F0FBFB51
:10B15000014606A8FFF72FFD0AA82A880BA98046FA
:10B16000FFF7F3FD6888ADF8180060788DF81A00D5
:10B17000401C607001F046F80790DDE90A0102F01A
:10B18000F9F902F0E4FC04F01BF900227D4B02F017
:10B19000E2FA4FF0C0427C4B02F04FFB02F01AFD86
:10B1A0000C9000200D903168BDF83820B1F82F3098
:10B1B0004BB3002342EAC332ADF83820B1F8311066
:10B1C00019B3002142EA8131ADF83810ADF83C00E6
:10B1D000ADF83A00ADF83E00F6F7D5F8B8B1182250
:10B1E0004146684602F0AAF806AD95E80F0001F066
:10B1F0005BFE18224146684602F0A0F895E80F0071
:10B20000FFF79EFC06E00123D4E70121DAE706A858
:10B21000F6F7F7F80C9820613946099802F0AAF978
:10B22000E06017B0BDE8F08F17B00021BDE8F04F27
:10B23000564A4420F6F793BF08B5F6F737FA01F0FF
:10B2400029F9044601F040F800F0F2FF022000F076
:10B25000E4FF00BFF8F777FB0028FBD00020F7F7EA
:10B260003AF8401C0ED0032084F86E00092084F8C0
:10B270006C0004F16100F7F7FFFB38B144A0F6F76A
:10B280000DFDFEE747A0F6F709FDFEE74A48F7F790
:10B290005FFA44F201042046F7F79FFD2046F7F7D6
:10B2A000A2FD0320F8F762FC0320F7F7C5F943A0DD
:10B2B000F6F7F4FC2B4C2A4D7F3C0020F8F784FD78
:10B2C0000020F8F76CFD0020F8F725FD02E000BF34
:10B2D000F5F759FE00214420F6F723FF284260606D
:10B2E000F6D0A088400433D54FF48042002144209A
:10B2F000F6F735FF6846F7F763FE18B300214C20D8
:10B30000F6F70FFFC0F30906B6F5007F04D8314603
:10B3100000222E48F7F7BFFD2C4900200A22887032
:10B3200010492A48473902F046F838B10D490A2237
:10B330002139264802F03FF828B10EE03146234873
:10B34000FFF77CFD09E031462048FFF7C5FD04E02A
:10B350000E4A00214420F6F702FFF5F714FEACE791
:10B3600000D027240F140020FA48CE3B1835B13DF9
:10B3700019DDB14100003443DB0F49400000C842F1
:10B380004814002000806640FB21094000902724DB
:10B39000434F4E464947204641494C4544202020D2
:10B3A00020200000494E4954204641494C45442044
:10B3B00020202020000000004C140020BBF9D5BE46
:10B3C000C5E4D6C3B3C9B9A60A000000F81C002022
:10B3D00038B50C460021ADF80010410402D4A16A32
:10B3E000491CA162C10302D56168491C6160C104A6
:10B3F00002D5A168491CA160810202D52169491CBE
:10B400002161810002D5216A491C2162810404D591
:10B41000410402D42168491C216010F4081F02D0A5
:10B420006169491C6161410102D5E168491CE16023
:10B43000C00035D5606B0021401C60636846F7F79B
:10B44000D3FDBDF80000C10502D5A16B491CA16365
:10B45000010602D5E16B491CE163410602D5216C6E
:10B46000491C2164810602D5616C491C6164C106D6
:10B4700002D5A16C491CA164010702D5E16C491CED
:10B48000E164410702D5216D491C2165810702D580
:10B49000616D491C6165C00702D0A06D401CA065AC
:10B4A00038BD7249002049780E2909D2DFE801F041
:10B4B00008080C1508080F0808071208080980205A
:10B4C00070474FF4C07070474FF4607070474FF48E
:10B4D000B06070474FF4F06070474FF47860704789
:10B4E000624900208979002900D1C82070474A7834
:10B4F0000E2A1ED2DFE802F01D09151B070D180BDE
:10B500001D0F1B1D1D12203813E0403811E0483874
:10B510000FE080380DE0A0F580700AE0A0F5007023
:10B5200007E0A0F5806004E0A0F5C06001E0A0F5B0
:10B530000060097B0822891C8A4010444FF69A114A
:10B540004843000AF8F74EBB10B50B460246FFF71A
:10B55000C7FF8418FFF7A5FF197B204400F5FA7098
:10B56000072909D2DFE801F00808080404040400F0
:10B570000822891C8A401044BDE81040F8F70FBC2F
:10B580003A4910B50A7B0821921C914001EBD17118
:10B5900000EB610200213648F6F7E1FDBDE81040FE
:10B5A000F7F745B910B500220A60835CD400A340C8
:10B5B0000C68521C23440B60042AF6DB10BD7CB5DA
:10B5C000002425466846F7F762FF042069462D02ED
:10B5D00045EA146522020C5C401E144340B2002868
:10B5E000F5DA204629467CBD7CB500242546684610
:10B5F000F7F798FF042069462D0245EA14652202F8
:10B600000C5C401E144340B20028F5DA204629465F
:10B610007CBD10B500220A60835CD400A3400C6896
:10B62000521C2344D2B20B60042AF5D310BD10B5CE
:10B6300000214254120A42EA0362491C1B0AC9B2A1
:10B640000429F6D310BD2DE9F04115461E460746E4
:10B650000024E2002846314601F05AFE3855641CA9
:10B66000E4B2042CF5D3BDE8F081000058140020AA
:10B670001C0002006B4800686F3070476949002069
:10B680000968B1F86F10002900D0012070476548A3
:10B69000132100686F3001F06ABEF0B5614A0127DE
:10B6A0001368002213F16F0302EB420404EB02144F
:10B6B000E6187468B56844404D402C4307D134887F
:10B6C0002CB102EB420000EB02101844F0BD521CFA
:10B6D000BA42E9DB0020F0BD30B5524901230A68C7
:10B6E00000216F3201EB410404EB0114144465881E
:10B6F000854207D124882CB101EB410000EB0110F9
:10B70000104430BD491C9942ECDB002030BD454857
:10B710000122016800206F3100EB400303EB0013AE
:10B720000B4400F101001B8823B100B29042F3DB0F
:10B730000020704780B270472DE9F0431646074657
:10B740008C46FFF7AAFF04002FD1DFF8D890D9F874
:10B75000000000F16F08FFF7DAFF05B2002D24DDCD
:10B76000012D02DD21E0761CB6B23046FFF7B4FFB2
:10B770000028F8D105EB450000EB051101EB0804AA
:10B7800024F8135D66806760C4F808C0D9F800101B
:10B79000B1F85B10A181D9F80010B1F85D10E1811A
:10B7A000D9F80000B0F85F0020822046BDE8F083A1
:10B7B00010B5FFF791FF002804D0BDE81040132119
:10B7C00001F0D5BD10BD10B5FFF767FF002804D00C
:10B7D000BDE81040132101F0CABD10BD124A00207F
:10B7E000D2E90012114300D0012070470E48704783
:10B7F000F0B50D4C0125D4E9002382EA000683EA66
:10B8000001073E4302D01A4302D003E0002501E0C5
:10B81000C4E900012846F0BD0348002101604160F1
:10B820007047000048140020281400202DE9F04142
:10B830008046FE48FE4C50F8311F4568606801F0B4
:10B840000FFE0746294601F00BFE0146384601F07F
:10B8500091FE216806460D46404601F053FE3146F2
:10B8600001F056FE294601F0FBFD054631464FF03A
:10B870007E5001F047FE394601F04AFEC4E900500F
:10B880002846BDE8F08110B5EAA29AB0136800938B
:10B890009288ADF804205B228DF806204268CDF82E
:10B8A00007200288ADF80B20B1F8C011ADF80D10DB
:10B8B00081788DF80F10017A8DF8101000216C46F8
:10B8C00000EB410204EB81035289491C02EB820226
:10B8D0005200C3F81120C3F832200829F0DB002001
:10B8E0008DF852008DF854008DF831008DF853001A
:10B8F0008DF85500CDF85600CDF85A00CDF85E0011
:10B900005B2206216846F5F76DFC8DF86200CBA03E
:10B9100065210088ADF863006846F5F75FFC1AB052
:10B9200010BDF0B58BB004462821684601F01FFD1C
:10B9300000221046134694464FEA0D0104EB4305DE
:10B940008F18AE7A521C06EB86067600FE70D2B2D5
:10B950006E898F1806EB8606C6F3D716FE70521C4A
:10B96000D2B26D898E1805EB8505C5F3CF35521C13
:10B97000F570D2B28D18521C5B1C85F803C0D2B290
:10B98000082B01DA202AD9D3AA228DF800202522FB
:10B990008DF8012001228DF8022055228DF82420F7
:10B9A00000228B5C521C1844C0B2232AF9DB8DF8AC
:10B9B000230025216846F5F713FC0BB0F0BDA04825
:10B9C00070472DE9F05F07460C4601F59475B1F814
:10B9D000D281B1F8CA01B1F8C01197F88520491C8D
:10B9E0004843B4F8F81197F886600844B4F8101288
:10B9F00097F884300844B4F812124FF0000B084452
:10BA0000110A12060E4342EA034246EA134697F829
:10BA1000833017F8821F42EA032246EA136642EA9D
:10BA2000010904F5E07401F0C3FF01F00DFC10EB17
:10BA300009004FEA502944F288107141688095F856
:10BA40008400AE1C2871401C85F884002088A5F86D
:10BA50000900A5F807806088A5F805001B20E8729A
:10BA600001F0FF0AD7F8062021884FEA4929A4F5FA
:10BA7000E07459B35FF00000C6F80A0094F8D001F2
:10BA8000B0730B36F5F7B3FAB08008EBC80004EBDF
:10BA900080006C49D0F86C0201F03AFD01F0CEFF55
:10BAA000F080152025F8680B0122AA7685F81BB0D6
:10BAB000297F491C29774FEA19216A7741EA0A61EF
:10BAC000C5E9091BA5F82CB0BDE8F09FB4F8C81172
:10BAD00008F0FF00B2FBF1F301FB1322B4F8C4310C
:10BAE0005843801A4A0852428242C5DD0844C3E7DF
:10BAF00070472DE9F04F0546B0F9000005278FB0DB
:10BB00000C460D2806D0152804D06E2802D010212E
:10BB10004DA006E06888A0F58241883904D0102144
:10BB20004EA0F5F750FB72E1E87A1A2804D01B28E2
:10BB3000F9D01C28F7D13EE0287B84F8D001B5F875
:10BB40000900A4F8D201D5F88200C4F8D80195F80C
:10BB5000860084F8DC0121462846FFF732FF04F511
:10BB600094750027F8F7BCF828880022A91CF7F77D
:10BB70003FF9002228881146F7F761F9D5F88C00C3
:10BB800008B1F8F72FF895F88500800707D5D5F8A4
:10BB90009000F7F7B5FEB5F89400F8F700F995F8BE
:10BBA0008500F8F724F818B10127102130A0B8E774
:10BBB000062020602BE1B5F80990B4F8D211494570
:10BBC0007ED195F85D10B4F8C001C140C90777D0A7
:10BBD000297B94F8D0219142F2D1D5F88210C4F893
:10BBE000E81195F8861084F8EC11D5F80DC0D5F859
:10BBF000118005EBC000CDF8348050F815EF09EB4B
:10BC0000C9014068059004EB8106D5F85920D5F8A4
:10BC10005510CDE90A12D4E97810D4E976380893A2
:10BC2000D4E97A320B278246C3462BE0880B0020EA
:10BC300030140020436D644D3A3400000D0A0000BA
:10BC4000A82400200000C8427265637620657272E5
:10BC50006F72206D7367310A0000000072656376B1
:10BC6000206572726F72206D7367320A00000000E7
:10BC700073656E642072657370206661756C740AFA
:10BC8000000000000693DDF834800598BEEB0C033D
:10BC900060EB0800C0B2CDE90C30089B06F51476C5
:10BCA000CB1A6AEB0B009B46069BC0B2591A62EB9B
:10BCB0000A020990D0B28A46DDE90A21079000E025
:10BCC000A4E00598B2EB0E0861EB0001C9B2059142
:10BCD0005846099901F045FE02904046059901F049
:10BCE00040FE029901F014FC02905046079901F0C1
:10BCF00038FE0490DDE90C0101F033FE049901F0F7
:10BD000007FC029901F0FEFB02905846099901F0E8
:10BD100028FE83465046079901F023FE594601F05C
:10BD20009FFB82464046059901F01BFE8046DDE9F7
:10BD30000C0101F016FE414601F092FB014650460F
:10BD400001F08EFB0146029801F014FC01F05DFE4B
:10BD500001F0F9FD01F0FBFEFC4AFD4B01F0FBFC9C
:10BD600001F038FFDFF8EC830490D8F83D0001F0D3
:10BD7000EEFE82468B46D8F8390001F0E8FE804698
:10BD80000391049801F0E3FE0022F34B01F0E3FC81
:10BD90004246039B01F0DFFC52465B4601F034FC57
:10BDA00001F018FFED4901F0E5FBF061FFF73EFD02
:10BDB0003062A6F80090287BB07000F023FA706023
:10BDC00095F85D003081102205F15E0106F10A0050
:10BDD00001F0B4FAF5F7D7FA40B121463046FFF743
:10BDE00052FD21463046FFF79CFD02E03046F5F754
:10BDF000CDFAB9F1000F0AD1D949F06901F088FBF9
:10BE0000F5F7DCFCD749F069086000E006270FB0C1
:10BE10003846BDE8F08F70B5D34D05F5947495F8AC
:10BE2000AA0101280BD104F18600F7F730FBD4F802
:10BE30008600C5F8E00194F88A0085F8E401012045
:10BE400084F8830070BDF8B5C74D074695F8240106
:10BE5000D5F82061801BC043C00720D06846F7F7A3
:10BE6000AFF8C6EBC60000EB800005EB8004083499
:10BE700000F0C8F9C4F8880004F18200F7F752FB1B
:10BE8000F8887F2800D37F20208081B20022A01C68
:10BE9000F7F701F80120B043C5F82001F8BDB3A0C1
:10BEA000F5F7FCFEF8BD10B50020F7F778FFBDE808
:10BEB00010400020F7F72FBF10B50020F7F76FFFF5
:10BEC000BDE810400020F7F726BF2DE9F0410446F9
:10BED00000F0E0FA054607262168002039B106295E
:10BEE00052D0012707295CD008297FD163E0B5F83B
:10BEF0001310A4F8C211E989A4F8C0116968C4F844
:10BF0000C411A968C4F8C811A989A4F8CC110A21E0
:10BF1000A4F8C411B5F81710A4F8C61101EB8101FB
:10BF20004900A4F8C81184F8D001FF20A4F8D20178
:10BF30002888F6F752FF6888F6F755FF062100209B
:10BF4000F7F753FBB5F81300F7F768FBE889F7F745
:10BF50006AFB0020F7F7D4FC0020F7F720FFB5F8C4
:10BF60002900012801D0012000E00020F6F75BFB4A
:10BF7000B5F82900012805D05FF00000F6F75CFB5A
:10BF8000266033E00320F9E794F8AB11012906D1CC
:10BF900084F8AB0194F8AA11012900D126606060F1
:10BFA00024E000206760F7F7B6FE0020F7F7F7FE01
:10BFB000082020601AE094F82001D4F82451401B96
:10BFC00000F00100002810DDC5EBC50000EB80008B
:10BFD00004EB800021460830FFF78BFD00B126609E
:10BFE0006D1C05F00100C4F824016760606848E436
:10BFF00010B55D4C002060602046FFF766FF00280A
:10C00000FAD010BDFFF7F4FFF4F7BDFFFAE7F0B583
:10C0100087B0554D00F03EFA06464FF4DA612846E7
:10C0200001F0A5F9002406F161072C60B8790090B1
:10C030007878019078790390F8780490F87A10F085
:10C040000B0003D0397B0820891C884002900D200A
:10C05000059005F5F871684601F00EF81520059079
:10C0600005F50471684601F007F86E20059005F5A6
:10C070000C71684601F000F800F0EFF900F024F9C7
:10C0800000F0D6F8022000F0C8F84FF4FA7500BFAF
:10C09000F7F759FC0028FBD005E038A0F5F7FEFDC6
:10C0A000284600F0BAF80020F6F715F9401CF4D045
:10C0B00086F86E4086F86C4005E035A0F5F7EEFD99
:10C0C000284600F0AAF83846F6F7D6FC0028F4D146
:10C0D0003448F6F73DFB0320F7F748FD0094AFF234
:10C0E0002723AFF23D22AFF2A121AFF2D520019478
:10C0F000F7F718FC012200212B48F7F76AFE07B07A
:10C10000F0BD00B595B0402104A801F030F9114808
:10C1100090F87F00012861D0244800BF01F017FD8E
:10C12000CDE90201224823A2006890F86110009135
:10C13000C389402104A802F09FFA402803D281B2AB
:10C1400004A8F5F740F815B000BD47E01329AA157B
:10C150003236733F880B002000408F4000007A4445
:10C160000000C84200000020A8240020CAFDD7E932
:10C17000D2E7B3F620B4EDCEF30A0000494E49549D
:10C18000204641494C45442020202020000000004A
:10C19000434F4E464947204641494C4544202020C4
:10C1A000202000004C14002080D023040080544440
:10C1B0004814002049443A256420BDC7C9AB3ABBA6
:10C1C000F9D5BE20D0C5B5C03A256420CBD9C2CAA6
:10C1D000A3BA252E31664D0D0A00000008489DE7E0
:10C1E00010B5FFF714FFBDE8104000F041B9F5F7B6
:10C1F0005DFAFFF7F5FFFFF784FFFFF703FF00008D
:10C200009A99D9409E48006870479D490A68104431
:10C210000A68121A002AFBDD7047F6E700EB4000BF
:10C220008100002001E000BF401C8842FBD3704722
:10C23000F8B50124ADF8004010208DF80300914EB0
:10C2400003258DF8025069463046FBF7B4FB012107
:10C250003046FBF720FCADF8004000208DF80300CD
:10C260008DF8025069463046FBF7A5FB0220FFF728
:10C27000CCFFF8BD30B5844D044685B02846FBF7A9
:10C2800085FF0021ADF800104FF48270ADF8020078
:10C29000ADF808106815ADF80A00ADF80410ADF857
:10C2A0000C400720ADF80610ADF80E10ADF81000E8
:10C2B00069462846FBF78EFF01212846FCF707F860
:10C2C00005B030BD2020D5E70020D3E710B56D4C78
:10C2D00010212046FBF7DFFB0120FFF796FF10211E
:10C2E0002046FBF7D6FBBDE8104007208DE78CE722
:10C2F0006649024600200968114200D001207047BB
:10C300007FB5012500245F4A0826ADF8085030B3F8
:10C3100004208DF80B0002A91046FBF74CFB00210E
:10C320000846FBF700FC8DF804408DF80560009589
:10C330008DF806506846FBF743F84FF44070FAF763
:10C34000F5FE06208DF80C000F208DF80D008DF8FD
:10C350000E408DF80F5003A8FAF7EDFE7FBD8DF863
:10C360000B4003208DF80A0002A91046FBF723FBBF
:10C370008DF804408DF8056000958DF806406846FC
:10C38000FBF71EF87FBD2DE9F041984615460F4694
:10C3900006460024F8F7B4F802463A481023143051
:10C3A0000360394806E0395D81810189C907FCD005
:10C3B0008189641CB442F6DB002107E018F80140D3
:10C3C00084810489E407FCD08489491CA942F5D3FF
:10C3D0002C48103003601046F8F7A3F80020BDE8A1
:10C3E000F0812DE9F0411D46164688460746002497
:10C3F000F8F786F8024623481023143003602248D9
:10C4000009E000BF18F8041081810189C907FCD038
:10C4100081892970641CBC42F4DB00210C4606E0D3
:10C4200084810789FF07FCD087896F54491CB1427A
:10C43000F6D31448103003601046F8F772F8002065
:10C44000CDE710B5124C01E0F7F786FA202120461F
:10C45000FBF70BFB0028F7D110BD4FF0E0214FF4A4
:10C460000000C1F88001BFF34F8FBFF36F8F70479B
:10C470004FF0E0214FF40000C1F8000170470000C8
:10C480004414002000080140003001400004014035
:10C49000000C01400E480068704738B50C490D4843
:10C4A000A0F118040860B4F85B000090B4F85930AB
:10C4B00034F9472F0848B4F90210F5F7EFFBB4F848
:10C4C0004220B4F84010BDE8384004A0F5F7E6BBC0
:10C4D00048140020A00B002088120108736C6F74B0
:10C4E0003A25642C616464723A253034580A00009D
:10C4F000FE4870472DE9F041044690F8D101401EF6
:10C5000040B284F8D101002805DA002901D00320C7
:10C510002060BDE8F081D4E97856B4F8CA11C0F1C2
:10C520000800484301F033FA00F08EFE401941EB59
:10C530000607450AB4F86A026D02963001F038FA2F
:10C5400000F0A2FE01F0ADFA86B2280A40EA0760C8
:10C55000F7F748FB3046F7F722FC0120F7F7DBFB43
:10C560000820D5E770B504460025F7F7B9FB208809
:10C570000022A11CF6F73CFC002220881146F6F7A9
:10C580005EFCD4F88C0008B1F7F72CFB94F885001A
:10C59000800707D5D4F89000F7F7B2F9B4F8940003
:10C5A000F7F7FDFBD4F88C0000B1012094F885105A
:10C5B0000843F7F71CFB00B10125284670BD70B594
:10C5C000CA4C04F5947504F5D770F6F760FF95F83A
:10C5D000820088B9082084F8D101002084F8D201B3
:10C5E000D5F88600C4F8E00195F88A0084F8E401E3
:10C5F00000212046FFF77EFF012085F8830070BDF3
:10C60000F8B5BA4D074695F82401D5F82061801B8E
:10C61000C043C00727D06846F6F7D2FCC6EBC60079
:10C6200000EB800005EB80040834FFF7EBFDC4F855
:10C63000880004F18200F6F775FFF8887F2800D3A0
:10C640007F20208081B20022A01CF6F724FC01206C
:10C65000B043C5F8200195F8AA01002803D10021B4
:10C660002846FFF747FFF8BDA04890F8AA11002917
:10C6700001D101213EE77047F6E730B504469CA0A2
:10C680009BB0016800918088ADF804005B208DF8B4
:10C690000600FFF7B7FDCDF80700B4F8C001002190
:10C6A000ADF80B00ADF80D1094F8D0018DF80F0027
:10C6B00094F8D2018DF810000A466D4604EB420052
:10C6C000B0F8860100EB8000430005EB8200521CAD
:10C6D000C0F81130C0F83230082AEFDB8DF8521064
:10C6E0008DF854108DF831108DF853108DF85510C9
:10C6F000CDF85610CDF85A10CDF85E105B22062109
:10C700006846F4F76FFD8DF862007BA06521008814
:10C71000ADF863006846F4F761FD65216846F4F7FB
:10C720005DFD1BB030BDF0B58BB0044628216846D6
:10C7300000F01DFE00221046134694464FEA0D01FC
:10C7400004EB43058F1895F88661521C06EB8606AC
:10C750007600FE70D2B2B5F886618F1806EB8606B9
:10C76000C6F3D716FE70521CD2B2B5F886518E1899
:10C7700005EB8505C5F3CF35521CF570D2B28D1887
:10C78000521C5B1C85F803C0D2B2082B01DA202AA8
:10C79000D6D3AA228DF8002025228DF8012001226F
:10C7A0008DF8022055228DF8242000228B5C521C2B
:10C7B0001844C0B2232AF9DB8DF8230025216846EE
:10C7C000F4F70EFD0BB0F0BD2DE9F0470446FFF77E
:10C7D00061FE21680646052700254FF0060904F58D
:10C7E00094704FF001080A294ED2DFE801F0055E8F
:10C7F0004D934DECB84DF450B6F81300A4F8C201B7
:10C80000F089A4F8C0017068C4F8C401B068C4F825
:10C81000C801B089A4F8CC010A20A4F8C401B6F874
:10C820001700A4F8C60100EB80004000A4F8C8017E
:10C8300084F8D05184F8D15184F8D251C4F8D4513D
:10C840003088F6F7CAFA7088F6F7CDFA062100208C
:10C85000F6F7CBFEB6F81300F6F7E0FEF089F6F730
:10C86000E2FEB6F82900012801D0012000E00020F6
:10C87000F5F7D9FEB6F82900012806D05FF00000D0
:10C88000F5F7DAFEC4F80080BDE00320F8E794F87D
:10C8900031020A2802D0C4F80480B4E084F831528E
:10C8A00084F83052C4E90085ADE0811C44F288125E
:10C8B00021F8012B90F884204A70B4F8C021CA8076
:10C8C0004FF6FF728A80B4F8C2214A801A220A7297
:10C8D00094F8D021521C84F8D0214A720D2120F8FE
:10C8E000681B8576C576017F491C07E0782B002000
:10C8F000436D644D3A3400000D0A0000017745771E
:10C900004562856285856838FFF72CFE20B3FEA05E
:10C9100027600CE094F8D21161B10546214600F081
:10C920005BF92846FFF71EFEB0B1FBA02760F5F7C4
:10C93000B5F968E04FF0E0264FF400052760C6F82F
:10C94000805106F5C076BFF34F8FBFF36F8FF7F7B7
:10C95000C7F946F8805C56E0C4F8009053E094F8BC
:10C96000AB0101282DD184F8AB5194F8AA01082617
:10C9700010B1022825D101E0266022E02760F4F7FB
:10C9800002FD30B12046FFF778FE2046FFF7CBFED0
:10C990000EE0E549002000BF04EB4002B2F886211A
:10C9A00021F81020401C0828F6DBDF48F4F70CFDC6
:10C9B00084F8D16184F8D251102104F5C37000F0DD
:10C9C000D6FC65601FE0092020600220606084F8CA
:10C9D000308218E0FFE794F82001D4F82451401B7E
:10C9E00000F0010000280EDDC5EBC50000EB800063
:10C9F00004EB80002146083000F044F96D1C05F07E
:10CA00000100C4F824016068BDE8F08770B5C74C28
:10CA1000002565602046FFF7D7FE0028FAD00228DF
:10CA200014D094F8320201280FD100BFFFF7EAFBBF
:10CA3000D4F83812884208D384F832520A2084F895
:10CA40003102FFF7DFFBC4F83C0270BDFFF722FDA7
:10CA5000B4F8C811D4F8D4010844C4F83402D4F8A6
:10CA60003C120844C4F83802012084F83202C4F8A9
:10CA7000D451DBE7FFF7CAFFF4F785FAFAE7F0B520
:10CA800087B0AA4CFFF706FD06464FF428712046F2
:10CA900000F06DFC002506F161072560B879009073
:10CAA0007878019078790390F8780490F87A10F00B
:10CAB0000B0003D0397B0820891C884002900D2090
:10CAC000059004F51071684600F0D6FA152005901F
:10CAD00004F51871684600F0CFFA6E20059004F551
:10CAE0002071684600F0C8FAFFF7B7FCFFF7ECFBCF
:10CAF000FFF79EFB0220FFF790FB4FF4FA7400BF94
:10CB0000F6F721FF0028FBD005E089A0F5F7C6F86D
:10CB10002046FFF782FB0020F5F7DDFB401CF4D038
:10CB200086F86C5005E087A0F5F7B8F82046FFF7C7
:10CB300074FB3846F5F7A0FF0028F4D18648F5F7D6
:10CB400007FE0320F7F712F80095AFF2D343AFF2D8
:10CB5000E742AFF25351AFF299500195F6F7E2FE7A
:10CB6000012200217D48F7F734F907B0F0BD00B588
:10CB700095B0402104A800F0FAFB794890F87F00B6
:10CB8000012818D0774800BF00F0E1FFCDE902018D
:10CB9000754876A2006890F861100091C389402121
:10CBA00004A801F069FD402803D281B204A8F4F77B
:10CBB0000AFB15B000BD7748E6E710B5FFF75FFF49
:10CBC000BDE81040FFF754BCF4F770FDFFF7F5FF28
:10CBD000FFF7CDFFFFF74EFF2DE9F0410D4604466C
:10CBE000D5E97878B1F8CC0101F5E07500F0E0FE08
:10CBF00000F02AFBC01941EB08064FEA5028A71C99
:10CC000044F2881027F8020B94F8840007F8010B0F
:10CC10002888B8804FF6FF707880688838801C209C
:10CC2000B871287CF871D5E90801B860F9604FEA5D
:10CC30004828A889683400F0BBFE00F005FB4A4A8A
:10CC4000126853880022C018D5E9083C5141C01829
:10CC500041EB0C0138657965A87C87F858006E2097
:10CC600024F8680C0220A076E276207F401C207712
:10CC7000012060774FEA182040EA0660C4E9090203
:10CC8000A28546E4F0B5C27A1B2A3BD10288152A58
:10CC900038D1B0F80730B1F8C041821CA3427FD12F
:10CCA000937B91F8D041A3427AD1B2F8075001F5B5
:10CCB000947405F007033DB9D2F80A50C1F8D45175
:10CCC000B2F80F50A1F8D85191F8D25101269E40E8
:10CCD000354381F8D25101EBC30600F1800550F8CD
:10CCE000827FC6F8E871007986F8EC01A41C04EB99
:10CCF000C300D5F80260C0F81360AD79C575B2F80D
:10CD0000110049E04CE00000B7A2CBCD706F6C6C15
:10CD1000CAA7B0DC0A000000B7A2CBCD66696E617D
:10CD20006CCAA7B0DC0A000048160020782B00204F
:10CD3000494E4954204641494C454420202020205A
:10CD400000000000434F4E464947204641494C45AC
:10CD500044202020202000004C14002080D02304F8
:10CD6000880B0020008054444814002049443A2590
:10CD70006420BDC7C9AB3AB1EAC7A920D0C5B5C0C8
:10CD80003A256420CBD9C2CAA3BA252E31664D0DEF
:10CD90000A0000009A99D94004EB4302A2F85C0013
:10CDA00091F9D101401C05D191F8AA01002801D1C7
:10CDB00003200860F0BD0000F0B5A9B005460E469E
:10CDC000A021684600F0D3FA45F65A2280A16846B1
:10CDD00001F06AFC0746684600F0E6FA6C4620441B
:10CDE0002B4632467CA101F05FFC684600F0DCFA7D
:10CDF000C21B7FA1A01C01F057FC7B20E0556846B8
:10CE000000F0D2FA20447CA101F04EFC684600F00C
:10CE1000CBFA81B26846F4F7D6F929B0F0BD70B507
:10CE2000AEB02A22DDE936568DF814201B228DF88B
:10CE30001520020C34998DF81620ADF817001C4609
:10CE4000084600F0E2FDCDF81900204600F0DDFDB7
:10CE5000CDF81D00ADF821500020CDF82300CDF80D
:10CE60002700280CADF82B00ADF82D60300CADF884
:10CE70002F0023208DF832000DA804900F2209A95D
:10CE8000684600F05BFA0DF1140C9CE80F00F4F713
:10CE9000FEF90446C1B20DA8F4F7A0F9E1B20DA85D
:10CEA000F4F79EF92EB070BD0FB44FF480712DE9E8
:10CEB000F043C7B006A800F05AFA50480068B0F82E
:10CEC000430080B1012809D1182252A9684600F018
:10CED00035FA4EAC94E80F00FFF7A1FF47B0BDE86C
:10CEE000F0035DF814FB45F65A2239A106A801F0BB
:10CEF000DBFB054606A800F057FA06AC204440A12B
:10CF000001F0D2FB06A800F04FFA4F99009120449F
:10CF10009DF83A31BDF838213CA101F0C5FB53988A
:10CF200000F073FD8146529800F06FFD80465098E6
:10CF300000F06BFD0746519800F067FD064606A815
:10CF400000F032FA20443B46324638A1CDE9008950
:10CF500001F0AAFB559800F058FD064606A800F01F
:10CF600023FABDF95A11BDF95E31BDF95C218DE896
:10CF70000E002044BDF85831324635A101F094FB33
:10CF800006A800F011FA20443AA101F08DFB06A892
:10CF900000F00AFA421B16A1A01C01F085FB7B20C1
:10CFA000605506A800F000FA204413A101F07CFBB4
:10CFB00006A800F0F9F9C1B206A8F4F70FF906A81F
:10CFC00000F0F2F9C1B206A8F4F70AF986E700000A
:10CFD0004A532530345800007B224E6577546167F0
:10CFE000223A222530386C582530386C58227D0082
:10CFF00025303458000000000D0A000048140020BD
:10D000007B22545752223A20000000007B226131DB
:10D0100036223A2225303458222C2252223A2564D4
:10D020002C2254223A25642C000000002244223A8B
:10D0300025642C2250223A25642C2258636D223A12
:10D0400025642C2259636D223A25642C00000000CF
:10D05000224F223A25642C2256223A25642C22584B
:10D06000223A25642C2259223A25642C225A223A4B
:10D0700025647D007D0000002DE9F04706460C4642
:10D080004FF00008406900F082FC032200F044FCED
:10D090000F4605460022604B00F0CFFB00F09AFDE2
:10D0A00002F0B4FA00F053FD00225C4B00F053FB99
:10D0B0000B4602462846394600F0A6FA00F08AFDE3
:10D0C000574F316811B101294BD101E0554900E0BA
:10D0D000554900F01DFA8146F06802280DD008205D
:10D0E000824670680E283CD2DFE800F03B1D110933
:10D0F0003B1A0F3B3B170C3B3B141020F0E74FF063
:10D100008B4512E04FF08A450FE0484D0DE04FF09F
:10D1100089450AE04FF0884507E04FF0874504E075
:10D120004FF0864501E04FF08545B06800280DDDE1
:10D1300000F009FC00F00BFD3D4A3E4B00F00BFBFC
:10D14000012200F0E9FB00F045FD80463069092826
:10D1500009DA504600F0F7FB294600F081F936491C
:10D160000AE0AFF30080192809DA504600F0EBFB23
:10D17000294600F075F9314900F0CAF905462846FC
:10D1800000F05CFC2080404600F058FC60802C4E93
:10D190002C4800F053FCA0803146484600F0EAF9E4
:10D1A00000F04CFCE0803946484600F059F9314621
:10D1B00000F0E0F900F042FC80B2208100F0CCFBEE
:10D1C00006464146284600F04BF9314600F048F942
:10D1D00000F034FC80B2608100F0EAFB00F054F80B
:10D1E00000F05FFCA081608900F0E2FB00F02CF809
:10D1F000C4E90401227C2276020A42EA01626276D4
:10D20000020C42EA0142000EA27640EA0120E076DA
:10D21000207D2077BDE8F08700A0744000004840E2
:10D22000E144A8467B348044C33500430000C04439
:10D230000D71AC8BDB68E03FEA5B7E3FB341823F20
:10D2400000007A44B94EAC4110B52C4A2C4B00F08A
:10D25000F4FA00222B4B00F0F0FABDE8104000F089
:10D260005EBC10B500F0C5FBBDE81040234A244B5E
:10D2700000F071BA10B5214A214B00F0DEFA00F03F
:10D280004EFC01F00F0110BD1F4A204B00F0D5BA33
:10D29000417919B1012901D0022901D0092100E009
:10D2A000112142780E2A16D2DFE802F015070C157C
:10D2B00015070C1515070C151507130940229A4080
:10D2C000114406E013094FF400729A40114401F52D
:10D2D000007109B201E001F580518078012807D082
:10D2E000022807D0032801D0083904E0091F02E012
:10D2F000103900E0203908B270470000FA48CE3BF0
:10D300001835B13D80842E410D71AC8BDB68F03F48
:10D31000202A04DB203A21FA02F00021704721FA8A
:10D3200002F3D040C2F120029140084319467047F1
:10D33000A0F16101192900D82038704740EA0103A3
:10D340009B0703D009E008C9121F08C0042AFAD2BB
:10D3500003E011F8013B00F8013B521EF9D270477F
:10D36000D2B201E000F8012B491EFBD27047002227
:10D37000F6E710B513460A4604461946FFF7F0FFD4
:10D38000204610BD30B505462A460B4612F8010B63
:10D3900013F8014B08B1A042F8D01CB1002802D00C
:10D3A0006D1CF1E7284630BD421C10F8011B002916
:10D3B000FBD1801A704730B504460020034600E0D8
:10D3C0005B1C934203D2E05CCD5C401BF8D030BDC7
:10D3D0002DE9F05F93460F4680460446002601F093
:10D3E000A1F9D0F80090824614F8015B2DB100F04D
:10D3F0007FFC0068405DC007F6D12B2D02D02D2D9B
:10D400001AD0641E0021CAF800105A463946204638
:10D4100000F07BFC014627B13868A04201D1C7F873
:10D420000080DAF80000022809D0CAF800907005E0
:10D4300005D54842BDE8F09F46F48066E2E708461D
:10D44000F8E700F037BD70B5064601F06BF90468E7
:10D4500005460A220021304600F0F4FC2C6070BD25
:10D46000F0B480EA0102D40F4200B2EB410F02D2C5
:10D470000246084611464A0042D0C30DDDB2C1F350
:10D48000C752AD1A202D35DAC1F3160141F400025E
:10D4900004B15242C5F1200602FA06F12A411044B5
:10D4A000B3EBD05F23D0C4B1012DA0EBC35009DC96
:10D4B000F0BC4FF0004202EAC352DBB200F50000BC
:10D4C00000F03FBD400000F1807000EBC350A0F1C0
:10D4D000807040EAD170490009E0490841EAC07112
:10D4E000A0EBC35000F50000400800EBC350F0BCB7
:10D4F00000F01EBD6142012202EB4101001BF6E774
:10D50000F0BC704781F00041AAE780F00040A7E737
:10D5100080EA010210B502F00043400022D04A0028
:10D520001FD0010E01EB1261C0F35600C2F3560288
:10D5300040F4000042F40002A0FB022000047F3906
:10D54000140400D0401C50EA124001D44000491E8F
:10D55000C2B20C0604EBD010401C4008802A02D056
:10D5600003E0002010BD20F00100002900DA0020B7
:10D57000184310BD30B480EA010202F0004530F0DB
:10D58000004221F0004013D090B1C30DD40DC2F37E
:10D590001601C0F31600E41A41F4000140F4000241
:10D5A0007D34914201D3641C00E04900002C02DA72
:10D5B00030BC002070474FF400000023914201D39B
:10D5C000891A034340084FEA4101F7D151B1914212
:10D5D00002D14FF0004105E002D24FF0010101E01D
:10D5E0006FF0010103EBC450284430BC00F0A0BC34
:10D5F000420005D0C0F3C7525242914201DC0020E4
:10D60000704700EBC15070472DE9FE4F804681EA1C
:10D610000300C00F0C46009021F0004123F00045AC
:10D62000B8EB0200A94105D24046214690461C466F
:10D630000B46024623F00040104347D0270DC7F3A6
:10D640000A00C3F30A510290401A019040286BDA95
:10D65000C3F3130040F4801B0098924620B10023CE
:10D66000D2EB030A63EB0B0B01985946C0F1400261
:10D67000504600F01CFB06460D4650465946019A9E
:10D6800000F024FB10EB08006141002487EA1152EE
:10D6900084EAE7731A4340D0009A62B3019A012AE0
:10D6A0004FEA075215DC001B61EB02014FF000420C
:10D6B00002EA0752CDE90042001C41F580113246D2
:10D6C0002B4600F07BFC03B0BDE8F08F40462146BE
:10D6D000F9E7001B61EB0201001C41F58013001803
:10D6E0005B412018A2F5001747EB030140EAD57013
:10D6F000B6196D4111E06D084FEA360645EAC0756E
:10D700004FEA0752001B61EB0201001C41F580113A
:10D7100049084FEA30000019514132462B4603B008
:10D72000BDE8F04F00F03BBC009801224000002310
:10D73000D0EB020263EBE073009821464FEAE074FD
:10D74000B8EB000061EB0401E9E783F000435BE71D
:10D7500081F0004158E72DE9FE4F81EA030404F00F
:10D76000004421F0004100944FF0000B23F00043EF
:10D7700050EA01045ED052EA03045BD0C3F30A54BA
:10D78000C1F30A552C44A4F2F3340194A0FB0254D3
:10D79000C1F3130141F48011C3F3130343F4801365
:10D7A00001FB024400FB034E840A970A44EA8154B9
:10D7B00047EA8357A4FB076802958D0A05FB078596
:10D7C0004FEA932C04FB0C542705029D4FEA0658A0
:10D7D00047EA1637B5EB08056EEB070C870E920E7D
:10D7E00047EA811742EA8312A7FB0201B6EB0B015D
:10D7F00064EB00042B0D43EA0C335E1844EB1C5021
:10D80000DA465146E7FB0201C5F313044FEA0B3336
:10D8100043EA14534FEA0432019C43EA0603A4F19D
:10D820000C040294009CCDE900B400F0C7FB03B0E7
:10D83000BDE8F08F00200146F9E72DE9F04D81EABF
:10D84000030404F0004B21F0004514464FF0000A99
:10D8500023F0004150EA050220D054EA01021DD015
:10D86000C5F30A570246C5F31303C1F31300C1F30E
:10D870000A5640F4801543F48013A7EB0608101BEA
:10D88000D64608F2FD3873EB050002D308F1010813
:10D8900001E092185B41B8F1000F03DA0020014665
:10D8A000BDE8F08D00204FF48011064684460EE05E
:10D8B000171B73EB050705D3121B63EB0503064328
:10D8C0004CEA010C49084FEA300092185B4150EADB
:10D8D0000107EDD152EA030012D082EA040083EA84
:10D8E0000501084305D0101BAB4106D201220023DD
:10D8F00006E000224FF0004302E06FF001025310F7
:10D900001AEB06004CEB085110EB0A0041EB0B013F
:10D91000BDE8F04D00F043BB70B521F00043034378
:10D920000CD0C1F30A550024D5EB040564EB0403C5
:10D93000D617AD1AB34102DB0020014670BD201896
:10D9400041EB025170BDC10F80EAE0700844CA0784
:10D950009623002100F0F5BA96230022114600F02C
:10D96000F0BAF0B4CA17CB0F50405140C61841F17D
:10D9700000054FEAC372314628004FF0960303D0EA
:10D98000B623F0BC00F0DDBA30460021F9E70EB551
:10D99000C10F80EAE0700844CA07002140F2334317
:10D9A0008DE80E000A460B4600F008FB03B000BDF0
:10D9B0000EB540F2334102910021CDE900110A4633
:10D9C0000B4600F0FBFA03B000BD3EB5CA17CB0F03
:10D9D000002450405140C0186141DA0740F23343FF
:10D9E0000094CDE901232246234600F0E7FA03B074
:10D9F00030BD0EB540F2334202920022CDE9002242
:10DA0000134600F0DBFA03B000BD00F0004220F046
:10DA10000040C10DC0F3160040F400007F2901DA78
:10DA200000207047962903DCC1F19601C84001E04F
:10DA300096398840002AF4D04042704720F00040D8
:10DA4000C10DC0F3160040F400007F2901DA002068
:10DA50007047962903DCC1F19601C840704796399A
:10DA60008840704770B5C1F30A5201F000450024A8
:10DA7000C1F3130140F2FF3341F480119A4201DAFD
:10DA8000002070BD40F233439A42A2F2334203DCDD
:10DA90005242FFF73DFC00E090402C43F1D0404261
:10DAA00070BDC1F30A5210B5C1F3130140F2FF3348
:10DAB00041F480119A4201DA002010BD40F2334354
:10DAC0009A42A2F2334203DC5242FFF721FC10BD1E
:10DAD000904010BD70B5C1F30A5201F0004500241A
:10DAE000C1F3130140F2FF3341F480119A4202DA8C
:10DAF0000020014670BD40F233439A42A2F2334205
:10DB000003DC5242FFF704FC01E000F0D0F82C43A4
:10DB1000F0D00023D0EB030063EB010170BDC1F333
:10DB20000A52C1F3130140F2FF3341F480119A42CB
:10DB300002DA00200146704740F233439A42A2F2D3
:10DB4000334202DC5242FFF7E3BB00F0B0B800F012
:10DB5000004230F000400AD0C10D01F56071C0F301
:10DB6000160042EA0151C2084007114370470020E5
:10DB70000146704730B5041E71F1000404DB4FF01C
:10DB80000044404264EB0101141E73F1000405DB04
:10DB90001C464FF00043524263EB04038B4208BF24
:10DBA000824230BD30B5041E71F1000404DB4FF039
:10DBB0000044404264EB0101141E73F1000405DBD4
:10DBC0001C464FF00043524263EB0403994208BFE6
:10DBD000904230BD01F0004330B421F0004150EAE2
:10DBE000010206D00A0DA2F56072C1F31301002AEA
:10DBF00002DC30BC00207047440F44EAC104C1007D
:10DC0000E01830BC00EBC25000F092B9002801DBF4
:10DC1000C0F10040002901DBC1F10041884270479A
:10DC200030B50B46014600202022012409E021FAEC
:10DC300002F59D4205D303FA02F5491B04FA02F5E9
:10DC40002844151EA2F10102F1DC30BD2DE9F05F80
:10DC50000546002092469B4688460646814640245B
:10DC60001BE02846414647462246FFF751FB5346F4
:10DC70005A46C01A914110D311461846224600F068
:10DC800016F82D1A67EB01084F46224601200021A5
:10DC900000F00DF817EB00094E41201EA4F101041D
:10DCA000DFDC484631462A464346BDE8F09F202A3D
:10DCB00004DB203A00FA02F1002070479140C2F1E3
:10DCC000200320FA03F3194390407047202A06DB13
:10DCD000CB17203A41FA02F043EAE07306E041FA3A
:10DCE00002F3D040C2F12002914008431946704728
:10DCF000004870470C0F010810B50446FFF7F8FF05
:10DD00000068005D00F0010010BD2DE9F05F824663
:10DD10000078002715468B460AF10104B9463028E1
:10DD200001D09DB113E014F8010B0127782803D02E
:10DD3000582801D045B10AE00DB1102D07D10027B8
:10DD4000102514F8010B02E0082500E00A25002642
:10DD5000B0460EE005FB080005FB06F1012701EBCC
:10DD600010461FFA80F8B6F5803F00D3B94614F884
:10DD7000010B294600F016FA0028EBDABBF1000F80
:10DD800005D00FB1641E00E05446CBF80040B9F155
:10DD9000000F06D000F0C6FC02210160C81EBDE8DD
:10DDA000F09F48EA0640FAE70FB4002300B589B0B7
:10DDB0000CA900910B996FF00042CB601E4B0693AB
:10DDC0001E4B07930423CDE901321D4A08920246F7
:10DDD0006B46002000F088FA09B05DF814FB70B5BE
:10DDE00086B006464FF0FF300091CDE901010020DA
:10DDF00015460C4604903246694604A8FFF7D4FF46
:10DE000002460498211825B108B1084600E02046D2
:10DE10002860049800280DD0002A02DD009888426E
:10DE200008D0081B0094CDE901043246694604A8D5
:10DE3000FFF7BAFF06B070BD21E500083FE5000816
:10DE4000F9DC00082DE9F04791460F46804604466C
:10DE5000002614F8015B2DB1FFF74AFF0068405D12
:10DE6000C007F6D12B2D02D02D2D18D0641E4A46A6
:10DE700039462046FFF749FF27B13968A14201D151
:10DE8000C7F8008071054FF002040BD5404200280E
:10DE900003DD00F047FC0460A007BDE8F08746F40E
:10DEA0008066E4E70028F8DA00F03CFC04606FF0DC
:10DEB0000040F2E72DE9F05F93460F4680460446A6
:10DEC000002600F02FFCD0F80090824614F8015B89
:10DED0002DB1FFF70DFF0068405DC007F6D12B2D77
:10DEE00002D02D2D1FD0641E0021CAF800105A4602
:10DEF0003946204600F034FB024627B13868A0427C
:10DF000001D1C7F80080DAF8000002280ED0CAF864
:10DF1000009070050AD500200346D2EB000063EBA9
:10DF20000101BDE8F09F46F48066DDE71046F8E7A2
:10DF30000029A8BF7047401C490008BF20F001001D
:10DF4000704710B4B0FA80FC00FA0CF050EA0104FB
:10DF500004BF10BC704749B1CCF1200421FA04F48D
:10DF600011FA0CF118BF012121430843A3EB0C0166
:10DF7000CB1D4FEA00614FEA102042BF002010BCC9
:10DF8000704700EBC35010440029A4BF10BC704779
:10DF9000401C490008BF20F0010010BC704710B5BC
:10DFA000141E73F1000408DA401C41F100019218BC
:10DFB0005B411A4301D120F0010010BD2DE9F04D65
:10DFC00092469B4611B1B1FA81F202E0B0FA80F2BA
:10DFD00020329046FFF76BFE04460F4640EA0A00E7
:10DFE00041EA0B0153465A46084313D0114653EAFF
:10DFF000010019D0C8F140025046FFF789F90546E3
:10E000000E46504659464246FFF751FE084305D09A
:10E01000012004E020463946BDE8F08D002005438C
:10E0200046EAE0762C4337430A986305E40AA0EBFE
:10E0300008000022FD0A44EA47540A3002D50020B5
:10E040000146E9E7010510196941DDE908450019B4
:10E050006941BDE8F04DA2E72DE9F04D00231A46D5
:10E060001B1A8A4103DB00200146BDE8F08DC1F395
:10E070000A52C1F3130141F480154FF0000BD10790
:10E0800002D100186D41521E0027044640F2FF11D4
:10E09000384601EB620A3E468046024600204FF4B5
:10E0A0008011FFF735F9C2197141BB1846EB010029
:10E0B000B4EB030C75EB000C04D3E41A65EB00051C
:10E0C00017460E46241908F101006D418046342898
:10E0D000E3DDF91946EB0600091BA84103D24FF016
:10E0E000FF32134601E0002213461BEB070046EB0C
:10E0F0000A51BDE8F04DFFF752BF2DE9FE4FC3F3C3
:10E100000A5701F000450024C1F30A56C3F3130374
:10E11000C1F3130143F4801312EB020AA64641F443
:10E120008011009543EB030CA7F1010B16E0B0EB57
:10E130000A0061EB0C01071E71F1000707DA4FF0CE
:10E140000008D0EB080085F0004568EB0101171AC4
:10E1500073EB0107EBD3761E001849415E45F6DAF2
:10E1600050EA010209D0CDE900E5002213460296EB
:10E17000FFF724FF03B0BDE8F08F20460099F9E7D0
:10E18000064C074D06E0E06840F0010394E8070004
:10E1900098471034AC42F6D3F1F7ACFFCC1201082B
:10E1A000EC1201083A2800D2303820F02002412A2F
:10E1B00001D3A2F13700884201D34FF0FF307047FE
:10E1C0002DE9FF4F087883B09946FF2805D0491CF8
:10E1D0002D2804D00024002008E000200BE00124BA
:10E1E000F9E700EB800003EB4000491C0B78FF2BA4
:10E1F000F7D104B1404200230293147819461D461A
:10E200002D2C01D02B2C04D1521C2D2C13D00024EA
:10E210000294AA461478FF2C0FD00A25A3FB057898
:10E2200001FB05814FF0000C03FB0C11521CE3199C
:10E230004AEB0101EEE70124EAE7814453EA0100D9
:10E2400002D019F5C87F06DA03980021C0E9001151
:10E2500007B0BDE8F08F0025AE4E2F46DFF8B8823C
:10E260001846FFF7C6FBCDE90001B9F1000002DA5C
:10E27000C9F1000400E004460023A74A1AEB030B8F
:10E2800042EB045A12E0E00707D02A4633463846EC
:10E290004146FFF760FA074688462A46334610464D
:10E2A0001946FFF758FA05460E466410002CEAD1CD
:10E2B000DDE90001B9F1000F5A46534606DAFFF7CF
:10E2C000BCFA3A464346FFF7B8FA05E0FFF743FACF
:10E2D0003A464346FFF73FFA029A0AB181F00041FD
:10E2E000039AC2E90001B3E72DE9FF4F1F468DB045
:10E2F000D7E901464FF0FF382E2045464FF0000980
:10E300000B90B9696D1C0E988847396A8246884718
:10E310000028F6D1BAF1FF3F0AD024F4D064002ED1
:10E3200011DDBAF12B0F08D0BAF12D0F0BD102E09D
:10E33000404611B08DE744F48064B9696D1C0E98B5
:10E3400088478246761E6946600501D52D2000E08B
:10E350002B208DF8000001F1010B0DF1200809E0E0
:10E36000B9696D1C0E98884782460F9844F4007472
:10E37000761E0560002E02DDBAF1300FF0D00B9949
:10E380008A453ED144F0800406E00F99681CA9F14B
:10E39000010944F400740860B9696D1C761E0E987A
:10E3A000884782463028F0D02BE00B998A4505D16A
:10E3B000200603D444F08004761E18E0504600F096
:10E3C00017FB08B30DF11301761E44F400748B455E
:10E3D00008D2AAF130000BF8010B200607D5A9F1ED
:10E3E000010003E0200602D409F101008146A005E6
:10E3F00002D50F99681C0860B9696D1C0E98884792
:10E400008246002ED1DC53E0002E51DDBAF1650FBB
:10E4100002D0BAF1450F4BD1A00549D5B9696D1CA1
:10E4200024F44074761E0E9888478246002E0CDD38
:10E430002B2804D0BAF12D0F07D144F48074B969A8
:10E440006D1C0E9888478246761EE00501D52D2169
:10E4500000E02B2108F8011BCDF82C8021E00DF104
:10E460002901761E44F4007488450CD2AAF13000CC
:10E4700010F0FF0088F8000002D10B99884509D9F7
:10E4800008F1010806E0E00501D5244801E042F268
:10E490000F708146B9696D1C0E98884782460F98A7
:10E4A0000560002E04DD504600F0A2FA0028D6D107
:10E4B000F9690E988847FF208BF8000088F8000063
:10E4C0000020069007904B466A4608A906A8FFF769
:10E4D00077FEA00502D46FF001002AE714F0240FA4
:10E4E0000AD0E00714D1DDE906123868031D3B604D
:10E4F0000068C0E900120BE0DDE90601FFF76AFBE6
:10E500000146E00704D13868021D3A6000680160E6
:10E5100028460EE7000014400000F03FF1D8FFFF4E
:10E52000426842B1016811F8013B23B1521EC0E9B3
:10E530000012184670470121C160881E704742686A
:10E540005AB1C368016843B983688B4205D0491E3C
:10E55000521CC0E90012002070474FF0FF30704796
:10E560002DE9F74F4FF00009009C1546CA4614F8F4
:10E57000010B302801D0ADB115E014F8010B4FF0BC
:10E580000109782803D0582801D04DB10BE00DB116
:10E59000102D08D14FF00009102514F8010B02E0EE
:10E5A000082500E00A2500273E46B8464FEAE57BED
:10E5B00016E0A5FB07230BFB073105FB080005FB55
:10E5C0000616030CD71846F100061FFA80F8381E0D
:10E5D0004FF0010976F5803000D3CA4614F8010BDC
:10E5E0002946FFF7DFFD0028E3DA019838B1B9F1D9
:10E5F000000F01D0641E00E0009C01980460BAF195
:10E60000000F08D000F08EF802210160C81E0146FC
:10E6100003B0BDE8F08F310441EA174148EA0740F2
:10E62000F6E770B58C1810F8015B15F0070301D1FF
:10E6300010F8013B2A1106D110F8012B03E010F865
:10E64000016B01F8016B5B1EF9D12B0705D4002388
:10E65000521E0DD401F8013BFAE710F8013BCB1A2A
:10E66000921C03E013F8015B01F8015B521EF9D51F
:10E67000A142D8D3002070BD0FB41CB502460020C3
:10E6800007AC00290BD0491ECDE90021054B6A4695
:10E690002146069800F0B4F9009A002111701CBCC4
:10E6A0005DF814FB2FF100080FB4084B10B504A956
:10E6B00002AA039800F0A4F9044602A9002000F081
:10E6C00041FD204610BC5DF814FB000045F1000838
:10E6D0007CB5044600201D46164600290BD0491E75
:10E6E000CDE90041044B6A462946304600F088F9DE
:10E6F000009A002111707CBD2FF10008490050EAFA
:10E70000C12018BF04204A0D18BF40F0010040F29C
:10E71000FF72B2EB515F08BF40F00200012808BF52
:10E7200005207047004870476C1400202DE9F04127
:10E730004F1E00EBC7010446D1E9000115461E46F5
:10E7400037F006020DD02A463346FFF704F87F1E45
:10E7500004EBC703D3E90023FEF756FF37F00602A8
:10E76000F1D1022F25D0042F13D0062F18BFBDE8FA
:10E77000F0812A463346FEF7EEFFD4E90A23FEF77E
:10E7800043FF2A463346FEF7E6FFD4E90823FEF7A7
:10E790003BFF2A463346FEF7DEFFD4E90623FEF7A9
:10E7A00033FF2A463346FEF7D6FFD4E90423FEF7AB
:10E7B0002BFF2A463346FEF7CEFFD4E90223FEF7AD
:10E7C00023FF2A463346FEF7C6FFD4E90023BDE8FF
:10E7D000F041FEF719BF0000002213461046014920
:10E7E000FFF72BB80000F03F0122FFF795B8FEF7C6
:10E7F0000BBF0022134610461146FFF71EB840F229
:10E80000013200204FF0E041FFF786B8024A0020B5
:10E810001107FFF781B8000001FDFFFF00214FF055
:10E820007E50FEF7A7BE0121FEF7E2BE002108469A
:10E83000FEF7A0BE01480068704700006C1400207D
:10E8400002E008C8121F08C1002AFAD170477047B9
:10E85000002001E001C1121F002AFBD17047000017
:10E8600001490860704700006C1400202DE9FF5F2B
:10E8700082B00021DDE90430020DDDF840B0034331
:10E8800018D044F61050A2F2FF32424315141198EA
:10E8900001281FD0A5EB0B00401C5FEA000A4FF0D7
:10E8A00000064E4FDFF83891B046504615D5CAF1F4
:10E8B000000413E0119801244AA3012801D16FEA52
:10E8C0000B010298119AC0E90031C0E9024206B07A
:10E8D000BDE8F09FCBF10000DFE704460021404A8D
:10E8E000491842EB0450CDE9001012E0E00707D0D0
:10E8F00032463B4640464946FEF72DFF8046894654
:10E9000032463B4610461946FEF725FF06460F469F
:10E910006410002CEAD1DDE90401DDE90023BAF13D
:10E92000000F06DAFEF717FF42464B46FEF713FFCD
:10E9300005E0FEF782FF42464B46FEF77EFF0446A7
:10E940000E460022284BFFF72DF903D84FF0FF3079
:10E95000014607E00022254B20463146FEF754FED3
:10E96000FFF7DDF8102409E0002C0ADB0A2200235F
:10E97000FFF76CF9039B30321A55641E50EA01020E
:10E98000F2D1641C039AC4F111031444119A012AB0
:10E9900003D0012208430DD10AE0084304D000202F
:10E9A0004FF0110B119072E7A3EB0B056D1E0DE0FC
:10E9B0005B4504DD4FF0000205F1010504E003DAD8
:10E9C0004FF00002A5F10105002AECD00298119940
:10E9D000C0E90231C0E9004579E7000000001440B9
:10E9E0000000F03F300000000000F0430000E03F76
:10E9F00030380A2801D201207047002070470000FB
:10EA00002DE9FF4F95B09B468946064600250FE24B
:10EA1000252877D100242746F84A0121059400E0F3
:10EA2000044316F8013F203B01FA03F01042F7D1EE
:10EA300030782A2811D06FF02F033078A0F13002FF
:10EA4000092A16D8059A44F0020402EB820203EB6D
:10EA500042021044761C0590EFE759F8042B05920A
:10EA6000002A03DA504244F40054059044F00204B2
:10EA7000761C30782E2816D116F8010F44F00404C5
:10EA80002A280DD06FF02F023078A0F13003092B27
:10EA900009D807EB870302EB4303C718761CF3E79B
:10EAA00059F8047B761C30786C280FD006DC4C2893
:10EAB00017D068280DD06A2814D104E0742810D02B
:10EAC0007A280FD10DE044F400140AE044F48014D5
:10EAD00001E044F440147278824202D104F58014BB
:10EAE000761C761C307866280BD013DC582877D03B
:10EAF00009DC002875D04528F6D04628F4D04728F0
:10EB00001AD19DE118E0632835D0642879D06528B2
:10EB100012D195E1702873D008DC6728F1D06928FC
:10EB20006FD06E280DD06F2806D1B5E073282CD099
:10EB3000752875D0782874D05A46179990476D1C5F
:10EB400075E1C4F30250022809D003280DD0D9F88A
:10EB5000001004280DD00D6009F1040967E1D9F80F
:10EB60000010EA17C1E90052F6E7D9F800100D804D
:10EB7000F2E70D70F0E719F8041B8DF80010002083
:10EB80008DF80100EA46012003E059F804AB4FF08C
:10EB9000FF3061074FF0000102D40DE008F10101E0
:10EBA0008846B9420FDA8045F8DB1AF808100029C8
:10EBB000F4D108E008F1010188468142FADB1AF835
:10EBC00008100029F6D105985B46A0EB08072146FE
:10EBD0003846179A00F094FA284400EB080507E03D
:10EBE0004DE029E10DE01AF8010B5A4617999047BC
:10EBF000B8F10108F7D25B4621463846179A13E16F
:10EC000042E00A220092C4F302524FF0000A022AA4
:10EC100008D059F804CB032A4FEAEC710AD00DE072
:10EC200029E02AE009F1070121F00702F2E802C118
:10EC3000914609E00FFA8CFC4FEAEC71042A03D1EB
:10EC40004FFA8CFC4FEAEC71002907DA0A460021E2
:10EC5000DCF1000C61EB02012D2202E0220504D55B
:10EC60002B228DF80420012203E0E20701D02022AC
:10EC7000F7E7904659E00A2102E010220DE010214A
:10EC80004FF0000A00910BE010224FF0000A44F010
:10EC900004040827009203E008224FF0000A0092C3
:10ECA000C4F30252022A05D059F804CB0021032AEA
:10ECB00008D009E009F1070121F00702F2E802C1DA
:10ECC000914605E01FFA8CFC042A01D10CF0FF0CE0
:10ECD0004FF00008220728D5702806D0009B83F04B
:10ECE000100353EA0A0305D00EE040228DF80420F9
:10ECF000012208E05CEA010206D030228DF80420EF
:10ED00008DF8050002229046009B83F0080353EA29
:10ED10000A030AD15CEA010201D1620705D530225B
:10ED20008DF804204FF001087F1E582804D034A02D
:10ED300003900EA802900DE036A0F9E75346604616
:10ED4000009AFEF783FF84460398825C0298401E77
:10ED5000029002705CEA0100F0D1029806A9081A3C
:10ED600000F1200A600702D524F4803400E0012776
:10ED7000574502DDA7EB0A0000E0002000EB0A0186
:10ED8000009005984144401A0590E00306D45B4684
:10ED90002146179A059800F0B3F90544002706E0CC
:10EDA00001A85A46C05D179990476D1C7F1C4745C6
:10EDB000F6DBE0030CD55B462146179A059800F078
:10EDC0009FF9054404E030205A46179990476D1C7E
:10EDD0000099481E00900029F5DC08E0029802998D
:10EDE0005A460078491C0291179990476D1CBAF158
:10EDF0000001AAF1010AF1DC65E100000928010027
:10EE000030313233343536373839616263646566A0
:10EE10000000000030313233343536373839414262
:10EE2000434445460000000000F058F90544761CB4
:10EE3000307800287FF4ECAD19B02846BDE8F08F9B
:10EE4000620700D4062709F1070222F0070CFCE84C
:10EE50000223E14603F000485FEA080C02D00FF2FB
:10EE6000702C0DE05FEA045C02D50FF2682C07E01D
:10EE70005FEAC47C02D00FF2602C01E0AFF2700CAC
:10EE80004FF0FF3823F00043CDF850C065280CD078
:10EE900006DC452809D046281DD047283DD13DE055
:10EEA000662818D067287ED138E00021112F01DBB9
:10EEB000112000E0781CCDE9000106A90EA8FFF79B
:10EEC000D5FCDDE90F010E9A03910021009207F1B4
:10EED000010A04914DE04FF000400097CDE9011088
:10EEE00006A90EA8FFF7C2FCDDE90F0203920E9BF4
:10EEF00011990022DDF80CA00093049211B9791C3D
:10EF000000EB010AB7EB0A0004D4C0F1FF3007F1AF
:10EF1000010A0490AAEB0700019044E0012F00DAF7
:10EF200001270021112F01DD112000E03846CDE935
:10EF3000000106A90EA8FFF799FCDDE90F010E9A62
:10EF40000391002104910092BA4621070CD4039941
:10EF5000514500DA8A46BAF1010F05DD009AAAF19F
:10EF60000101515C302908D0B84202DA10F1040FD7
:10EF700006DA0121CDE9011015E0AAF10101E9E766
:10EF8000002805DC049901440491AAEB000102E089
:10EF9000411C514500DD8A460499401A401C0190ED
:10EFA0004FF000400290200704D40198504501DB47
:10EFB000CDF8048000208DF84F0002980DF14F0726
:10EFC000B0F1004F25D02B200E9002984FF0020890
:10EFD00000280CDA404202902D200E9007E00A2112
:10EFE0000298FEF71DFE3031029007F8011DB8F1BE
:10EFF0000001A8F10108F2DC02980028EFD1791E87
:10F000000E980870307800F0200040F0450007F8B6
:10F01000020D12A8C01B00F107081498007800B177
:10F02000012000EB0A01019801EBE07105984144D1
:10F03000401A401E0590E00306D45B462146179A0D
:10F04000059800F05DF805441498007818B15A4608
:10F05000179990476D1CE00324D55B462146179A0B
:10F06000059800F04DF805441CE00498002807DBE3
:10F07000DDE90301884203DD0098405C179901E057
:10F08000179930205A469047049805F10105401C15
:10F0900004900198401E019004D12E205A461799E1
:10F0A00090476D1CBAF10001AAF1010ADDDC05E010
:10F0B00017F8010B5A46179990476D1CB8F10001DB
:10F0C000A8F10108F4DC5B462146179A0598ABE6E7
:10F0D0002D0000002B000000200000002DE9F04171
:10F0E000044600251E461746880404D405E0394628
:10F0F0002020B0476D1C641EF9D52846BDE8F0817C
:10F100002DE9F041044600251E469046C80301D56E
:10F11000302700E02027880404D505E04146384622
:10F12000B0476D1C641EF9D52846BDE8F0814A68D9
:10F13000002A06D00A68531C0B6010704868401EF5
:10F14000486070470A68531C0B60107070470000DD
:10F150002DE9F04D8D4F21F0004A86B005460C4652
:10F16000BA452ADBAAEB070028430AD08848824523
:10F1700001DC1AD1CDB106B02846BDE8F04DFFF74D
:10F1800033BB844A844B2846FEF7E5FA07460E4611
:10F19000824A834B28462146FEF7DDFA06B03A46FE
:10F1A0003346BDE8F04DFEF72FBA0120FFF758FBBC
:10F1B00006B0BDE8F04DFFF71CBB7A48824542DA45
:10F1C000BAF1795F0BDA2846FFF798FA042808BFEE
:10F1D000FFF71CFB284606B02146BDE8F08D2A4605
:10F1E0000B461046FEF7B7FA834602466E480E46B7
:10F1F0000B4606217844FFF799FA5A463346FEF744
:10F20000AAFA804669488A465A4633460421784419
:10F21000FFF78CFA5A463346FEF79DFA00223B462A
:10F22000FEF7F2F902460B4640465146FEF705FB53
:10F230002A462346FEF78FFA06B02A462346BDE843
:10F24000F04DFEF7E1B9284624F0004100223D468A
:10F250003B46FEF77DFA4FF0FF32FEF75DFB0646B8
:10F26000024653480F460B4606217844FFF75EFAE4
:10F2700032463B46FEF76FFACDE900014D48324673
:10F280003B4604217844FFF751FA32463B46FEF7ED
:10F2900062FA00222B46FEF7B7F983460291304608
:10F2A000394601F00BF8804643480D46504517DCBF
:10F2B000DDE900015A46029BFEF7BFFA42462B46A3
:10F2C000FEF749FA42462B46FEF79EF90122FEF769
:10F2D00023FB304A304BFEF738FA304A304B4CE0D3
:10F2E0004FF0000A52460B464046FEF78DF9CDE935
:10F2F000031052462B4610461946FEF72CFA3246AA
:10F300003B46FEF725FADDE90332FEF796FA06469C
:10F310000F46DDE900015A46029BFEF78EFA83464E
:10F320000091012230463946FEF7F6FA194A1A4B87
:10F33000FEF70EFA06460F46012240462946FEF722
:10F34000EBFA5A46009BFEF706FA32463B46FEF7BA
:10F35000FCF906460F46012250462946FEF7DCFA24
:10F360000E4DDFF858802A464346FEF7F1F9324643
:10F370003B46FEF7EDF92A464346FEF7E9F9002C35
:10F38000D8BF81F0004106B0BDE8F08D0000F03F2D
:10F390000000F07F075C143326A6913C182D4454DE
:10F3A000FB21F93F0000E03FD81A0000EE1A0000F0
:10F3B000621A0000781A00003333EF3FFB21E93F67
:10F3C0002DE9F84F04460D4621F0004000917349A5
:10F3D000814211DC7249884201DC06D12CB1204601
:10F3E0002946BDE8F84FFFF7FFB96E48002DCCBFA6
:10F3F0006D496E49BDE8F88F6D49814211DD6D4957
:10F400008142D8BF4FF0FF366DDD20462946FFF719
:10F4100075F9042808BFFFF7F9F920462946BDE829
:10F42000F88F6549654F25F00045814233DD644919
:10F43000814219DD002632464FF08043204629469E
:10F44000FEF7E2F880468A46012220462946FEF76A
:10F4500063FA00223B46FEF778F942465346FEF730
:10F46000ECF904460D463EE001260022BA463B4632
:10F4700020462946FEF7C8F880460F46002253462C
:10F4800020462946FEF761F942463B46FEF7D5F98C
:10F4900004460D4627E04B4981421BDDDFF828A1D9
:10F4A00002260022534620462946FEF754F9002240
:10F4B0003B46FEF7A9F880460F46002253462046F9
:10F4C0002946FEF742F942463B46FEF7B6F90446A6
:10F4D0000D4608E0032622462B4600203B49FEF756
:10F4E000ACF904460D4622462B4610461946FEF757
:10F4F00032F98B46824602460B46FEF72CF9074648
:10F500000246334888460B4606217844FFF70EF939
:10F5100052465B46FEF71FF982462E488B463A4616
:10F52000434605217844FFF701F93A464346FEF782
:10F5300012F902460B46002E504659460CDAFEF7E9
:10F5400063F822462B46FEF706F901B022462B4609
:10F55000BDE8F04FFEF7FCB8FEF756F822462B4602
:10F56000FEF7F9F81C4A7A4402EBC603D3E90023FC
:10F57000FEF7EBF822462B46FEF7E7F8174A7A44E7
:10F5800002EBC603D3E90023FEF7E2F8009A002A53
:10F59000B8BF81F00041BDE8F88F000000001044C2
:10F5A0000000F07F182D4454FB21F93FFB21F9BFE7
:10F5B0000000DC3F0000203E0000F33F0000F03F71
:10F5C0000000E63F008003400000F83F0000F0BF6D
:10F5D0007A18000038180000D61700009E170000A7
:10F5E00030B583B00446FFF725F905460020CDE984
:10F5F0000000024621466846FEF7F1FB2846FFF769
:10F600002FF9DDE9000103B030BD00002DE9F04124
:10F61000C0F3C751A1F17F050446172DA8BFBDE86F
:10F62000F0814FF07F471549002D0EDAFDF718FFE6
:10F63000B7EB400F1ED300281CDD002CC8BF4FF0D5
:10F640007E54B8BF4FF0004414E00D4A22FA05F68C
:10F65000344208BFBDE8F081FDF702FFB7EB400F71
:10F6600008D3002806DD002C03DD4FF40000E8403D
:10F670000444B4432046BDE8F0810000CAF2497159
:10F68000FFFF7F0070B514461D460E46002814BFCC
:10F6900001210021314321F00041C1F17F6101F1DD
:10F6A000E041C90F16D1002C14BF012100212943CC
:10F6B00021F00041C1F17F6101F1E041C90F09D1A1
:10F6C0001449B1EB460F08BF00281CD0690008BFE1
:10F6D000002C18D03146FEF710FD024640F2FF70B4
:10F6E00030EA11500DD0F017B0EBE17F09D0084699
:10F6F00065F31E0084460B4620466146FEF728F857
:10F700000246104670BD0120FFF7AAF8BDE8704020
:10F71000FFF76FB80000E0FF38B504468DF8000031
:10F7200069460320ABBE204638BD00002DE9F041FC
:10F730000026A0F50001B1F1FE4F7DD200F50022B8
:10F740006FF07E0101EBE251C2F3025477184FF0E3
:10F750007E52A0EBC15602EB045557EA040047D095
:10F7600029463046FDF77CFE804629463046FDF7A7
:10F77000C9FE4146FDF7FEFE05460146FDF7C8FEFF
:10F7800080464A49FDF7C4FE4949FDF769FE064631
:10F7900041462846FDF7BCFE3146FDF7B9FE064658
:10F7A0003846FEF7D0F807464249FDF7B1FE424918
:10F7B000794451F82410FDF753FE3146FDF750FE11
:10F7C00006463E492846FDF7A3FE3146FDF748FEB2
:10F7D000054638463A49FDF79BFE3A49794451F8C7
:10F7E0002410FDF73DFE2946BDE8F041FDF738BE87
:10F7F0004FF07E513046FDF785FE05463249FDF754
:10F8000087FE3249FDF72CFE2946FDF781FE30497F
:10F81000FDF726FE2946FDF77BFE2E49FDF720FE6B
:10F82000044629460846FDF773FE2146FDF770FEA3
:10F8300004462949284600E00EE0FDF769FE21460E
:10F84000FDF70EFE044625492846FDF761FE2146D8
:10F85000BDE8F041FDF704BE4FF07F42B2EB400F30
:10F8600003D2BDE8F041FEF7DEBFB0F1FF4F08BFA5
:10F87000BDE8F081B0F1004F06D90120FEF7F0FF9E
:10F88000BDE8F041FEF7D2BF30F0004105D06FF087
:10F8900016061721FDF7ACFE50E70220FEF7E0FF49
:10F8A000FEF7BCFF80F00040BDE8F081DE02323E92
:10F8B0003B3D943EFC849A3624160000D95B5E3FA3
:10F8C00000209A3ED8150000924FA93D7279DEBD06
:10F8D0002D3E143ED85B5EBE157B4B3C0000D83EEF
:10F8E0002DE9F04D1D460C4698B0174621F0004119
:10F8F00023F00043002814BF4FF0010C4FF0000C20
:10F900000CEB440CFE4A0CEB02064FEA620C664517
:10F910002BD33E0018BF012606EB45061644F94AD4
:10F92000964222D3F84A53EA070C02D0944205D1FA
:10F9300048B918B000201146BDE8F08D002808BF76
:10F940004FF0000C01D04FF0010C0CEB440212F50B
:10F95000001F0AD8002F14BF4FF0010C4FF0000C0D
:10F960000CEB450212F5001F07D918B03A462B469A
:10F970002146BDE8F04DFEF73ABF0022DFF88CA328
:10F98000002CB8BF534526DADFF884C36345A8BF0F
:10F99000022220DADFF870C39C451CDCDFF874C358
:10F9A0000CEB235CBCF1140F08DDCCF1340627FA14
:10F9B00006FC0CFA06F6BE420DD108E05FB9CCF1A8
:10F9C000140623FA06FC0CFA06F69E4203D10CF04C
:10F9D0000102C2F1020251EA000C19D1002D17DA1E
:10F9E000002C18BF022A01D0012A07D00220FEF7FE
:10F9F00037FF18B0BDE8F04DFEF7EEBE0220FEF76F
:10FA00002FFFFEF7E9FE18B081F00041BDE8F08D50
:10FA1000B7F1000C6CD1534525D104F1804212F5A9
:10FA2000801201BF00280020B74918B008BFBDE808
:10FA3000F08DB548884207DC002DA1BF60462946FD
:10FA400018B0BDE8F08D07E0281E05DA80F000410F
:10FA500018B06046BDE8F08DAF497944D1E90001A6
:10FA600018B0BDE8F08DDFF8A0C2634525D1002DA8
:10FA70001FDA19B1514512D1D8B909E0002840F078
:10FA8000EC82A24A214618B062F31E01BDE8F08D57
:10FA90000020214618B060F31E01BDE8F08D08DAA1
:10FAA00018B02346BDE8F04D024600206146FDF740
:10FAB000C4BE18B02146BDE8F08D514518DAB5F145
:10FAC000804F0DD0A5F1005CBCF1FF5C10D1B4F10A
:10FAD000000C0DDB18B06146BDE8F04D00F0EEBB48
:10FAE000234618B00246BDE8F04D1946FDF733BE77
:10FAF000060024F0004C3BD1D9B1514533D1002C44
:10FB000006DD002DA1BF0020514618B0BDE8F08DE4
:10FB1000002C01DD002D1BDB002C13DA002D11DB86
:10FB2000012A4FF0000014BF78497C4918B0BDE8A5
:10FB3000F08D022A18BF002C0AD0012A08D1002C0F
:10FB400006DA0AE0002CB8BF002D11DA012A04D031
:10FB5000002018B00146BDE8F08D18B000204FF02D
:10FB60000041BDE8F08DA1F14050B0F17F601AD0A6
:10FB7000012000EBE47050EA020421D0624C521ED6
:10FB80004FF0000B104304BF4FF0000B644C65486E
:10FB900083427CDD644A654893421FDD884217DB5F
:10FBA000002D25DB37E0002C00DA4AB1022A0CBF19
:10FBB00001204FF0FF3018B0BDE8F04DFDF7E7BE73
:10FBC0000120FEF74DFE18B0BDE8F04DFEF711BE66
:10FBD0004D4A8A4202DC002D0ADC1CE0814202DA36
:10FBE000002D18DA04E0484B994220DD002D12DD8B
:10FBF0000220FEF735FEFEF702FE05460E46002205
:10FC0000534658462146FDF7A6FD18B066F31E017F
:10FC10002846BDE8F08D0220FEF722FEFEF7F6FD35
:10FC20000A46214618B062F31E01BDE8F08D00229D
:10FC300030466146FDF789FD80460E466FF00102B1
:10FC4000FDF76AFE4FF05532394BFDF781FD424614
:10FC50003346FDF780FD0022364BFDF779FD8246E5
:10FC600042463346049110461946FDF774FD52464C
:10FC7000049BFDF770FD8A4600904FF0C0422E4B6A
:10FC800040463146FDF767FD2C4A2B4B00E027E04C
:10FC9000CDE9060151460098FDF75DFD82460191D0
:10FCA000274A284B40463146FDF755FD5246019BF9
:10FCB000FDF74BFD82460B4602460591DDE9060144
:10FCC000FDF7A2FCDDE90623002688463046FDF755
:10FCD0003CFD5246059BFDF73BFD024600F07EB918
:10FCE0000020B1F5801F07DA352230466146FDF766
:10FCF00013FE06466FF0340000EB215024E00000B4
:10FD0000FFFF1F00FFFF0F000000F03F0000F07F2B
:10FD10000000404301FCFFFF221400000000F0FF40
:10FD20000000F0BF0000E0410000F043FFFFEF3FA4
:10FD30005555D53F0000E03F4715F73FFE822B6544
:10FD400044DF5DF80BAE543EA0F2FF300190C1F3EA
:10FD5000130040F07F6141F040510291FE4988421A
:10FD6000D8BF002004DDFD498142C8BF012001DD6C
:10FD70000D9008E000200D900198401C0190029821
:10FD8000A0F5801002900299F54878440B910D99E6
:10FD900000EBC100D0E900230F9330460A920B9983
:10FDA000FDF7D3FCCDE90601DDE90A2130460F9BC2
:10FDB000FDF72AFC02460B460020EA49FDF73DFD0F
:10FDC000059102460B460090DDE90601FDF7C3FCF4
:10FDD0001490E5488A464FF000087844029900687C
:10FDE00012904FF0005040EA61010D980F9B01EB1B
:10FDF000804000F5002109910A9A1298FDF7A5FCB0
:10FE000032460B9BFDF7A4FC42465346FDF7A3FC8C
:10FE10000646029140465146099B129AFDF79BFC0B
:10FE2000DDE90623FDF794FC3246029BFDF78DFCCD
:10FE3000059B009AFDF78FFC0091149A049053469D
:10FE400010461946FDF787FC06460246C7480B4692
:10FE5000029106217844FEF769FCCDE90510029B6A
:10FE6000324610461946FDF776FCDDE90532FDF70E
:10FE700072FC05910646534640461946149AFDF712
:10FE8000C3FB009B049AFDF766FC3246059BFDF719
:10FE9000BBFBCDE905104246534610461946FDF717
:10FEA0005AFC0022B24B02910A90FDF7ADFBDDE94E
:10FEB0000532FDF7A9FB0E464246AD4B4046FDF725
:10FEC00044FC029B0A9AFDF740FCDDE90532FDF790
:10FED0003FFC424602910A90334610465146FDF7D8
:10FEE0003AFCCDE906015346149A02990A98FDF7A7
:10FEF00032FC8A4602903346424600990498FDF748
:10FF00002AFC5346029AFDF77FFB82460B460246C7
:10FF10000591DDE90601FDF777FBDDE90623002009
:10FF200088460646FDF711FC5246059BFDF710FC7E
:10FF3000824609914FF060428E4B30464146FDF7B4
:10FF40000AFC049006918C4A8A4B50460999FDF7A9
:10FF500002FC82460291894A894B30464146FDF7B0
:10FF6000FAFB5246029BFDF74FFB864B7B440D9AF2
:10FF700003EBC203D3E90023FDF746FB0E90079184
:10FF80000198FDF704FD0591DDE9061382460E9AFE
:10FF90000498FDF739FB7C4A7A440D9B02EBC303BE
:10FFA000D3E9002300930292FDF72EFB5246059BF6
:10FFB000FDF72AFB0026884652463046059BFDF792
:10FFC000C4FB009B029AFDF7C0FB069B049AFDF759
:10FFD000BCFB079B0E9AFDF7BBFB024600200B46BD
:10FFE000029038462946FDF7B6FB824601912B4622
:10FFF00038461946029AFDF7A8FB32464346FDF7FC
:020000040801F1
:10000000AAFB5246019BFDF7FFFA07468A46324695
:10001000434629460298FDF79EFB05460E463A46A2
:100020005346FDF7F1FA594A8846914221DBA8EB85
:10003000020353EA000210D12A463346FDF785FB3E
:10004000CDE90401524A534B38465146FDF7DCFADC
:10005000DDE90423FDF7A6FD21D20220FEF700FC16
:10006000FEF7CDFB0A46214618B062F31E01BDE83B
:10007000F08D494B28F000429A4210D3474A08EBD2
:10008000020353EA00027FF4C6AD2A463346FDF769
:100090005CFB3A465346FDF785FD7FF6BCAD00227A
:1000A000019228F000403E493E4A01EB2051824235
:1000B00023DA481C4FF4801121FA00F040443A4AF8
:1000C000C0F30A517A44394BA1F2FF31CB4020EA08
:1000D0000303C0F3130040F48010C1F11401C840C1
:1000E00012680190B8F1000FBCBF40420190284651
:1000F0003146FDF72AFB05460E462A46334638466A
:100100005146FDF781FA4FF000084246284B404621
:100110000591FDF720FBCDE90601264A264B404616
:100120000599FDF718FB009102902A463346404698
:100130000599FDF70AFB3A465346FDF709FB1F4AAE
:100140001F4BFDF708FB009B029AFDF75DFA07467F
:10015000884602460B4635E08E9803007AB60B00BF
:100160006A1000000000F03FA2100000D00F000055
:100170000000084009C7EE3FFD033ADCF5015B14BF
:10018000E02F3EBEA80E00006C0E00000000904064
:10019000FE822B654715973C00CC904000346F3FA2
:1001A00001FCFFFF0000E03FB80D0000FFFF0F0063
:1001B000432EE63F396CA80C615C20BEEF39FAFE95
:1001C000422EE63FDDE90601FDF71EFADDE90623D2
:1001D00005460E46FDF7B9FA3A464346FDF7B8FA2A
:1001E0000F462A463346009010461946FDF7B3FAEB
:1001F000824602462E4888460B4605217844FEF783
:1002000095FA52464346FDF7A6FA2A463346FDF7CD
:100210009FFA80468A463B4628463146009AFDF7BB
:100220009AFA3B46009AFDF7EFF9069100900022FA
:100230004FF0804340465146FDF787FA0F460C9039
:100240004246534628463146FDF785FA3B460C9A0E
:10025000FDF7F3FA069B009AFDF777FA2A46334634
:10026000FDF773FA0022134BFDF772FA0546019869
:100270000E4601EB00510815002810DC28463146D7
:10028000019AFDF749FBFEF739FA042808BFFEF78B
:10029000BDFA28463146019AFDF73EFB05460B465E
:1002A00018B02A4658462146BDE8F04DFDF753BA2E
:1002B000580C00000000F03FFFF72EBA2DE9F04186
:1002C00006460F46FDF7C8FE041E0D4618BF012066
:1002D000284320F00040C0F17F6000F1E040C00FF3
:1002E0000ED0301C18BF0120384320F00040C0F170
:1002F0007F6000F1E040C00F04BF0120FEF7B0FABC
:1003000020462946BDE8F081201001083D02000882
:10031000A40F0108670200084010010893020008BA
:100320008C0F01087B020008DC0F01087F03000826
:10033000F80F01089D020008641001086305000819
:1003400070100108610400086C0F010835040008F2
:100350007C0F0108CD0300082C100108D905000806
:10036000280F01081B0600081C0F010835070008AC
:10037000400F010859070008100F01088B070008FB
:100380004C1001082F08000858100108BB0800088D
:10039000C40F010847090008D00F0108210A00080E
:1003A000AC0F0108BB0A0008B80F0108050C0008D3
:1003B00014100108230C000804100108410C000867
:1003C000E80F0108FB0C0008980F0108530D000806
:1003D000340F0108710D00084C0F0108D10D000801
:1003E0005C0F01088F0D00083C100108D5050008BE
:1003F00000000000000000000004A8050008500BE9
:100400000010A11600200000000000000000002FD6
:10041000000000000700070000147F147F14002470
:100420002A7F2A120062640813230036495522509D
:1004300000000503000000001C22410000004122D2
:100440001C000014083E08140008083E08080000BC
:1004500000A06000000808080808000060600000B4
:10046000002010080402003E5149453E0000427F32
:100470004000004261514946002141454B3100187E
:1004800014127F10002745454539003C4A49493040
:1004900000017109050300364949493600064949FA
:1004A000291E000036360000000056360000000805
:1004B00014224100001414141414000041221408E2
:1004C00000020151090600324959513E007C1211C7
:1004D000127C007F49494936003E41414122007F5C
:1004E0004141221C007F49494941007F0909090116
:1004F000003E4149497A007F0808087F0000417F9B
:100500004100002040413F01007F08142241007F4C
:1005100040404040007F020C027F007F0408107FB3
:10052000003E4141413E007F09090906003E41511C
:10053000215E007F091929460046494949310001D9
:10054000017F0101003F4040403F001F2040201F2D
:10055000003F4038403F00631408146300070870F0
:10056000080700615149454300007F4141000055A3
:100570002A552A55000041417F000004020102046F
:10058000004040404040000001020400002054545C
:100590005478007F484444380038444444200038AC
:1005A0004444487F00385454541800087E0901021E
:1005B0000018A4A4A47C007F080404780000447DF3
:1005C0004000004080847D00007F1028440000002F
:1005D000417F4000007C04180478007C0804047803
:1005E00000384444443800FC2424241800182424EF
:1005F00018FC007C080404080048545454200004EB
:100600003F444020003C4040207C001C2040201CF7
:10061000003C4030403C004428102844001CA0A06E
:10062000A07C004464544C441414141414140000AA
:1006300000000000000000000000000000000000BA
:1006400000F800000000000000333000000000103F
:100650000C06100C0600000000000000000040C066
:100660007840C0784000043F04043F040400007058
:1006700088FC08300000001820FF211E0000F00850
:10068000F000E018000000211C031E211E0000F0F5
:100690000888700000001E2123241927211010163D
:1006A0000E0000000000000000000000000000003C
:1006B00000E01804020000000007182040000002BB
:1006C0000418E0000000004020180700000040402F
:1006D00080F0804040000202010F01020200000091
:1006E00000F0000000000101011F010101000000F5
:1006F00000000000000080B070000000000000005A
:1007000000000000000000010101010101010000E2
:100710000000000000000030300000000000000079
:10072000000080601804006018060100000000E06E
:1007300010080810E000000F102020100F0000101B
:1007400010F8000000000020203F20200000007072
:10075000080808887000003028242221300000306A
:100760000888884830000018202020110E00000062
:10077000C02010F8000000070424243F240000F8E3
:100780000888880808000019212020110E0000E0C8
:10079000108888180000000F112020110E0000386A
:1007A0000808C83808000000003F00000000007082
:1007B000880808887000001C222121221C0000E00B
:1007C00010080810E0000000312222110F00000084
:1007D00000C0C00000000000003030000000000039
:1007E00000800000000000008060000000000000A9
:1007F0008040201008000001020408102000404042
:100800004040404040000404040404040400000884
:100810001020408000000020100804020100007039
:1008200048080808F0000000003036010000C03021
:10083000C828E810E0000718272423140B00000044
:10084000C038E0000000203C23020227382008F8CE
:10085000888888700000203F202020110E00C030C2
:10086000080808083800071820202010080008F899
:1008700008080810E000203F202020100F0008F892
:100880008888E8081000203F20202320180008F85E
:100890008888E8081000203F200003000000C030D6
:1008A00008080838000007182020221E020008F857
:1008B00008000008F808203F210101213F2000081E
:1008C00008F8080800000020203F20200000000059
:1008D0000808F8080800C08080807F00000008F841
:1008E00088C028180800203F20012638200008F87A
:1008F000080000000000203F20202020300008F8E1
:10090000F800F8F80800203F003F003F200008F8FA
:1009100030C00008F808203F200007183F00E01012
:1009200008080810E0000F10202020100F0008F821
:1009300008080808F000203F210101010000E01034
:1009400008080810E0000F18242438504F0008F859
:10095000888888887000203F2000030C30200070B9
:100960008808080838000038202121221C001808B7
:1009700008F8080818000000203F2000000008F8D0
:1009800008000008F808001F202020201F00087819
:10099000880000C83808000007380E010000F80879
:1009A00000F80008F800033C0700073C03000818A3
:1009B00068808068180820302C03032C3020083809
:1009C000C800C83808000000203F200000001008C0
:1009D0000808C83808002038262120201800000008
:1009E00000FE020202000000007F40404000000CB8
:1009F00030C000000000000000010638C000000206
:100A00000202FE000000004040407F0000000000A5
:100A100004020202040000000000000000000000C8
:100A200000000000000080808080808080800002C4
:100A300002040000000000000000000000000000B0
:100A40008080808000000019242222223F2008F8A4
:100A5000008080000000003F112020110E000000E7
:100A6000008080800000000E112020201100000076
:100A700000808088F800000E112020103F20000028
:100A8000808080800000001F22222222130000802C
:100A900080F0888888180020203F20200000000077
:100AA000808080808000006B94949493600008F8AC
:100AB000008080800000203F210000203F20008037
:100AC0009898000000000020203F20200000000037
:100AD00000809898000000C08080807F000008F8A7
:100AE000000080808000203F24022D30200000087C
:100AF00008F8000000000020203F20200000808037
:100B0000808080808000203F20003F20003F808048
:100B1000008080800000203F210000203F20000056
:100B2000808080800000001F202020201F00808007
:100B300000808000000080FFA12020110E00000036
:100B4000008080808000000E112020A0FF80808027
:100B500080008080800020203F21200001000000D4
:100B600080808080800000332424242419000080A9
:100B700080E0808000000000001F202000008080B6
:100B8000000000808000001F202020103F20808077
:100B900080000080808000010E3008060100808007
:100BA0000080008080800F300C030C300F0000802C
:100BB0008000808080000020312E0E312000808057
:100BC00080000080808080818E7018060100008087
:100BD0008080808080000021302C222130000000A5
:100BE0000000807C020200000000003F4040000046
:100BF0000000FF00000000000000FF0000000002F5
:100C0000027C800000000040403F00000000000621
:100C100001010202040400000000000000001201B3
:100C20000002020000408304405700020102030159
:100C300009024300020100C032090400000102025F
:100C40000100052400100105240100010424020212
:100C50000524060001070582030800FF09040100BE
:100C6000020A000000070503024000000705810298
:100C7000400000040309041803480069006B006584
:100C8000007200200073007500640069006F002688
:100C9000035600690072007400750061006C00204A
:100CA0000043004F004D00200050006F00720074A0
:100CB000002000200000000000F45DC60080D14349
:100CC00048E19240A60A563F0000000000000000E4
:100CD000555555555555C53F7D6FEB0312D6D4BFBD
:100CE0005544880E55C1C93F3B8F68B52882A4BFC3
:100CF00088B20175E0EF493F09F7FD0DE13D023F84
:100D00004B2D8A1C273A03C0C88A599CE52A00400B
:100D100059018D1B6C06E6BF82922EB1C5B8B33F58
:100D20004FBB610567ACDD3F182D4454FB21E93F03
:100D30009BF681D20B73EF3F182D4454FB21F93FF2
:100D4000E2652F227F2B7A3C075C143326A6813C78
:100D5000BDCBF07A8807703C075C143326A6913C23
:100D6000C4EB98999999C9BF711623FEC671BCBF8F
:100D70006D9A74AFF2B0B3BF9AFDDE522DDEADBFF7
:100D80002F6C6A2C44B4A2BF0D5555555555D53F0F
:100D9000FF8300922449C23F6E204CC5CD45B73F2A
:100DA000513DD0A0660DB13FEB0D76244B7BA93FA2
:100DB00011DA22E33AAD903F000000000080513D7F
:100DC0000070C63D00900D3E0050343E00E0573E9E
:100DD00000D0783E00C08B3E000000000AD6A93645
:100DE000431C8C37658F7338832DA236121D1F3834
:100DF000B3756F38D2535A38000000000000F03F3E
:100E0000000000000000F83F0000000000000000AB
:100E10000000004003B8E23F0000000000000000B6
:100E200006D0CF43EBFD4C3E033333333333E33F44
:100E3000FFAB6FDBB66DDB3F4D268F515555D53F70
:100E400001411DA96074D13F65DBC9934A86CD3F3E
:100E5000EF4E454A287ECA3F3E5555555555C53F2C
:100E600093BDBE166CC166BF2CDE25AF6A56113F1E
:100E7000F16BD2C541BDBBBED0A4BE726937663E20
:100E800000000000000000000040404040404040A2
:100E9000404041414141414040404040404040404D
:100EA00040404040404040404005020202020202F1
:100EB0000202020202020202022020202020202040
:100EC0002020200202020202020290909090909054
:100ED0001010101010101010101010101010101012
:100EE0001010101002020202020288888888888886
:100EF0000808080808080808080808080808080872
:100F0000080808080202020240000000890E0108D9
:100F100041542B44454341240000000041542B54CC
:100F20004553544F4C45440041542B544553544C65
:100F30004544000041542B555345525F434D4400F6
:100F400041542B44495354414E43450041542B478F
:100F500045545557424D4F444500000041542B53D2
:100F600045545557424D4F444500000041542B47CE
:100F70004554574F524B4D4F4445000041542B535D
:100F80004554574F524B4D4F4445000041542B524E
:100F90004553544F5245000041542B554152545231
:100FA0004154450041542B534156450041542B5068
:100FB000444F414F4646000041542B524E474F4646
:100FC0004600000041542B41444454414700000076
:100FD00041542B44454C54414700000041542B4799
:100FE000455443464700000041542B50444F41476D
:100FF000455443464700000041542B534554434653
:101000004700000041542B50444F41534554434640
:101010004700000041542B46494C54455200000003
:1010200041542B47455456455200000041542B472C
:10103000455453454E534F520000000041540000A8
:1010400041542B52455354415254000041542B47B4
:101050004554444C4953540041542B4745544B4C40
:101060004953540041542B47455444455600000011
:1010700041542B5345544445560000000D0A676502
:1010800074646576206361703A256420616E6E64D5
:10109000656C61793A25642C206B616C6D616E5FC3
:1010A000656E61626C653A25642C206B616C6D61C4
:1010B0006E5F513A252E33662C206B616C6D616E2C
:1010C0005F523A252E33662C20706172615F613A5F
:1010D000252E34662C20706172615F623A252E32B3
:1010E000662C20706F735F656E61626C653A256473
:1010F0002C20706F735F64696D656E3A25640D0A0C
:10110000000000000D0A73657464657620636170E9
:101110003A256420616E6E64656C61793A25642CB1
:10112000206B616C6D616E5F656E61626C653A2506
:10113000642C206B616C6D616E5F513A252E3366B5
:101140002C206B616C6D616E5F523A252E33662CDC
:1011500020706172615F613A252E34662C207061C7
:1011600072615F623A252E32662C20706F735F6564
:101170006E61626C653A25642C20706F735F6469E0
:101180006D656E3A25640D0A0000000067657463A2
:10119000666720446C6973743A2564204B4C69730C
:1011A000743A2564204E65743A2530345820416ED7
:1011B0006349443A256420526174653A25642046A7
:1011C000696C7465723A25642055736572436D6469
:1011D0003A25642070646F614F66667365743A25C2
:1011E0006420726E674F66667365743A25640D0AF3
:1011F000000000007B22736C6F74223A2225303489
:1012000058222C22613634223A222530386C582557
:1012100030386C58222C22613136223A2225303463
:1012200058222C2246223A2225303458222C22538E
:10123000223A2225303458222C224D223A222530BF
:101240003458227D0000000041542B5557424D4137
:101250004300000041542B525353490041542B5634
:10126000455253494F4E000041542B52465445536A
:101270005400000041542B4750494F5445535400EB
:1012800041542B5253540000726E674F666673656B
:10129000745F6D6DA3BA25642C70646F614F6666D0
:1012A0007365745F646567203A25642C206D6F74E4
:1012B000696F6E66696C7465723A25642C2075736B
:1012C00065725F636D643A25640A0000EC120108E0
:1012D000000000207014000022E60008F816010843
:1012E00070140020A829000050E80008C116D03F63
:1012F000D03F0A1220300940019001C012FFFF14B4
:10130000111101120A2009BC74933C1D5A243F1A82
:1013100080044165FFFF11111A0103168813E803C9
:10132000321BE8030C11140101642DED39CC460485
:10133000294D121416C201C4090132641305011C9F
:10134000090901263A413801FF01FF01FF01FF01B0
:10135000FF01FF01FF01FF01FF01FF01FFF1021F7C
:101360000116D03FD03F0A1220300940019001C041
:1013700012FFFF14111101120A2009BC74933C1DC5
:101380005A243F1A8004417DFFFF1111551701882F
:1013900013E803322BE80361140101642DED39CC0D
:1013A0004604294D121416C201C409013264130502
:1013B000011C090901260A20418D09A5A4394FD92C
:1013C0000481135817132001163E22E2223E2BFE01
:1013D000220113E2021D203F201F982B7F4401139E
:1013E0004740180D040404F484D4A5A6A4D484F4BE
:1013F0000C21300EFE0202123A1613121A324282E9
:101400007E16FC848484FC2A100124FF10101A3FED
:101410000919E236010640807F1720102CE72424AA
:101420003AF01E2AF0DC15017F2111300807020274
:10143000FF02020719552BFF540125FF04068410F3
:101440001011118989959391FD919B95C589190971
:101450001F10D0121C10D05817FF0808088C08283D
:101460000A206027101C1310FF41011BFF01791D8A
:10147000D0FF9050AC1EC444464460B0120312FF2B
:101480001C1108467D34020C18180D1008078C54E6
:10149000261428478C9406BFC01002028189B282AC
:1014A0008AB282C3A29881030114260356126912DC
:1014B00072127412751261126C12201243124F1ABA
:1014C0004D0812503A6F181A2002011613414F0CA2
:1014D0001C08035C040A117D24512AC287120836B5
:1014E0001E0C0108121A300832431351511B086DAB
:1014F000041355521B0865041A8F041AD9041321CA
:10150000531B08F7081AFF041A070C4132401A73DC
:101510003819E2111A770829FA1A8F084226120E92
:101520002A20081A046729741A3D380916A41A4D8E
:101530001C4129920124E928221129C3F1CB803FC3
:101540000801261305092B0909621281160A0103F5
:1015500041885808CADE5655544B210A25524B1073
:10156000027917C2234C020406C72C020304042587
:10157000060708097CA24A04B8591539C01C08019D
:10158000404A89D0191069296910394E6910140C24
:101590000140DA8010DA4010DA2010CA1010390841
:1015A0009960E910593F7910596F7910596F791086
:1015B000595F7960694069D8690CA910DA0310DABB
:1015C00005109A06506918697049099910592179CE
:1015D00010DA0410DA081059B1791059B17910599C
:1015E000E16980B9F019100A1180E0E910292CA9ED
:1015F000102993A910DA071059A3D113F40F14205E
:1016000004101B2014041A24041A34041A44041A63
:101610005404411A64081A74041A84041A94041AAB
:10162000A4041AB4041AC4041AD4041AE4041AF45C
:10163000041B0411441904811A240C1A34041A449A
:10164000041A54041A64041A74041A84041A9404BC
:101650005AA42C1AB4081AC4041AD4041AE4041A9A
:10166000F4041305051C090901DE12812409030392
:10167000175C12010895931B0880081AA1081A74B8
:1016800008135F991B08680813539B1B0854081321
:101690002D9F1B0848081303A01008087C0F0108A1
:1016A0005DA11B086C081AC7081E3C100108F5084C
:1016B0000138134188B808CADE50446F4119127DC1
:1016C0006F415044F099269A21209B10021902473D
:1016D00023093D900809250102030405060708981F
:1016E0000314204132341AFD014113090D2D0A0A59
:0816F00003015A1A01069100E2
:04000005080000ED02
:00000001FF
