:020000040800F2
:10000000E03D00209D8F00083D6B00083F6B00081D
:10001000556B00086B6B0008816B00080000000046
:10002000000000000000000000000000976B0008C6
:10003000996B0008000000009B6B00089D6B000896
:10004000B78F0008B78F0008B78F0008B78F000878
:10005000B78F0008B78F0008B78F0008B78F000868
:10006000B78F0008B78F0008B78F0008B78F000858
:10007000B78F0008B78F00086B120008FD11000849
:10008000B78F0008B78F0008B78F0008B78F000838
:1000900045510008B78F0008B78F0008A96B00080A
:1000A000B78F0008B78F0008B78F0008B78F000818
:1000B000B96B0008B78F0008B78F0008B78F00082A
:1000C000B78F0008B78F0008B78F0008B78F0008F8
:1000D000B78F0008B78F0008F31D0008B78F00081E
:1000E000B78F0008B78F000849510008DFF80CD01F
:1000F0000DF006FF00480047116B0008E03D0020AE
:10010000F0B507460020059E04460546A9B1844681
:100110009EB1761E8C4212D2B04210D217F804E083
:10012000964508D1A54205D03D4443F8205007F834
:1001300004C0401C651C641CECE70020F0BD8D422F
:1001400003D2791943F82010401C43F820C0F0BDB9
:100150002DE9F04F0024A1B08B4682464FF0FF36C8
:100160004FF02009A0462746802101A80CF0BFFFD0
:100170002CA150460CF0C6FFB0B32B4D0FE05046FB
:100180000CF0C0FF040009D055F837000CF0CCFF8C
:100190000444A4EB0A001FFA80F804E07F1C55F821
:1001A00037100029EBD120783F2804D00D2810D03B
:1001B0003D281AD034E060780D2831D1A0780A2883
:1001C0002ED105EBC700436873B101AA494601204F
:1001D0001BE060780A2823D105EBC70043681BB1F8
:1001E00001AA4946022010E01AE0601CABEB0801AE
:1001F00001AB2C22CDF80090FFF782FF014605EB02
:10020000C700436863B101AA032098470646401C13
:1002100006D006A001F042FD21B03046BDE8F08FC7
:1002200004A0F7E741540000700001080D0A4F4B8D
:100230000D0A00000D0A4552520D0A0000B591B09A
:10024000402168460CF053FFFCA2FEA168460EF068
:10025000EBF868460CF068FF81B2684600F0B3FF27
:10026000002011B000BD00F031FEFCA001F016FD31
:10027000642001F061FC00F0C1FD00F015FE00F00B
:1002800025FEF6A001F00AFD642001F055FC00F007
:10029000B5FDF2A001F002FD00F0B0FD2DE9F04146
:1002A000C2B017468846032822D14FF4807102A8B5
:1002B0000CF01DFF38680CF086FFC4B278680CF0B3
:1002C00082FFC5B2B8680CF07EFFC6B2F8680CF0C9
:1002D0007AFFC1B20DB1012D08D10EB1012E05D1A9
:1002E00009B1012902D1B8F1040F04D04FF0FF3059
:1002F00042B0BDE8F081DB482B4680F828501EB3A1
:100300005FF0050280F8792001291FD05FF000021C
:1003100080F87F20012B1BD0202C13D8C484CDE97A
:1003200000612246D0A102A80EF07EF802A80CF0CF
:10033000FBFE81B202A800F046FFC8A001F0AEFCAF
:100340000CF002FB0020D3E70922DBE70122DFE704
:10035000082CF7D8C484CDE900612246C2A102A8C6
:100360000EF062F802A80CF0DFFE81B202A800F0E5
:100370002AFFBAA001F092FC0BF0F9FDE2E730B5DC
:10038000C3B000252C464FF4807102A80CF0AFFEDC
:10039000B44890F87910092900D0012590F87F1011
:1003A000012900D10124CDE9005490F82830C28CF5
:1003B000B8A102A80EF038F802A80CF0B5FE81B280
:1003C00002A800F000FF43B0002030BD30B591B06E
:1003D0000C461546402168460CF089FE28680CF052
:1003E000F2FE10F0FF0001D0012801D1012C03D052
:1003F0004FF0FF3011B030BD9A4C012884F829002D
:1004000001D104F0EBF994F82920ADA168460EF073
:100410000BF868460CF088FE81B2684600F0D3FE07
:1004200000F054FD8DA001F039FC642001F084FB44
:1004300000F0E4FC00B591B0402168460CF057FE96
:1004400088489FA190F8292068460DF0EDFF684686
:100450000CF06AFE81B2684600F0B5FE002000E7AD
:100460002DE9F04FCDB08B4614464FF480710CA8A7
:100470000CF03DFE20680CF0A6FE00F0FF0AA0681C
:100480000CF0A1FE00F0FF09E0690CF09CFE206A70
:100490000CF099FEE0680EF063FF0DF05BFA054684
:1004A00020690EF05DFF0DF055FA064660690EF00A
:1004B00057FF0DF04FFA8046A0690EF051FF0DF086
:1004C00049FA074660680CF07EFEBBF1090F04D0C4
:1004D0004FF0FF304DB0BDE8F08F7E490A68A2F8BA
:1004E00017A010800A68CA4650800C68384624F865
:1004F000159FA9466560A660C4F80C804546276133
:100500000DF0E5F98346284600910DF0E0F9074625
:100510000D4630460DF0DBF90646884648460DF09C
:10052000D6F9024600200A900B460B9000990DF177
:10053000080CCDF800A08CE84C01CDE908B1CDE95C
:10054000067534F8153C628863490CA80DF06CFF01
:100550000CA80CF0E9FD81B20CA800F034FE0020DC
:10056000B8E72DE9F047CCB04FF480710CA80CF03F
:10057000BEFD58480468D4F82500641C0DF0A7F9A6
:1005800081468A46206A0DF0A2F907468846E0694E
:100590000DF09DF905460E46A0690DF098F90A4642
:1005A00000210A9102AB0B9183E8E507A08A009035
:1005B00034F8013CE28A49490CA80DF035FF0CA83B
:1005C0000CF0B2FD81B20CA800F0FDFD4CB0002093
:1005D000BDE8F0870020704700B591B00020109072
:1005E000402168460CF083FD10A806F040F910B1D8
:1005F0004FF0FF3035E610980DF069F902460B46D2
:1006000037A168460DF010FF68460CF08DFD81B2F1
:10061000684600F0D8FD002023E630B591B00C46C6
:100620001546402168460CF062FD28680CF0CBFDB1
:1006300010F0FF0001D0012864D159E056312E306E
:100640002E3000000D0A67657476657220736F6640
:1006500074776172653A25730D0A00000D0A4F4BDD
:100660000D0A0000880B00200D0A7365746366672D
:100670002049443A25642C20526F6C653A25642C3D
:100680002043483A25642C20526174653A25640D54
:100690000A0000000D0A6765746366672049443AE2
:1006A00025642C20526F6C653A25642C2043483A0F
:1006B00025642C20526174653A25640D0A000000FF
:1006C0000D0A776F726B6D6F64653A2025640D0AB1
:1006D00000000000181400206C0E0108E40D010851
:1006E0000D0A616E676C653A2025660D0A000000F0
:1006F000012C07D1F84C012806D000202070C0B290
:1007000001F018F9002075E600220121104601F0E1
:10071000F1F80120F2E7014606E00D2A03D00A2A8B
:1007200001D000F8012B491C0A78002AF5D10021DC
:100730000170704710B514460B461068FFF7EBFFC9
:10074000012B07D104F04AF8022303211320226869
:1007500004F05CF8002010BD00B591B0402168465F
:100760000CF0C5FCDD4800680DF0B1F802460B4600
:10077000DBA168460DF058FE68460CF0D5FC81B24E
:10078000684600F020FD00206BE530B5C1B04FF4A5
:10079000807168460CF0ABFC45F65A22D5A168463C
:1007A0000DF042FE054668460CF0BEFC6C46204447
:1007B000D2A10DF039FE68460CF0B6FC2044D2A15F
:1007C0000DF032FE68460CF0AFFC2044AFF29412FC
:1007D000D3A10DF029FE68460CF0A6FC2044D5A359
:1007E000D7A2DAA10DF020FE68460CF09DFC204453
:1007F000DBA2E6A10DF018FE68460CF095FC421B4A
:10080000E6A1A01C0DF010FE7B20605568460CF0A0
:100810008BFC2044D1A10DF007FE68460CF084FC4F
:1008200081B2684600F0CFFC41B0002030BDF0B589
:10083000A9B00AF09BFE07460AF090FE0546A021EB
:1008400001A80CF054FC0D221DB10A20152101FB5A
:100850000502A8A101A80DF0E7FD01AEA0213046D8
:10086000D0A20DF0C9FD044615E038680090C4F12F
:10087000A0013019CEA27B680DF0BEFD0444012D0D
:1008800006D9C4F1A0013019A4A20DF0B5FD0444AD
:100890006D1EADB20837002DE7D1C4F1A0013019AB
:1008A000C7A20DF0A9FD204481B201A800F08BFC85
:1008B0000AF072FE002029B0F0BDF0B5A9B0A02169
:1008C00068460CF014FC0AF095FD06460AF096FD09
:1008D000071E4FF00C020ADD3146684600F09BFA15
:1008E00068460CF021FC0921C01C00FB071281A105
:1008F00068460DF099FD6D46A0212846B1A20DF085
:100900007BFD0446308888B131462819064600F040
:1009100082FA30460CF008FC0444012F06DDC4F1D5
:10092000A00128197DA20DF067FD0444C4F1A001C7
:100930002819A3A20DF060FD204481B2684600F0A2
:1009400042FC0020B7E72DE9F047A8B08A461746D9
:10095000A02168460CF0CBFB1022002138680CF077
:1009600030FC044688461022002178680CF0F0FB29
:100970008146B8680CF027FC0646F8680CF023FCAA
:10098000054638690CF01FFC07461EB115B1BAF1D7
:10099000050F03D04FF0FF3028B019E61FFA89F297
:1009A000204641460AF088FD040037D0A681E58143
:1009B000278245F65A224FA168460DF035FD0646BE
:1009C00068460CF0B1FB6D46284481A10DF02CFD6A
:1009D00068460CF0A9FB2844214600F01CFA684642
:1009E0000CF0A2FB28447EA10DF01EFD68460CF021
:1009F0009BFB821B69A1A81C0DF016FD7B20A8554E
:100A000068460CF091FB284454A10DF00DFD68469A
:100A10000CF08AFB81B2684600F0D5FB0020BBE7F2
:100A2000F0B5A9B00E461446A02168460CF05FFB55
:100A30001022002120680CF0C4FB04460D46012E54
:100A400002D04FF0FF3036E74FF6FF710020091B50
:100A5000A84104D2204629460AF075FD02E0A0B262
:100A60000AF066FD45F65A2222A168460DF0DCFC2C
:100A7000074668460CF058FB6E46304422462B462B
:100A800058A10DF0D1FC68460CF04EFBC21B43A1EF
:100A9000B01C0DF0C9FC7B20F05568460CF044FBFF
:100AA00030442EA10DF0C0FC68460CF03DFB81B235
:100AB000684600F088FB0020FDE610B5012902D051
:100AC0004FF0FF3010BD10680CF07DFB4C490968F9
:100AD000A1F82F00002010BD04000020000000201D
:100AE0000D0A64697374616E63653A2025660D0AA8
:100AF000000000004A532530345800007B22496E24
:100B0000666F223A7B0D0A0022446576696365228E
:100B10003A2250444F41204E6F6465222C0D0A004A
:100B20002256657273696F6E223A222573222C0D4C
:100B30000A00000031343A33303A30390000000006
:100B40004D617920313520323032350022427569CD
:100B50006C64223A222573202573222C0D0A000092
:100B60004457333030302043302044657669636524
:100B7000204472697665722056657273696F6E20C3
:100B800030342E30302E30300000000022447269A4
:100B9000766572223A222573227D7D0025303458F5
:100BA000000000007B22444C697374223A5B2000F1
:100BB000222530386C582530386C5822000000004F
:100BC0005D7D00007B224B4C697374223A5B000010
:100BD0007B225461674164646564223A200000000E
:100BE0007D0000007B2254616744656C6574656418
:100BF000223A20222531366C6C78227D00000000DC
:100C00001814002010B5012902D04FF0FF3010BD9C
:100C100010680CF0D8FA89490968A1F83100002061
:100C200010BD10B5012902D04FF0FF3010BD106883
:100C30000CF0C9FA81490968A1F84100002010BDF3
:100C40002DE9F04FC7B08B4617464FF4807107A8C7
:100C50000CF04DFA38680CF0B6FA1FFA80FA786892
:100C60000CF0B1FA1FFA80F9B8680CF0ACFA86B251
:100C7000F8680CF0A8FA84B238690CF0A4FA1FFAEC
:100C800080F878690CF09FFA85B2B8690CF09BFA8D
:100C900081B2BBF1070F2DD1BAF1010F2AD8B9F1FA
:100CA000010F27D8012C25D8644808F0FF020068FE
:100CB00020F82B4F46800277C5820183B0F90630B9
:100CC000B0F904700096CDE90573CDE90351CDE983
:100CD0000142C37E827E5A4907A80DF0A5FB07A8F2
:100CE0000CF022FA81B207A800F06DFA002047B09C
:100CF000BDE8F08F4FF0FF30F9E710B5C8B04FF402
:100D0000807107A80CF0F3F94C480DF10C0C006849
:100D1000B0F84110B0F93140B0F92F30B0F84320AD
:100D20008CE81E0090F8473030F82B2F41888DE872
:100D30000E00C37E827E424907A80DF075FB07A80E
:100D40000CF0F2F981B207A800F03DFA48B000209B
:100D500010BD10B5012902D04FF0FF3010BD106852
:100D60000CF031FA3549096881F84700002010BDC0
:100D700010B5012902D04FF0FF3010BD10680CF003
:100D800022FA2E490968A1F84300002010BD30B5B1
:100D900091B00C461546402168460CF0A8F9286829
:100DA0000CF011FA10F0FF0001D0012801D1012C44
:100DB00002D04FF0FF30A6E4224981F82A006846AD
:100DC0000CF0B2F981B2684600F0FDF900209AE417
:100DD00000B591B0402168460CF089F919481AA174
:100DE00090F82A2068460DF01FFB68460CF09CF92D
:100DF00081B2684600F0E7F900200DE4BFF34F8FA1
:100E000017480168174A01F4E06111430160BFF31C
:100E10004F8F00BFFDE730B585B04A880DF1040C57
:100E20000D8ACC898B898CE83C004A6800928B68DB
:100E30000A880D490DF0F8FA05B030BD18140020ED
:100E4000F40E0108880B00200D0A7477725F70643D
:100E50006F615F6D6F64653A2025640D0A000000C4
:100E60000CED00E00400FA055C0F010810B561A06C
:100E700000F014FF69A26CA16EA000F00FFF71A139
:100E800072A000F00BFFBDE810405AA000F006BFB2
:100E900010B503460022104603E010CB521C20443C
:100EA000D2B28A42F9D310BD6F484AF6AA218222F3
:100EB0000160002141608160C16001614161C0F851
:100EC0009C10A0F67C3118300CF0F8B810B5674CC7
:100ED00002E0642000F030FE29226349204600F041
:100EE00030FB0028F5D010BD29225F495F4800F093
:100EF00059BB10B5FFF7F8FF5B4C2068A0F52A41FD
:100F0000AA3910D0FFF7D0FFFFF7E0FFBFF34F8FF4
:100F100057480168574A01F4E06111430160BFF38B
:100F20004F8F00BFFDE760680021401C60605248A1
:100F300006F090FC94F82900012817D14A49A42210
:100F400001F1A4000CF0BAF847490020A431474C45
:100F500081F8290002E0642000F0EEFD42492922D8
:100F6000A431204600F0EDFA0028F4D010BD10B5F1
:100F700000F086F84FF4FA7000F0DEFDFFF7B9FFDD
:100F8000BDE8104072E770B5374EF08CA0F57F4198
:100F9000FF3901D0022400E0012400F09AF800F0AB
:100FA000C8F83648D0F8F40A18B10021084600F015
:100FB0000AF9324D8C3D686884420FD06C6096F817
:100FC000290058B9012C02D0022C07D101E00A22D5
:100FD00000E002220221002000F08CFC287800288A
:100FE00004D0BDE87040012000F0A4BC70BD00201A
:100FF000704700002A2A2A2A2A2A2A2A2A2A2A2A42
:101000002A2A2A2A2A2A2A2A2A2A2A2A2A2A2A2A40
:101010002A2A2A2A2A2A2A2A2A0A00004D61792005
:10102000313520323032350031343A33303A3039CC
:101030000000000020202054696D653A20257320AF
:1010400025730A0056312E302E3000002020205605
:10105000657273696F6EA3BA41692D5468696E6BCE
:1010600065722D25730D0A00880B002000380108D9
:101070000CED00E00400FA050004300090000020B0
:1010800010B54021B9480CF032F8B8484021403042
:101090000CF02DF8B5480521803009F081F810BD1D
:1010A00030B503460C880020250411D4C4F30D0488
:1010B00013550A88521C92B20A803F2A01D9002295
:1010C0000A800A2B04D190B240F40040088001202D
:1010D00030BD2DE9F043A1B04FF0000980216846F2
:1010E0000CF005F88021684600F051FF05001CD087
:1010F00000246E462746DFF8788214E09B4A9C491C
:10110000305D4032891CFFF7CBFF58B19748294624
:101110004030FFF71DF89548A8F802704021403094
:101120000BF0E5FF641CAC42E8DB21B04846BDE8AB
:10113000F08300B58D4891B06946803009F0B8F869
:1011400000280AD08B4890F829100DF102000129DF
:101150009DF8011003D0FEF7FBFF11B000BD08F0B1
:10116000F1FFFAE72DE9F041834C0F460146D4F830
:10117000F40A0026C21904F5AF65B2F5AF6F08D2C4
:1011800028443A460BF09AFFD4F8F40A3844C4F8DD
:10119000F40AD4F8F00A012812D1D4F8F42A7AB16A
:1011A000294675480BF08AFFB4F8F40A002281B290
:1011B000714804F52F6400F049FD00202060606054
:1011C0003046BDE8F08170B50C460546FFF7CAFF12
:1011D00021462846BDE8704000F0DBBE00F0D9BED5
:1011E00000F0F1BD30B504460020034603E0CD1801
:1011F000655D68405B1C9342F9DB30BD70B54FF410
:101200000036A0B0304605F070FF40B35B48574A47
:1012100057490078FFF744FF08B344210EA80BF0AC
:1012200066FF534D00248DF838402A788DF8392018
:101230004E490DF13A000BF041FF362211A96846E4
:101240000BF03CFF0DF1380C48489CE80E00803054
:1012500008F0FAFF2C80402144480BF048FF20B0F2
:101260003046BDE8704005F04EBF10B54FF4005455
:10127000204605F022FF002808D03F490120C1F890
:10128000F00A2046BDE8104005F025BF10BD0FB4A0
:1012900030B50B9C9DF80C0020709DF80D506570CA
:1012A0009DF80E00A070BDF80F00E070000A2071DC
:1012B0009DF811006071BDF811002A46000AA07166
:1012C000DDF81100000CE071DDF81100000E207255
:1012D0009DF815006072BDF81500000AA072DDF8D7
:1012E0001500000CE072DDF81500000E2073BDF84B
:1012F00019006073000AA073DDF81B00E073DDF8CD
:101300001B00000A2074DDF81B00000C6074DDF87F
:101310001B00000EA074DDF81F00E074DDF81F0054
:10132000000A2075DDF81F00000C6075DDF81F0055
:10133000000EA075BDF82300E075000A2076BDF808
:1013400025006076000AA076BDF82700E076000A46
:10135000207702212046FFF745FF60779DF82A009D
:10136000A077281D30BC5DF814FB00003C14002061
:10137000D00C0020880B002090000020EC0C0020F6
:101380003E49087070473D480078704770B50500C9
:1013900015D03B4E002400BF05EB440040890CF003
:1013A000C7F9002233460CF008F902460B462146E5
:1013B00034A000F073FC641C082CEDDB70BDBDE8AC
:1013C000704036A000F06ABC70B5050014D02C4EF9
:1013D000002400BF35F814000CF0AAF900223346AF
:1013E0000CF0EBF802460B46214626A000F056FC16
:1013F000641C082CEEDB70BDBDE8704027A000F037
:101400004DBC10B5040015D0E0680CF060FA002265
:101410001B4B0CF0D2F802460B4626A000F03EFC17
:10142000A0690CF054FA0246BDE810400B4626A015
:1014300000F034BCBDE8104018A000F02FBC10B57F
:10144000040015D0E0680CF042FA00220C4B0CF0BE
:10145000B4F802460B4617A000F020FCA0690CF07F
:1014600036FA0246BDE810400B4617A000F016BC45
:10147000BDE8104009A000F011BC0000D40C002011
:1014800000005940646973745F636D5B257A755D14
:10149000203D2025332E3366206D0A00496E76618B
:1014A0006C696420726573756C7420706F696E74FA
:1014B00065720A00646973745F636D203D20253393
:1014C0002E3366206D0A0000616E676C65203D203A
:1014D00025332E3166200A0010B54FF4407005F018
:1014E000E5FC00F04EFB00F02BF8FFF7FDFC134C81
:1014F00094F82900FF2801D018B104E0002084F8F6
:10150000290000F0E0F900F08BFC00F00EFB94F8ED
:101510002900002811D100F02FFD94F8290000289F
:101520000BD100F04BF894F82900002805D100F009
:1015300085F8BDE8104005F0CCB810BD880B002040
:101540007047F8B50546042016460F4600248DF86E
:10155000000005F074FE352006F07FF8284605F0FF
:10156000A9FE8DF800009DF8000004280AD015E0BF
:1015700057F82410284605F03CFF8DF80000641C45
:10158000E4B22D1DB44203D29DF800000428EFD030
:1015900005F061FE9DF80000042801D00020F8BD90
:1015A0000120F8BD10B5002304E010C841F8234025
:1015B0005B1CDBB29342F8D310BD000010B50121D3
:1015C00086B0480506F05CFC0121082006F04FFCBF
:1015D000C020ADF8100003208DF812001C208DF8FB
:1015E000130004A98D4806F0A6F88D4C204606F09D
:1015F00081F90020ADF804004BF6FF70ADF806004D
:101600003020ADF808002015ADF80A000001ADF853
:101610000C00844800900121204606F0E5F9694657
:10162000204606F07AF903F052F8FF2003F0BAF8EA
:10163000002003F0B7F8002006B010BD10B501215E
:1016400086B0880506F01CFC0121082006F00FFC7E
:101650004FF44060ADF8100003208DF812001C20FC
:101660008DF8130004A96D4806F065F86E4C20460D
:1016700006F040F90020ADF804004BF6FF70ADF81D
:1016800006003020ADF808002015ADF80A00000172
:10169000ADF80C00634800900121204606F0A4F943
:1016A0006946204606F039F90020C5E710B588B034
:1016B000002003F077F85D480068807C40B108B0F6
:1016C00002230121BDE8104059A2302003F09EB84A
:1016D000594C5AA16846E28C0CF0A6FEB4F84100C1
:1016E0004FF00203012817D055A202215FF023001A
:1016F00003F08CF894F82800012811D0022352A29C
:101700000621282003F082F802236A4606214020A1
:1017100003F07CF808B010BD02214CA22720E7E7B7
:10172000012349A20621162003F070F801236A461E
:101730000621232003F06AF80123062145A23B205D
:10174000E6E700B589B0002003F02CF83A4844A140
:10175000C28C68460CF068FE00221146102003F08F
:10176000BDF801220021202003F0B8F80222002158
:10177000302003F0B3F803220021402003F0AEF83C
:10178000022338A20021512003F040F80822022150
:10179000202003F0A3F809220221302003F09EF854
:1017A000022329A21946402003F030F802236A469A
:1017B0001946582003F02AF809B000BD10B588B0CA
:1017C000044610F1FF4FA5D2202168460BF08FFC94
:1017D00026482749844202DD2648844208DC204608
:1017E0000BF088FD0CF073F80B46024622A10AE0CC
:1017F00023488442F3DC20460BF07CFD0CF067F8B4
:101800000B4602461FA168460CF00EFE01236A46F5
:1018100006214B2002F0FAFF7CE70000000C01409B
:1018200000540040801A06000058004018140020A0
:1018300050446F4100000000880B002041256400E7
:10184000785041205457520049443A0050412054A6
:101850005752000054303A2D2D2D2D206D000000E0
:101860002564000020545752000000000000104181
:101870000000C84200C0794425302E3366000000C5
:10188000003C1C4625302E32660000005B4A0528CD
:1018900018D2DFE800F0140F0F0F140002210BE044
:1018A00001290FD1022102E001290BD100211046AC
:1018B00005F0B1BF0029F7D1104605F0AABF0029F5
:1018C000EED1EBE7704708B50121042006F0CFFA0E
:1018D0000220ADF8000010208DF8030003208DF8E1
:1018E00002006946454805F026FF01210420FFF764
:1018F000CDFF08BD10B5424B02290DD0042804D0FD
:1019000003F82010FFF7C2FF10BD0022521C03F89D
:101910002010042AFADBF5E728B1012803D00228B9
:1019200001D00328F0D1022103F8201003EB80003E
:10193000428010BD70B5334E4FF4A023351D48B31F
:101940002F4CA41E2078042811D2002211461846DC
:1019500000F005FC00221146304600F000FC207823
:10196000012282400021284600F0F9FB03E000211B
:101970000846FFF78BFFC82000F0DEF82078052826
:1019800001D2401C04E001210020FFF77FFF00206E
:10199000207070BD0F220021184600F0E0FB0F22DE
:1019A0000021304600F0DBFB00221146284600F003
:1019B000D6FBBDE870400A22022100209AE770B5EC
:1019C0000F4D0646002400BF15F82400022811D14F
:1019D00005EB84004088B6FBF0F100FB116149B9CA
:1019E000B6FBF0F0C007E0B201D0002100E0012119
:1019F000FFF74CFF641C042CE6DB70BD00080140BF
:101A0000D80C00200800050008B517208DF800004C
:101A100001208DF8010000208DF802008DF80300F0
:101A2000684605F048FA08BD1CB50521012005F0FF
:101A30003AFF2020009000208DF8040008208DF847
:101A4000050001208DF80600684605F079FBFFF7D8
:101A5000DBFF1CBD70B5354D86B0284606F056FA42
:101A60000121080306F003FA01210D2006F0FFF919
:101A70000021ADF804104FF48270ADF80600ADF807
:101A80000C106815ADF80E00ADF80810ADF8101088
:101A90000720ADF80A10ADF81210ADF8140001A936
:101AA000284606F057FAA020ADF8000018208DF85F
:101AB00003001F4E03248DF802406946304605F0AE
:101AC0003AFE4020ADF8000048208DF8030069463A
:101AD000304605F030FE1021ADF800108DF80310EF
:101AE0008DF802406946304605F025FE0021284663
:101AF00006F0E5FA0121284606F0A9FA1021304641
:101B000005F087FE0121082006F0B1F92020ADF88C
:101B1000000028208DF803006946064805F00BFEFA
:101B2000FFF782FF06B0002070BD93E70030014050
:101B300000080140000C0140424908604FF0E020DD
:101B4000026942F00102026108680028FCD1704776
:101B50003C480168002902D00168491E01607047B5
:101B600008B51C208DF800000B208DF80100002026
:101B70008DF8020001208DF80300684605F09BF9FE
:101B800008BDFEB530484FF47A710068B0FBF1F043
:101B9000401EB0F1807F42D24FF0E02460616717B1
:101BA0000F21384600F03EF80025A5610726266182
:101BB0000521384600F036F80121084606F060F9A4
:101BC00040F2E730ADF8040041F61F40ADF80000E8
:101BD0004FF08044ADF80650ADF8025069462046FB
:101BE00006F066FB01221146204606F01FFE012189
:101BF000204606F006FEFFF7B3FF40F2712445F2DF
:101C0000555006F00BF8304606F00BF8204606F06B
:101C10000BF806F00CF8BDE8FE4006F00DB8FEE744
:101C200006F005B80907090E002804DB00F1E020E2
:101C300080F80014704700F00F0000F1E02080F8F9
:101C4000141D7047E80C0020B00F00202DE9F04172
:101C50000E460746012A0FD0C14C0021204605F050
:101C600014FABF484438866407650121204605F010
:101C70000CFA3046BDE8F0810025BA4C0BE0218813
:101C80002046795D07F0EFF84021204607F04CF937
:101C90000028F9D06D1CB542F1DBEAE70FB44FF430
:101CA000807110B503ABB048029A0CF0D1FB81B241
:101CB0000122AD48FFF7CAFF10BC5DF814FB2DE907
:101CC000F04301218BB0084606F0C8F8DFF8908297
:101CD000404605F043F9A34D00242D1D1020802619
:101CE0000095CDE9044647020290CDE908470694E5
:101CF0000794694640460A9405F09DF901220221A5
:101D0000404605F0CDF9DFF85C8201228021404693
:101D100007F075F8DFF8489209F11409484605F014
:101D20001DF992480095CDE9010403A9012081E83D
:101D3000510020200694CDE90740CDE90974694699
:101D4000484605F078F901220221484605F0A8F935
:101D50000121484605F099F901224021404607F04B
:101D60004EF80BB0BDE8F08308B50E208DF80000EA
:101D70000A208DF8010000208DF8020001208DF866
:101D80000300684605F097F808BD08B50F208DF8E8
:101D900000000A208DF8010000208DF802000120CB
:101DA0008DF80300684605F086F808BD10B5704C44
:101DB0000146204607F057F88021204607F0B4F886
:101DC0000028F9D010BD2DE9F0410E460746002449
:101DD000674D0BE0395D284607F045F8802128461D
:101DE00007F0A2F80028F9D0641CE4B2B442F1D3A1
:101DF00040E770B55E4C40F225552946204607F075
:101E00009DF800280BD0204607F031F8C0B2FFF74C
:101E1000CDFF29462046BDE8704007F0AEB870BD42
:101E20001FB5012144F2040006F021F84FF40070C0
:101E3000ADF8000003208DF8020018204D4C8DF8FD
:101E400003006946204605F076FC2015ADF8000039
:101E500004208DF803006946204605F06CFC4FF421
:101E6000E13000900020ADF80400ADF80600ADF8B8
:101E70000800ADF80C000C203A4CADF80A00694699
:101E8000204606F027FF012240F22551204606F0A9
:101E90009EFF0121204606F090FFFFF710FFFFF79D
:101EA00063FFFFF772FFBDE81F40AFF3008070B51E
:101EB00086B00121042005F0DAFF0121480405F075
:101EC000DFFF0424ADF8104018208DF81300294ED0
:101ED00003258DF8125004A9304605F02CFC08208B
:101EE000ADF810008DF813408DF8125004A930465B
:101EF00005F021FC00244FF4E1300090ADF80840DB
:101F00000C201B4DADF80440ADF80A00ADF80640BA
:101F1000ADF80C406946284606F0DCFE0121284653
:101F200006F04BFF012240F22551284606F04FFFF4
:101F30004021284606F0FFFF4FF4C06004F0B6FFD2
:101F400026208DF814008DF815408DF816400120DC
:101F50008DF8170005A804F0AEFF06B070BD0000B4
:101F6000440002400038014024160020ED0C0020FF
:101F7000004400400008014010B502F029FD02F0C5
:101F800056FD02F06BFDBDE8104003F097BE02F075
:101F900093BD02F0A3BD00004FF48020704710B144
:101FA0004FF0FF307047FF49FD4808600020704740
:101FB00038B50024009400F018F838BD08B589B28F
:101FC0006B460122FFF7F4FF9DF8000008BD30B515
:101FD000F34D00230446403503E0E05C50405B1CB9
:101FE0002A5C8B42F9DB104630BD2DE9F8430646EA
:101FF00017463144C1F304420898984601F07F0126
:102000001F2A27D87F2925D8B7F5445F22D24FF45D
:10201000004C48F2010360450AD048B1984207D00D
:10202000A0F50044023C03D0A0F50044033C11D1CC
:10203000520242EA810240EA0204240A00F0030547
:102040008DF8004015438DF801500FB151B10CE0EF
:10205000604501D0AFF30080812141EA46018DF84F
:10206000001012E060450ED068B144F040018DF8D8
:1020700000100224C11ACB4D98420DD007DC20B3CA
:10208000604508D108E08DF800400124F2E70129FD
:1020900002D0022900D0FEE72868007D70B100223E
:1020A00021466846FFF793FF024639464046FFF750
:1020B0008EFFBDA0FFF7F2FDBDE8F88343463A4628
:1020C000694620460AF01FF8F6E743463A46694655
:1020D00020460AF046F82868007D0228ECD1182E28
:1020E000EAD0002221466846FFF771FF02463946D2
:1020F0004046FFF76CFF044600211820FFF75EFF03
:102100008442D9D02868406A0028D5D08047D3E7D8
:1021100038B54FF400440094FFF767FF38BD09F06D
:1021200095BF38B5002489B26B460422FFF740FF03
:1021300003216846425C491E02EB0424FAD520467E
:1021400038BD08B589B26B460222FFF731FF9DF812
:1021500000009DF8011000EB012080B208BD38B5E9
:1021600000236C46E254120A5B1C042BFADB89B292
:1021700023460422FFF7CCFF38BD08B589B28DF89D
:102180000020120A8DF801206B460222FFF7C0FFE3
:1021900008BD07B589B202AB0122FFF7B9FF0EBD3A
:1021A0003EB5140A8DF804208DF80540140C8DF806
:1021B0000640120E8DF807208DF808301A0A8DF8A7
:1021C00009201A0C8DF80A201A0E8DF80B2048F2FF
:1021D0000302009289B201AB0822FFF706FF3EBD61
:1021E0001CB589B28DF80420120A8DF805208DF8EF
:1021F00006301A0A8DF8072048F20202009201AB5D
:102200000422FFF7F2FE1CBD1CB589B28DF8042034
:1022100048F201028DF80530009201AB0222FFF76F
:10222000E4FE1CBD2DE9F0415E4D0E4604001FD0BA
:102230004023FF2200211020FFF7E6FF022C01D1EE
:1022400028684662564E002207234036D1B2082045
:102250000F0602D583EA410100E04900401EC9B2E1
:1022600010F0FF00F4D1B154521CFF2AEEDD05E05E
:102270000023BF2219461020FFF7C6FF2868047507
:10228000BDE8F08170B54F4D04460122002128467B
:10229000FFF773FF22460021281FFFF76EFF02227F
:1022A00000212846FFF769FFBDE87040454800213E
:1022B000083036E70021084633E710B5FFF7FAFF8C
:1022C0004149884205D040491039884201D08817D9
:1022D00010BD002010BD2DE9F041324C064600250E
:1022E00020680221C5730182057545758572C57226
:1022F0008562C56205634563C5638563FFF7DDFFDE
:1023000008B1681EBCE70420FFF7BCFF804605202B
:10231000FFF7B8FF07460A20FFF7B4FFC0F30441F8
:102320002068B8F1000F017203D017B109B102F0B3
:102330005EF82020FFF7A6FF2449884203D12168D8
:102340000120487201E020684572F00604D406209E
:10235000FFF798FF21680860B00604D40720FFF754
:1023600091FF21684860700604D50820FFF78AFFB6
:1023700021688872300604D50920FFF783FF2168A1
:10238000C8722068C17A09B98521C172817A09B9F8
:10239000742181721F20FFF775FF2168487317E0D1
:1023A00024170020F00C00204E4F4E45205350497A
:1023B000207772697465746F737069776974686384
:1023C00072630A0008000B001203CADE400200100C
:1023D0001E20FFF757FF10F07F012068817301D1A5
:1023E0002E218173CAB20021FE48FFF7D2FE0020E1
:1023F00046E710B51E20FFF745FF00F07F0010BD37
:1024000040E770B5044680B240F400724FF43025C6
:1024100000212846FFF7B1FEA2B22846BDE8704071
:102420000021AAE62DE9F047DFF8BC830E460446FA
:1024300000214046FFF775FE82464FF470434FF08F
:10244000FF3200214046FFF7ABFEDFF8A0931822D1
:1024500000214846FFF791FE2520FFF7D2FF02201A
:10246000FFF7CFFF4FF4FE70FFF7CBFFF0B240F461
:102470008070FFF7C6FF4FF480763046FFF7C1FF4C
:102480000020FFF7BEFF0220FFF7BBFF4FF4E07014
:10249000FFF7B7FF46EA146060F30F05C4F3074087
:1024A00040F48077C4F3072040F48076E0B240F433
:1024B0008070FFF7A6FF3046FFF7A3FF3846FFF70F
:1024C000A0FF28B2FFF79DFF0020FFF79AFF3A20F8
:1024D000FFF797FF40F2FF10FFF793FF4FF485706F
:1024E000FFF78FFF0020FFF78CFF3A20FFF789FFEF
:1024F00040F20110FFF785FF4FF430240222002143
:102500002046FFF73AFE002211462046FFF735FE2F
:10251000022009F0ACFD3A20FFF773FF4FF4817001
:10252000FFF76FFF022200212046FFF726FE002260
:1025300011462046FFF721FE002211464846FFF7CC
:102540001CFE52464046BDE8F047002107E670B544
:102550000D460446FFF766FF2846FFF793FEA042AC
:1025600001D1002070BD4FF0FF3070BD2DE9F0416A
:10257000074615460E464FF0FF30002408E0381994
:1025800081B256F82400FFF7E2FF002802D1641C54
:10259000AC42F4DB74E62DE9F041954C012818D0EB
:1025A000271F25056FF48076022819D00123FF220A
:1025B00000213846FFF728FE2B46324600212046F0
:1025C000FFF7EEFD00237F2202212046BDE8F04107
:1025D0001AE6052001F032FF0123FF221946F4E735
:1025E0000323FF2200213846FFF70EFE2B4632461A
:1025F00000212046FFF7D4FD00237F220221204640
:10260000FFF702FEBDE8F041052001F017BF784852
:1026100000214FF480334FF0FF32001FC0E57548B2
:102620000068407B7047724B083308B1724A00E083
:10263000724A0221184692E570B504464FF4A0256F
:1026400000212846FFF76DFD6D4900EA0102E00711
:1026500001D042F48022A00701D542F41042600765
:1026600001D542F012022846BDE87040002176E50F
:102670005D4800212838A1E45E480068807A7047F0
:102680005C480068C07A70475A4800680068704724
:1026900058480068406870472DE9F041524F0D4698
:1026A00006464FF0FF343F1D4FF00823224600211D
:1026B0003846FFF775FD4FF060132246002138467B
:1026C000FFF76EFD4FF4E020052E0DD04D4B224656
:1026D0000021FFF765FD002D08D0BDE8F04142481C
:1026E0000021494A30383AE5484BF0E7C8E570B573
:1026F00004460D46012001F0A1FE00212846FFF707
:10270000CBFF284601F0C9FEC4F30B02002140486C
:10271000FFF733FD3E4C03230C3CFF2200212046F3
:10272000FFF772FD00212046FFF748FCC007F9D1F2
:1027300001F0ADFE002001F091FE052001F07EFECB
:10274000294800212838FFF739FC00F03F0070BD10
:1027500070B50446008990B1052500212D48FFF78A
:102760002DFCC00700D0092520892946FFF7BFFFAF
:102770006268BDE87040274800210838EFE41A4835
:10278000227800212838FFF704FDF1E710B5044650
:10279000026800212048FFF7E2FC1F480021001DCD
:1027A0006268FFF7DCFC1C4800210830A268FFF7D4
:1027B000D6FC1948E2680021BDE810400C30CEE498
:1027C00010B504460268144800211030FFF7C7FC1A
:1027D0001148002114306268FFF7C1FC0E48002147
:1027E00018301BE0140009004400070008000B002B
:1027F00008001100F00C00207488D2041000D200F0
:10280000C00FE0FF001C000200110101003C0002AB
:102810001C000800140001000C000200A268FFF771
:102820009EFCE268BDE810400021FD4897E4FC48AA
:102830000123FF2200212438E6E42DE9F047052892
:102840003FD0FB4EFA4D3F36F64ADFF8DC93DFF817
:10285000DC83F74F77352C460021F648FFF77FFCE5
:10286000F4484A460021001DFFF779FCF148424632
:1028700000210830FFF773FCEE483A4600210C3087
:10288000FFF76DFCEB48324600211030FFF767FC84
:10289000E8482A4600211430FFF761FCE54822464B
:1028A00000211830FFF75BFCE248E34A00211C38A6
:1028B000FFF755FCBDE8F047DE480021DF4A183835
:1028C0004DE4E14FE14DE14CC0377F35DC4ADFF8A4
:1028D0007493DFF87483DD4EBF34BDE770B5DC4D13
:1028E00005242868007A08B101F081FD1422012135
:1028F000D848FFF74EFC18220021D748FFF72FFCDD
:10290000D548E8220021001DFFF729FC28686FF454
:10291000C052007C00F0E001D048202902D060299C
:1029200008D102E04FF4806301E04FF440630021DE
:10293000FFF736FC0021CA48FFF703FCF82101EA43
:10294000D00109390F290ED8C00700D00924286802
:10295000407A0128204602D0BDE870406DE7BDE80E
:10296000704001F058BD70BD10B50446B8486FF412
:10297000304200210068447504F00B00030310206E
:10298000FFF70EFCE0438107B64805D0B64ABDE824
:1029900010400021FFF7E3BBB44AF8E72DE9F0410E
:1029A0009F4AB34F0024273A21463846FFF7D7FB0A
:1029B0001023FF2200213846FFF726FCDFF8B08203
:1029C000002508F11408661E142009F0E7FA00211A
:1029D0004046FFF7F3FA012804D06D1CEDB2032D39
:1029E000F2D33446002211463846FFF7D2FB0122CB
:1029F00000214046FFF7CDFB0123FF22022138468C
:102A0000FFF702FC9A4800210830FFF78AFB6FF0BD
:102A10006045A84200D13446954800211030FFF7A8
:102A200080FBA84200D13446204629E42DE9F0413C
:102A3000884D0446083D01280CD100212846FFF7A7
:102A400080FB064640F205134FF6FF720021284630
:102A5000FFF7C6FBFFF7A2FF0746012C05D10023B5
:102A6000324619462846FFF7BBFB384608E40246C3
:102A700001212820FFF78DBB2DE9F05F044690F877
:102A800000800079182802D8E078182801D90120A0
:102A900000E000208346E079012864D000208246CF
:102AA0006078012863D004285FD0052863D0072808
:102AB0005FD04FF48075DFF89891D9F80060308AC4
:102AC00020F0E0003082E0793073217B0120891C06
:102AD000884087B2F8000AF0FFFD66490AF0D8FB8B
:102AE0000AF053FE7082E07A7075607BE17A000430
:102AF00001F00B0140EA0133207A202101EA401065
:102B0000034343EA0A035C4A00211020FFF748FB15
:102B10005FEA0B00594EDFF844B16FF4C05A2CD075
:102B2000D9F800004FF440635246018A41F0600139
:102B3000018200215846FFF733FB40F206320021A4
:102B4000B01FFFF70CFB00221146301FFFF707FBF9
:102B50004B4A00213046FFF702FB7D220021301D49
:102B6000FFF717FB38E0102099E72025A3E7402561
:102B7000A1E748259FE780259DE7E07AA8B1607B23
:102B8000404901281CD0D8B1207B042231F8100024
:102B9000102101F094FC00F07F0305EBC7054FF610
:102BA000807202213046FFF71BFBFF2D0DDDD9F8A7
:102BB00000004FF48063018A41F02001018206E0A9
:102BC000207B032231F81000E2E74FF4A053524675
:102BD00000215846FFF7E4FA4FF4C025A378FC2201
:102BE00000212846FFF710FB7F1EFAB200214FF4A8
:102BF0000030FFF7CEFA607807284DD05FF0000074
:102C0000FFF735FFE07AC0438107164846D0164AE1
:102C10000021FFF7A4FA124E0021304634E00000F4
:102C200028000200FEA8020036AC0200FEA5020049
:102C30003EAF0200380003004002001089A46D1B63
:102C4000FDC001003EC40100BEC6010036CF010038
:102C5000F00C0020500007000C001F0008000B00C3
:102C6000140001000C0006004C585FAFCC355FAF7C
:102C70000C0004006666663FCF4FFCFF12000E009A
:102C80000A5A0C0060010108FFF74BFA6FF30C00C1
:102C9000B8F1090F04D005E00820B1E7F84AB7E71A
:102CA00040F0010021794FF4F85202EA012101437A
:102CB000E0780622C00641EA1060617902EA41022A
:102CC000024300213046FFF74AFAA079617880027A
:102CD00040EA01336FF4744200212420FFF760FAC8
:102CE000B4F8090010B98120A4F80900B4F809204B
:102CF00002212846FFF741FAE2484FF41025B8F1C7
:102D0000090F42D0E04A0021FFF729FA41F63C7250
:102D100000212846FFF731FADA4814220121343025
:102D2000FFF737FAD7480E220221001FFFF731FACA
:102D300081220021D548FFF72CFA022200214420ED
:102D4000FFF727FA0120FFF726FC0025012009F0F4
:102D500024F900214420FFF731F9800726D5207996
:102D6000CB4C09380F282ED8D9F80000407A01281A
:102D700024D04046FFF761FD4FF4C84348F2FF12EC
:102D800000212046FFF72CFA23E0C24A0021FFF77A
:102D9000E6F940F63C7200212846FFF7EEF9B94803
:102DA000BD4A00210C38FFF7DAF9B5E76D1CEDB22A
:102DB000062DCBD34FF0FF30BDE8F09F4FFA88F0DF
:102DC00001F029FBD8E70023FE2219462046FFF731
:102DD0001BFABDE8F05F012028E6024600214FF40F
:102DE0006020FFF7CAB902460021AC48FFF7C5B919
:102DF00070B50546501914460E46B0F5806F1BD2CB
:102E00007F2C05D80B462A4621464FF4A0100FE030
:102E100014220021A248FFF7A2F9A148224600216E
:102E2000001DFFF79CF933462A4600214FF4E810B5
:102E3000FFF76EF9002070BD4FF0FF3070BD10B588
:102E4000984C7F290AD840EA014040EAC223224632
:102E50000021BDE810402420FFF7A2B94FF4000381
:102E600003EB0141014341EAC22322460021242011
:102E7000FFF796F9BDE8104000214FF40020FFF75E
:102E80009DB830B414460A462146034630BC4FF480
:102E9000B010FFF78DB870B50646834814460D464E
:102EA0000068C07B03280BD04FF490106119B1F576
:102EB000806F1CD27F2C06D833462A46214612E06A
:102EC0004FF49810F2E7020C00217548FFF747F91C
:102ED000734822460021001DFFF741F933462A4678
:102EE00000214FF4E810BDE87040FFF761B870BDF5
:102EF0002DE9F0416D4E14460D46074648F2400359
:102F00004FF6FF7200213046FFF76AF9601943F26D
:102F10000101884222D87F2C05D83B462A4621460B
:102F20004FF4A8100FE0152200215D48FFF717F9B4
:102F30005B4822460021001DFFF711F93B462A4657
:102F400000214FF4E810FFF733F83046BDE8F041B8
:102F5000002347F6BF721946FFF742B9AFF300806E
:102F6000514810B50068C07B012808D0032802D062
:102F700000214F4805E00C214FF4F01001E0002142
:102F80004C48FFF7DEF8C0F30C00C10401D540F453
:102F9000604000B210BD38B500246B4603222146C4
:102FA0004548FFF705F8022069460A5C401E02EB1F
:102FB0000424FAD5E00201D540480443204638BD38
:102FC00010B5044600213E48FFF7BBF8C0F30B01E3
:102FD000080501D541F4704108B2334920800968E1
:102FE000B1F91210401A10BD70B500250446012930
:102FF0000DD030484FF00C1220302B490968C97BA6
:1030000001290ED0032907D0022110460AE02948E1
:10301000274A28300C3AF0E72A4901444FF4F010CF
:1030200000E00221FFF78DF8C00920800004000CA9
:1030300001D04FF0FF35284670BDF0B51A4E04465A
:10304000BBB030684FF4C0176D46C17B01297DD0FD
:10305000807D032910D0C1074FF4402005F16C0793
:103060002B4674D06C220021FEF7A2FF6C223B4657
:1030700000214FF4502025E101074FF4F01717E12C
:10308000CC355FAF1C0007003411071C0800090095
:10309000180003003400011C33A8B5080400010027
:1030A00004001F0000F400FCF00C002004001100DC
:1030B00020000C000C001800290006000000F0FFA2
:1030C000080002000200E8FF2B46E82202E0382256
:1030D00000E0202200213846FEF76AFF0020291870
:1030E0002218097C401C11770628F8DBBDF80C007B
:1030F000C0F30C00A084BDF81600C0F30D0060847E
:10310000810402D540F440406084BDF81C00C0F347
:103110000B00A4F842003268907D80077DD4002027
:10312000291811F8203F235423180E7A1E72097CA7
:10313000401C99740528F3DB9DF822006071BDF8EE
:103140002100E0809DF82A00E08101E0AEE0B7E0D8
:10315000BDF8290020829DF832002083BDF831009F
:103160006083907D400758D49DF83800DDF8391011
:1031700040EA012020F0604044F8280F9DF83C0010
:10318000DDF83D1040EA012020F0004060609DF82D
:103190004000BDF8411040EA0120C0F31000A060DB
:1031A0009DF84400BDF8451040EA0120C0F3150029
:1031B000E0609DF84800BDF8491040EA0120C0F3E6
:1031C000150020619DF84C00BDF84D1040EA01202B
:1031D000C0F315006061BDF85C0020839DF86C00B1
:1031E000DDF86D1040EA012020F04040E061BDF8BC
:1031F000700020849DF87400BDF8751040EA01202D
:10320000C0F3150060629DF87800BDF8791040EABF
:103210000120C0F31500A06200E045E09DF87C00AD
:10322000BDF87D1040EA0120C0F31500E062BDF852
:103230008C00C0F30E002086BDF89C00C0F30B008C
:1032400060869DF8B400DDF8B51040EA012020F05A
:1032500040406063BDF8B80020879DF8BC00BDF811
:10326000BD1040EA0120C0F31500E0639DF8C000E6
:10327000BDF8C11040EA0120C0F3150020649DF89C
:10328000C400BDF8C51040EA0120C0F31500606419
:10329000BDF8D400C0F30E00A4F84800BDF8E40067
:1032A000C0F30B00A4F84A003BB0F0BD807D0107DD
:1032B0000029FFF609AF40072B467FF50AAF06E766
:1032C00028220021FEF774FE00202218295C2154D8
:1032D0002918401C0B7A13720B7C9374097E1177AA
:1032E0000528F2DB9DF81D0084F821009DF80700F9
:1032F0006071BDF80500E0809DF80F009DF80E108C
:103300000843C009E081BDF80D0020829DF8170038
:103310009DF80E100843C0092083BDF81500608396
:10332000BDF81E00C0F30D006084810402D540F496
:1033300040406084BDF82000C0F30C00A0849DF8DC
:103340002400DDF8251040EA012020F06040A06252
:103350003068807DC007A7D09DF82800DDF82910CF
:1033600040EA012020F0004044F82C0F9DF82C008A
:10337000BDF82D1040EA0120C0F3100060609DF8F8
:103380003000BDF8311040EA0120C0F31500A06004
:103390009DF83400BDF8351040EA0120C0F3150057
:1033A000E0609DF83800BDF8391040EA0120C0F314
:1033B00015002061BDF84800A082BDF85800C0F398
:1033C0000B00E0829DF85C00DDF85D1040EA012012
:1033D00020F04040A061BDF86000A0839DF864002B
:1033E000BDF8651040EA0120C0F3150020629DF889
:1033F0006800BDF8691040EA0120C0F31500606262
:103400009DF86C00BDF86D1040EA0120C0F3150076
:10341000A062BDF87C00C0F30E00A085BDF88C0052
:10342000C0F30B00E0859DF8A400DDF8A51040EA8C
:10343000012020F040402063BDF8A800A0869DF840
:10344000AC00BDF8AD1040EA0120C0F31500A06348
:103450009DF8B000BDF8B11040EA0120C0F315009E
:10346000E0639DF8B400BDF8B51040EA0120C0F358
:1034700015002064BDF8C400C0F30E00A4F8440099
:10348000BDF8D400C0F30B00A4F846000CE70346D7
:10349000052200217420FEF78BBD01217420FEF768
:1034A00040BE00217420FEF73CBEFF4810B5006806
:1034B000C07B012808D0032802D00221FB4805E088
:1034C00016214FF4F01001E00221F948FEF739FE11
:1034D000C0F30D00810402D540F4404000B20AF070
:1034E000F2F86FF00A0109F043FFF24909F0D0FE4B
:1034F0000AF0EDF9F04AF14B0AF05FF80AF02AFA07
:103500000AF043F900B210BD10B504460346E7487F
:1035100006220021001FFEF74BFD607900F001003C
:10352000607110BDE0490968C97B01290BD00329EE
:1035300003464FF0050202D00021642008E0042178
:103540004FF4F01004E00346D9480522002110385A
:10355000FEF72EBD00210170431C04227020FEF7EF
:1035600027BDD1490968C97B01290CD0032903462D
:103570004FF0050203D000214FF4402008E0202145
:103580004FF4F01004E00346C948052200210C3036
:10359000FEF70EBDC4490968C97B01290CD0032977
:1035A00003464FF0050203D0C0480021143808E05C
:1035B00028214FF4F01004E00346BD480522002105
:1035C0001430FEF7F5BC01216420FEF7AABD0021EE
:1035D0006420FEF7A6BD00211C20FEF7A2BD034615
:1035E000042200211C20FEF7E3BC10B50C46022883
:1035F0000CD00023FE2219461020FEF705FE002203
:103600000021BDE810401420FEF7B7BD0123FF22C2
:1036100000211020FEF7F8FD2246F1E702460221C4
:103620000C20FEF7AABD024600210C20FEF7A5BD26
:103630000346082200210420FEF76ABD0346082243
:1036400000210420FEF7B4BC10B5024600219C48BE
:10365000FEF793FD9A4C8822083C00212046FEF795
:1036600098FD002211462046FEF793FD0021201D03
:10367000BDE81040FEF7A2BC70B500240D46FF283F
:1036800000D92024024600218D48FEF776FD8C48A3
:103690002A460021001DFEF77CFD44F09002884C74
:1036A0000021083C2046FEF774FD2046BDE870402E
:1036B00000221146FEF76DBD2DE9F04115460E467C
:1036C0000746002406E0381980B2FEF7DBFD46F815
:1036D0002400641CAC42F6DBBDE8F08110B5022882
:1036E00005D10023FE2201217648FEF78DFD744CA2
:1036F0000022083C11462046FEF74BFD20460222E0
:10370000BDE810400021FEF744BD10B50446C1B22B
:103710004FF48170FFF7B0FF210ABDE8104040F27E
:103720000310A9E770B5684D1023FF220021284639
:10373000FEF76AFD4FF4827600213046FFF79CFFCA
:1037400004213046FFF798FF022008F090FC4FF468
:103750008770FFF779FF044640F20F10FFF774FF00
:1037600044EA002400213046FFF786FF0023EF22C1
:1037700019462846FEF748FD204670BD10B50C4698
:10378000494909680A8A02430A8200214FF420202D
:10379000FEF7F3FC22464A480021BDE810400830FD
:1037A000FEF7F7BC10B5002211464FF42020FEF7BB
:1037B000E4FC4348002211460830FEF7EAFC404C86
:1037C0000022083C11462046FEF7E3FC2046022278
:1037D000BDE810400021FEF7DCBC30B4394C20B10C
:1037E0004FF400634FF6FF7202E000234FF2FF72C6
:1037F000204630BC0021FEF7F3BC10B50446C107DB
:103800004FF4602002D00023EF2201E01023FF22BA
:103810000221FEF7F9FC620800212C48FEF7B9FCF2
:1038200021480068847510BD10B5024627480C4633
:1038300003212038FEF7ADFC4CB10021BDE810405B
:103840004FF481234FF0FF321020FEF7A9BC002374
:10385000BDE810404FF2FF7219461020FEF7C0BCC1
:10386000002310B51A4619461320FEF751FC0E48E6
:103870000068C17B032902D00321C17310BD01215F
:10388000FBE770B50E46084900256C1E0A6850B16A
:1038900008250020D0737EB324F4806400212B46D9
:1038A0002246102014E017E0F00C00201C000C0051
:1038B0001400180000003443462C4454FB210940F6
:1038C0000C000A0008001100480007002800010051
:1038D000BDE87040FEF764BC0120D0736FF00804AF
:1038E00018220021F848FEF73AFCF748E8220021A8
:1038F000001DFEF734FCCEE7FFE745F48065CDE719
:1039000070B5F24D044600212846FEF70AFC6FF31D
:103910001300C4F3130202432846BDE8704000219F
:10392000FEF71DBC70B5EA4CDDE904562468283466
:1039300084E86F0070BD10B500214420FEF73EFB07
:1039400000F0010010BD10B502214420FEF7F9FB84
:103950000004C0F3006010BD2DE9F04700214FF4D2
:10396000F810FEF72BFB064600214420FEF7D9FB9A
:10397000D74C054620688561407DC043800703D150
:10398000A80401D546F00806300628D500214820B5
:10399000FEF7D7FB014620688183027D12B1007ECD
:1039A000400702D411F4606F0FD00422002144209C
:1039B000FEF7D5FB4FF4606200214820FEF7DDFBE7
:1039C0002068816B09B1183088472068808BC0055A
:1039D00005D54FF4807200214820FEF7CEFBF0079A
:1039E00009D0F82200214420FEF7D3FB2068816A29
:1039F00009B11830884770060AD52068C16B09B133
:103A0000183088474FF4C07202214420FEF7B5FBFE
:103A100030077DD520680027DFF8B09280F820704D
:103A2000C07BB84609F11C09A0B100214846FEF749
:103A3000C5FA2168C97B032900D10009C10701D05B
:103A400045F48045810701D545F40055400701D56F
:103A500045F4806520686903856108D590F82010D9
:103A60004FF4802741F0080180F8201007E0690535
:103A700005D590F8201041F0040180F82010E900ED
:103A800007D590F8201047F0805741F0100180F8DA
:103A90002010A90403D5417DC943890709D06904D1
:103AA00031D5C07B012817D003280CD000214C2031
:103AB0001AE010F8201F47F4004741F0020101709E
:103AC00020F8028C1FE0F02200214846FEF761FB3F
:103AD00000214FF4F01007E00F2200214846FEF7C6
:103AE00058FB00214FF4C010FEF72BFB21680A7B26
:103AF000B2B3C0F30902CA83000404D511F8200F41
:103B000040F001000870002147F4DE42442000E04C
:103B10000BE0FEF724FB2068C16A09B11830884722
:103B20002068C07B08B1FFF79BFEF00609D5694A03
:103B300000214420FEF713FB2068416B09B11830C7
:103B40008847B00610D5222202214420FEF721FB2F
:103B50002068016B002907D0BDE8F04718300847FE
:103B6000FFE700F07F02C6E7BDE8F08770B50446C6
:103B7000C107594E6FF47C624FF4A0201FD04FF460
:103B800010730021FEF70CFB53484FF404034FF071
:103B9000FF3200211238FEF703FB3513A00700D5D2
:103BA0004E4D00212A463046FEF7D9FAA00713D51C
:103BB000AAB23046BDE870400021FEF7D0BA00231B
:103BC0001946FEF7EDFA3046BDE8704000234FF687
:103BD000FF621946FEF704BB70BD0246002130208B
:103BE000FEF7BDBA024600212C20FEF7B8BA70B528
:103BF000002410F0050F03D1010701D4C10648D5F8
:103C0000C10709D04FF0000380071A46194601D5B5
:103C10000D2024E0032022E0010709D54FF0000326
:103C200080071A46194601D50F2018E0072016E034
:103C3000C1064FEA807009D54FF0000300281A46EC
:103C4000194601DA0E200AE0052008E04FF00003D3
:103C500000281A46194601DA102000E00920FEF774
:103C600057FA03214420FEF7A9F900074FF0FF356A
:103C700007D41A480021E038FEF753FAB0F5502F68
:103C800020D100231A4619461846FEF741FA2C4661
:103C900018E081064FEA807009D54FF00003002834
:103CA0001A46194601DA11200AE00B2008E04FF00D
:103CB000000300281A46194601DA0C2000E0012012
:103CC000FEF726FA204670BD0C001F000800010018
:103CD000F00C0020009005241600110010010F00C8
:103CE00010B500F00DFC002304461A46194618468C
:103CF000FEF70EFA2046BDE8104000F012BCFE4B65
:103D000020B141EA022020F0F00200E00022002170
:103D10001846FEF732BA70B504000CD024F0020049
:103D20004FF0FF3501280DD0042810D008282AD0E4
:103D3000102826D12CE000231A4619460220FEF74F
:103D4000E7F92AE000231A461946042003E000237D
:103D50001A4619460A20FEF7DBF903214420FEF734
:103D60002DF9000719D500231A4619461846FEF703
:103D7000CFF9A00705D400231A4619460220FEF702
:103D8000C7F928469FE700231A4619460820E2E7AC
:103D900000231A4619460620DDE7002093E710B5F8
:103DA00048B1024600213420FEF7D9F94FF40073E0
:103DB0004FF6FF7202E000234FF6FF520021BDE8EC
:103DC00010401020FEF70CBA02460021CB48FEF747
:103DD000D4B92DE9F04116460C46054600F090FB9B
:103DE0000746022E12D0012E1BD00023EA431946AB
:103DF0003C20FEF7D5F90023E24300214020FEF7E6
:103E0000CFF93846BDE8F04100F08BBB2A460021CF
:103E10003C20FEF7A4F9224600214020FEF79FF93E
:103E2000EFE72B464FF0FF352A4600213C20FEF7F6
:103E3000B7F923462A46E0E770B504464FF47025EB
:103E4000022200212846FEF7A4F9002C06D02846BD
:103E5000BDE8704001220021FEF79BB933E710B5A1
:103E600004460021A648FEF75CF9C0F30B0121804F
:103E7000C0F30B406080A2480021001DFEF751F9FD
:103E8000C0F30B01A180C0F30B40E0809C480021EF
:103E90000830FEF746F92072000C60729848002145
:103EA0000C30FEF73EF9C0F30B41A181C0F30B00CB
:103EB0006081934800211030FEF733F9C0F30B41C5
:103EC0002182A0738E4800211430FEF72AF9A074D5
:103ED000000CE0748A4800211830FEF722F9C0F384
:103EE0000B00A08210BD10B5FFF75CFC012008F0AC
:103EF000BEF881480323FF2200211638FEF784F91B
:103F0000002211464FF48810FEF743F9012008F013
:103F1000AEF87C4801210068C1730021018210BD08
:103F200000F03F0277480021006882737648FEF770
:103F300030B974480068807B704770B504460D4600
:103F40000020FEF770FB0F2D00DD0F25601E0328FB
:103F500000D304241022E24000216C48FEF7FFF851
:103F6000A000001F05FA00F2BDE87040002168487B
:103F7000FEF7F5B810B5044661481023FF22002172
:103F80002030FEF741F9042C00D2042422460021FF
:103F9000BDE810402C20FEF7E2B810B50446012120
:103FA000FEF77AFB204600F078FA012000F046FA8E
:103FB0000F21BDE810400120BFE770B50D46044653
:103FC00001212846FEF768FB284600F066FA01202A
:103FD00000F034FA2046BDE87040CBE72DE9F04709
:103FE0004A4C002120342046FDF7E8FF8146022399
:103FF000FF2200212046FEF707F9444E04220C362A
:1040000000213046FEF7C5F84FF4002801220021B8
:104010004046FEF7BEF808F1040500212846FDF7EA
:10402000CDFFC007F9D000214FF00810FEF789F846
:10403000C5B2070A002211464046FEF7AAF8002240
:1040400011463046FEF7A5F84A4600212046FEF705
:10405000A0F845EA072087E52A4910B50968C97A1A
:10406000401A09F030FB2B4909F012F9BDE8104065
:10407000294909F0B5B8234910B50968897A401A69
:1040800009F021FB254909F003F9042109F070F931
:10409000234909F02FF9BDE81040224909F0A0B8E2
:1040A00001214FF00810FDF789BF00214FF00810E3
:1040B000FDF784BF70B504460D46012000F0BEF93F
:1040C00000212846FEF7E8FA284600F0E6F90F48F6
:1040D00004F03F0200210C38FEF75BF80C4C012382
:1040E000083CFF2200212046FEF78EF800212046E2
:1040F000FDF764FFC00717E01A0011000400060076
:1041000004000F00F00C0020140009002800070034
:10411000180008006666863F0000A041CDCCCC3E6A
:1041200000007F4300004040E0D10021EC48FEF752
:1041300008F8C0F30B0400F0AAF9002000F08EF993
:10414000052000F07BF92046BDE5C179827941EA7E
:104150004201427941EAC201027941EA8211C27800
:1041600041EAC211827841EA02214278007841EAAC
:10417000C22141EA003082B20021DA48FDF7FDBFDA
:10418000002118B1FF2101EB5000C1B20846704771
:1041900010B504460268D34800212430FDF7DFFF44
:1041A000D048002128306268FDF7D9FFCD480021B2
:1041B0002C30A268FDF7D3FFCA48E2680021BDE8B1
:1041C00010403030FDF7CBBF2DE9FF470446C07CDF
:1041D000FF284AD0C34E361DE9B32068E1896B46FB
:1041E000827A8DF80020427A8DF80120027A8DF8CB
:1041F0000220C2798DF8032082798DF8042042795B
:104200008DF8052002798DF80620C2788DF80720F8
:1042100082788DF8082042788DF8092002788DF890
:104220000A208DF80C100022090A8DF80B208DF859
:104230000D10017B8DF80E10C07A8DF80F00102242
:1042400000213046FDF764FF227BE089A17C131832
:104250004FF4B01600E00BE04FF4A01859B101295B
:1042600012D06FF0010004B07EE46FF00200FAE7B4
:104270000C222368E4E7207C18B14FF480604546A7
:1042800008E07F20354605E0607C10B140F2FF3049
:1042900000E07F20E77CC01B801E984202D24FF0D6
:1042A000FF30E0E751B9002128466368FDF730FF91
:1042B000E289217B2846A368FDF72AFF207C8A4DEE
:1042C000012801D0022804D12868C07B032808D027
:1042D0000120617C012906D0022904D004290AD0DA
:1042E0000FE00220F5E72968C97B032901D00121ED
:1042F00007E0022105E0E289102A02D96FF00300ED
:10430000B1E740EA4132774800211430FDF727FF3A
:10431000207B6FF4FC0100F07F02E08901EAC0100D
:104320000243704800211830FDF719FF6D48012243
:1043300000211C30FDF72DFFDFF8A89109F12009BD
:1043400000214846FDF73AFE074610F0050FF7D06A
:104350003A4600214846FDF71CFF07F03F0727F0CB
:104360003000012825D1A07C012822D1607C0128C1
:1043700004D0022802D003280AD00AE02868C07BB3
:10438000032802D04FF4901603E04FF4981600E093
:10439000464663682BB1227B1AB100213046FDF7F7
:1043A00007FEA3682BB1E2891AB1217B3046FDF7E5
:1043B000FFFD384657E74B4B183B59B1012904D054
:1043C0001B1D022906D0032907D1024602211846E7
:1043D000FDF7D3BE02460021F9E77047062101EA46
:1043E0004003CA433F4800211C38FDF7D9BE10B531
:1043F0004FF4C0734FF6FF7200213C48FDF7F0FE0A
:1044000039484FF6E07200210068037ABDE8104099
:104410003748FDF7E5BE30B4344C6FF40052052840
:1044200008D0092808D14FF40153204630BC0021A0
:10443000FDF7B6BE4023F8E730BC70472C4B1B3B62
:10444000012807D0052808D14FF400720021184632
:10445000FDF793BE41F62202F8E7704710B5044617
:10446000002211462348FDF77AFE002211464FF440
:10447000E020FDF774FE002C08D01E480021BDE8A6
:1044800010404FF0E0523438FDF769BE10BD0022F5
:10449000184811464438FDF762BE30B4154C4FF051
:1044A000FF32443C052807D00928C5D1124B2046CD
:1044B00030BC0021FDF774BE104BF8E7BCE7484361
:1044C000032A02D1B5214843C009C0F30A01C00A3A
:1044D00001F58061B1F5006F00D3401C704700000A
:1044E0001400080030000100F00C002008000B0050
:1044F0001F00110048000700001C0002003C0002E1
:1045000010B5172007F0B4FD002809D04FF0E022C5
:104510004FF40001C2F88011BFF34F8FBFF36F8FCC
:1045200010BD002805D04FF0E0214FF40000C1F885
:104530000001704710B5012186B0480503F0A0FCCA
:104540000121082003F093FCC020ADF810000320E7
:104550008DF812001C208DF8130004A9F84803F010
:10456000EAF8F84C204603F0C5F90020ADF8040045
:104570004BF6FF70ADF806003020ADF808002015AE
:10458000ADF80A000001ADF80C00EF4800900121E1
:10459000204603F029FA6946204603F0BEF906B02A
:1045A00010BD2DE9F05FEA4C8B468246002721784A
:1045B000E64DE4483E46002971D04FF4003980466C
:1045C0004946404603F0F6FA50B17F1CAF4204DD85
:1045D000E0A0FDF763FB267002E020780028EFD111
:1045E00000270121404603F01DFADFF8789309E027
:1045F0007F1CAF4204DDDCA0FDF750FB267007E016
:10460000207828B14946404603F0C1FA0028EFD08F
:1046100000273A467821404603F04BFADFF85893DA
:1046200009E07F1CAF4204DDD4A0FDF737FB267004
:1046300007E0207828B14946404603F0A8FA002850
:10464000EFD051460027C246404603F02DFADFF86E
:104650002883A14608F102080BE07F1CAF4205DD6C
:10466000CAA0FDF71BFB89F8006008E099F800007C
:1046700028B14146504603F08AFA0028EDD00024C4
:1046800059465746504603F00FFA0CE0641CAC4202
:1046900006DDC2A0FDF702FB89F8006009E00EE02C
:1046A00099F8000028B14146384603F070FA002816
:1046B000ECD03846BDE8F05F012103F0BDB9BDE89C
:1046C000F09F014600206CE70146402069E710B5E5
:1046D0006420FDF731FAAE20FFF7F3FF2020FFF74B
:1046E000F0FF1020FFF7EDFFB020FFF7EAFFC82032
:1046F000FFF7E7FF0020FFF7E4FF1020FFF7E1FFDF
:104700004020FFF7DEFF8120FFF7DBFFFF20FFF7F0
:10471000D8FFA120FFF7D5FFA620FFF7D2FFA820E2
:10472000FFF7CFFF3F20FFF7CCFFA420FFF7C9FF23
:10473000D320FFF7C6FF0020FFF7C3FFD520FFF708
:10474000C0FFF020FFF7BDFFD920FFF7BAFF2220FE
:10475000FFF7B7FFDA20FFF7B4FF1220FFF7B1FF32
:10476000DB20FFF7AEFF2020FFF7ABFF8D20FFF728
:10477000A8FF1420FFF7A5FFBDE81040AF20A0E779
:1047800010B50446B031C8B2FFF79BFF102040EAD5
:104790001410FFF796FF04F00F00BDE8104040F042
:1047A00001008EE770B506465FF0000404F1B0002A
:1047B000C0B2FFF786FF0020FFF783FF1020FFF74E
:1047C00080FF00253046FFF77FFF6D1CEDB2802D86
:1047D000F8D3641CE4B2082CE8D370BD0020E1E7F4
:1047E00010B58D20FFF76DFF1420FFF76AFFBDE8BD
:1047F0001040AF2065E710B58D20FFF762FF102055
:10480000FFF75FFFBDE81040AE205AE72DE9F04703
:10481000002591468A460446012B22D0DFF88C8180
:10482000022B24D155E02038C7B27E2C04D90AF1DE
:104830000100002400F0FF0A51462046FFF7A0FFC8
:1048400007EB4700002608EB4007B85DFFF73CFF89
:10485000761CF6B2062EF8D3A41D6D1CE4B2EDB2A0
:1048600001E0DFF84C8119F805000028DBD1BDE834
:10487000F0872038C7B2782C04D90AF1010000244F
:1048800000F0FF0A51462046FFF77AFF5FF000066E
:1048900006EB071118F80100FFF716FF761CF6B2B9
:1048A000082EF5D30AF10100C1B22046FFF768FFD8
:1048B0005FF0000606EB071101EB0800007AFFF736
:1048C00003FF761CF6B2082EF4D308346D1CE4B254
:1048D000EDB219F805000028CBD1C8E72DE9F04169
:1048E0000F46804600255401FFF74AFF184E761CFC
:1048F000305DFFF7E9FE6D1CEDB2641C102DF7D39F
:104900007F1CF9B24046FFF73BFF0025305DFFF703
:10491000DBFE6D1CEDB2641C102DF7D3BDE8F081F9
:104920002DE9F04798461746824600260C46DDF8EA
:1049300020904AE021465046FFF722FF554640E0CE
:10494000000C014000540040801A060040420F0055
:10495000F40C0020494943204572726F7220310ADD
:104960000000000001000300494943204572726FB6
:104970007220320A000000008200070049494320EB
:104980004572726F7220330A0000000049494320CB
:104990004572726F7220340A0000000049494320BA
:1049A0004572726F7220350A0000000096030108FC
:1049B0006E01010819F80600761CFFF785FE6D1CD4
:1049C000EDB2BD42F6D3641CE4B24445B2D34EE727
:1049D00038B55E498022A1F1200000F0C5F85B499E
:1049E0004FF4C8728031A1F1900000F0BDF80121B0
:1049F000082003F03CFA0220ADF8000003208DF8F7
:104A0000020010208DF803006946514802F093FE21
:104A10004FF48024204602F0F1FB4E4908200C6040
:104A2000487101208871084602F08AFB38BD10B534
:104A3000002003F0AEF90121BDE81040C80503F0E5
:104A40001FBA45490320086070474448817A4248AC
:104A500009B1052100E001210160704738B514203B
:104A60008DF8000002208DF8010000248DF802402E
:104A700001208DF80300684602F01DFA2A208DF807
:104A800000008DF80140684602F015FA38BD304A42
:104A900000284FF00201104601D002F0BABE02F029
:104AA000BABE10B5FFF794FFFFF7C1FFFFF7D6FFBF
:104AB000BDE8104001F002B90A46014623482038FB
:104AC00000F070B80A4601462048203800F052B87D
:104AD0000A4601461D48103800F064B80A460146EF
:104AE0001A48103800F046B8F0B500230A243025E3
:104AF00037261F4611E000BFB4EB107F02D905EB4B
:104B0000107C01E006EB107C01F813C001EB430CB4
:104B100000015B1C8CF80170DBB29342ECD3F0BD5A
:104B20000F4810B50168001D0468001D00680818D2
:104B30000AD008220B49FFF7D7FF0A492046042272
:104B4000BDE810401031CFE710BD000084180020F0
:104B5000000C0140F80D0020080F0020341B00203D
:104B6000E8F7FF1F020E00200260C1604160816013
:104B70000020704770B5002483680FE0C5680668A0
:104B80005B1C35449D4200D8C36845689D4207D0F0
:104B900011F8015B866835708360641C9442EDD324
:104BA000204670BD30B500230DE04468651C4560AB
:104BB0002478CC54C46805682C4445685B1CAC421E
:104BC00001D8C468446045688468A54204D0934213
:104BD00002D204689C42E8D8184630BD10B50021C6
:104BE000426807E0C3680468491C2344521C93428E
:104BF00000D8C2688368934202D003688B42F1D820
:104C0000084610BDF0B54468059E05680AE027789F
:104C10008F420CD0C768D0F800C0641C6744A7421C
:104C200000D8C4688768A74201D06D1EEFD28168A2
:104C3000A14228D0691C26D0C768D0F800C0611CEA
:104C4000674409E0C16809E00F7897420BD0C76854
:104C5000D0F800C0491C67448F42F3D987688F425F
:104C600001D06D1EF0D282688A420CD06A1C0AD034
:104C7000C268076817444A1C974200D8C268016896
:104C80004D1B00210DE00020F0BD00BF14F8017B9A
:104C90005F54C768D0F800C0491C6744A74200D8D9
:104CA000C468944206D0B14204D207688F4201D949
:104CB0006D1EEBD242600846F0BDF0B54468066850
:104CC00009E025788D420BD0C5680768641C3D4417
:104CD000A54200D8C4688568A54201D0761EF0D2EE
:104CE0008568A54227D0751C25D0C56807682F4464
:104CF000651C09E0C56809E02F788F420BD0C768B2
:104D0000D0F800C06D1C6744AF42F3D98768AF424A
:104D100001D0761EF0D28168A9420CD0711C0AD055
:104D2000C16807686D1C3944A94200D8C56801688C
:104D30008E1B00210DE00020F0BD00BF14F8017BA8
:104D40005754C768D0F800C0491C6744A74200D830
:104D5000C468AC4206D0994204D207688F4201D998
:104D6000761EEBD2022908DCC2680021641E944240
:104D700003D2C2680368D418641E44600846F0BDBC
:104D8000F0B54468056809E026788E420BD0C66805
:104D90000768641C3E44A64200D8C4688668A642E0
:104DA00001D06D1EF0D28168A1420CD06D1C0AD0DA
:104DB000C1680568641C2944A14200D8C4684168E0
:104DC000066800250DE00020F0BD00BF11F8017B52
:104DD0005755C768D0F800C06D1C67448F4200D893
:104DE000C168A14203D09D4201D2761EEED241603D
:104DF0002846F0BDF0B54468059E002705680EE022
:104E0000B94202D1277897420FD014F8017BD0F82D
:104E10000CC0D0F800E0F444A44500D8C468D0F831
:104E200008C0A44501D06D1EEAD28168A1420CD011
:104E30006D1C0AD0C1680268641C1144A14200D8EC
:104E4000C4684168056800220DE00020F0BD00BF85
:104E500011F8017B9F54C768D0F800C0521C67440A
:104E60008F4200D8C168A14203D0B24201D26D1E68
:104E7000EED241601046F0BD0360B2FBF3F2426037
:104E8000016100218160C160084670472DE9F04151
:104E9000C568174688460446002614E060686D1C05
:104EA000854200D30025A068A8420ED02069E168A1
:104EB000226801FB02002268414608F0FFF82168E1
:104EC000E5608844761CBE42E8D33046BDE8F081F8
:104ED0002DE9F041002590460E4604462F4612E08B
:104EE0002069A168226801FB02012268304608F0AF
:104EF000E5F820680644A068401CA06061686D1C4D
:104F0000884200D3A760A068E168884204D0606846
:104F1000A84201D94545E3D32846D7E70021826856
:104F200005E04368491C521C9A4200D30022C36822
:104F3000934202D043688B42F3D808467047000082
:104F400070B5294D2878012815D140212748FFF751
:104F5000BFFD0404240C4FF000060DD02246C021F2
:104F6000224800F0A1FF2146012001F086F901202E
:104F700001F05CF86E6070BD2E7070BD1B4910B5FD
:104F80004031032001F02BFB81B218484030FFF77D
:104F900099FDBDE81040032001F058B870B51448E1
:104FA000006805281FD1104C207800281BD16068AC
:104FB000411C6160052816D10020606040210B482B
:104FC000FFF786FD05042D0C0DD02A46C0210748A9
:104FD00000F06AFF2946012001F04FF9012001F09D
:104FE00025F80120207070BD280E0020941A0020A2
:104FF000080F00202DE9F0414C4E88B000243068A5
:105000004B4D688068884B4F39880840800507D52C
:105010004FF6FF5030602878401C2870FFF7BEFF25
:10502000688839880840000401D500F05BFE688874
:1050300039884FF6FF380840400504D5C6F800808F
:105040003D4840688047698838880140890402D516
:105050004DF6FF71316069880140C80405D54EF6F0
:10506000FF703060002000F0F0F96888398808404F
:1050700000050BD53148007810B100F082F902E04C
:10508000022000F0E2F94FF2FF7030606888398842
:105090000840C00546D54FF6FF6030602348001D2C
:1050A00000684FF00002000438D56868401C686052
:1050B0006868032833D91D48001F016809072ED4EA
:1050C000016889B2A9601E494FEA0D0301EB84070C
:1050D000D7F8007CBFB243F82470641C082CF5D3C9
:1050E000AC6844F00104AC60AC68A4B20460AC6885
:1050F00024F00104AC60AC68A4B2046030684005E0
:10510000FCD5C6F80080002053F8204001EB800653
:10511000A4B2C6F8004C401C0828F5D36A600720EA
:1051200000F093F908B0BDE8F0810000445C004055
:10513000300E00202C0F0020900E00200C0F0020BD
:1051400000500040FFF756BF4FF4802002F056B8E1
:1051500010B5FFF7E5FC764800240068847200F083
:10516000F1F801F01DFA7348046010BD704810B5E5
:105170000068714A00218172D2794272C172084678
:1051800000F0D4FE4FF40071002000F0E7FE102183
:10519000002000F0F8FE4021002001F04AF88021B4
:1051A000002001F03AF8002000F07CFF634890F8FE
:1051B0002C10002001F07FF8002000F047FF0021B4
:1051C000012000F0CBFEC021012001F026F82021B3
:1051D000012000F0D8FE0021012000F0EAFE4FF48B
:1051E000C061022000F0BAFE4FF48071022001F08D
:1051F00014F80021022000F0DCFE2021022000F043
:10520000C2FE0021032000F0A9FE4FF488710320A4
:1052100001F00FF84021032001F04DF84FF4405108
:10522000032000F0C6FE0021032000F0ACFE0020A9
:1052300000F084FC3F490120086010BD4048807A9E
:10524000002802D03B4905200860704739490420F6
:105250000860704739481C380178202901D10021A5
:1052600001707047704710B13448183870473049A2
:105270000820096808820020704710B12F481838AC
:1052800070472B4908200968088200207047284A87
:1052900010B500211268212802D0202808D019E07A
:1052A000107800F07F00212814D1AFF231010AE01C
:1052B000107800F07F00212801D1AFF255011F4B7B
:1052C00020201C3B187029B1002091615082884732
:1052D000002010BD022010BD15490968097801F0B1
:1052E0007F01212903D1022803D0222801D00220E6
:1052F0007047002070471149103900F049BA0F4932
:10530000083900F045BA0A490968C978042901D961
:1053100000207047094A303202EBC10100F038BA70
:1053200009B9012801D90220704700207047000008
:10533000200F0020080F002098090108900E00207F
:10534000341B002010B50120FFF7A1FB62480121AA
:1053500001600021614A0160031D19604FF4E051B2
:1053600011800160002010BD10B55B4C0120206051
:10537000211D00200860FFF78AFB03202060002029
:1053800010BDF8B55449002000900A68544B554CA4
:1053900092B200BF03EB8005D5F8005CADB244F8D3
:1053A0002050401C0828F5D342F48060086040F08B
:1053B0000100086020F001050D60474A121D1068C9
:1053C0004005FCD54FF6FF301060002054F82060F7
:1053D00003EB8007B6B2C7F8006C401C0828F5D371
:1053E00045F008000860086880B240F004000860DA
:1053F0003D4B18680090186820F0030040F0010051
:1054000018603A48046844F0040404601468E40432
:1054100009D54EF6FF7414600A6892B222F00802B1
:105420000A6000991960016821F004010160F8BD6B
:1054300010B5294C206880B220F004002060FFF7EE
:1054400004FB4FF43F40206010BD2DE9F041284C93
:10545000072800D020702278254D06270521042634
:105460001D48062A0BD2DFE802F0030C11161E2796
:10547000686810B12170BDE8F081FFF7D9FF27708F
:10548000F9E7FFF7D5FF2670012022E002206070C7
:1054900003202070EFE76078401E6070607800287D
:1054A000E9D12670E7E7026892B242F0100202608A
:1054B00021700A206070DEE76178491E61706178B2
:1054C0000029D8D1016889B221F01001016027704C
:1054D00000206860CFE70000405C00402C0F0020F7
:1054E00000500040141B00200070004010ED00E050
:1054F000100F002010B5FB4C30B1FB48006800686D
:10550000804720680A3010BD2168012008820020F1
:1055100010BDF44810B50068F44AC1785278914241
:1055200003D882780AB982880AB1022010BD81723C
:10553000ED48006840688047002010BD10B5E94C78
:1055400030B1E94800688068804720680C3010BDA1
:10555000216801200882002010BD10B5E14CE44A0A
:1055600020681268C17892694079904721688A7AE8
:1055700022B118B9087908B9887808B1022010BD9D
:10558000D9480068C068804720684179C172C178F5
:105590000173002010BDD34910B5096860B1D5482A
:1055A000002202800A7853060AD002F07F02012A04
:1055B00016D0022A16D001E002200882002010BD79
:1055C000497A8A06027802D542F0020201E002F02E
:1055D000FD0249060270D1B211D401F0FE0110E0C3
:1055E000C44810BD4A7911071306C34A02EB916102
:1055F000D1F8001C07D5C1F3011106E0017841F094
:105600000101017003E0C1F301310129F6D0B64870
:10561000006800698047E3E72DE9F041B148006880
:10562000017811F07F0102D0022905D066E0417AAD
:1056300001F0DF0141724EE0418800295ED101791D
:10564000F1BB4179AC4D21F080040A0605EB8402E0
:10565000A64BD2F8002C03D5C2F30112120102E0CE
:10566000C2F3013212031E782346A64246D93AB34A
:10567000807A28B308064FEA84000ED52844D0F873
:10568000000CC0F30110012821D1184600F09CFD48
:105690002046302100F077FC19E04619D6F8000CBE
:1056A000C0F30130012812D14BF68F7748F2800801
:1056B000A4B1184600F076FDD6F8000C384000E0A2
:1056C0001CE080F4405040EA0800C6F8000C864810
:1056D0000068406980470020BDE8F081874890F865
:1056E0002C10002000F0E7FDD5F8000C384080F4C5
:1056F000405040EA0800C5F8000CE8E70220EBE75C
:1057000070B578487C4D0368597921F0800005EB2D
:1057100080000C06D0F8004C21F0800203D5C4F3C1
:105720000114240102E0C4F3013424036F4D2D78E9
:10573000954210D95A8872B96CB19A7A5AB1090651
:10574000D0F8001C48F2800207D548F6BF73194014
:1057500081F0100106E0022070BD4BF68F731940F6
:1057600081F480511143C0F8001C5F4800688069D3
:105770008047002070BD5B4810B50068417A41F059
:105780002001417258480068C0698047002010BD60
:10579000544A13685A8A10B10868104470478888C0
:1057A000801A1882002070472DE9F047DFF8348115
:1057B000534F4FF03009D8F8001001F11005088A56
:1057C0000E7A08B9042E04D0AC88A04216D804265C
:1057D00015E04848801E0178012903D007261020D3
:1057E00038802BE0474A00211268474B120403EB34
:1057F000D2325160A7F8009001701FE00226844267
:1058000000D90446A968204688478246002000F057
:105810001DFD01462246504600F046FB2146002071
:1058200000F02BFD2888001B2880688820446880B1
:10583000A7F8009035494FF440500880D8F8000090
:105840000672BDE8F08770B5264D28680178447867
:105850004A0606D001F07F00012828D002282BD06C
:1058600035E0092C06D0052C07D0032C0ED0012CD6
:1058700014D02CE0FFF74DFE28E0C1787F292ED808
:10588000817861BB818851BB807A27E0C17801298A
:105890001DD18088D8B9FFF76EFF17E0C1780129C4
:1058A00015D1818899B9407A80060AD40FE00B2C73
:1058B0000DD1FFF752FE09E0012C02D0032C03D0DA
:1058C00005E0FFF7A9FE01E0FFF71AFF48B108491C
:1058D0002046096849698847032819D008B108207B
:1058E00024E017E0200F0020280F0020E00E002009
:1058F000240F00201A0F002000500040900E0020BE
:10590000300F0020505C0040006000402E0F00204F
:1059100009200BE0DE4A062000211268DD4B12044C
:1059200003EBD2325160DC4A3021118029680872C1
:1059300070BDF8B5D94CDA4D0926206800272968D2
:105940004278062A05D0AAB1082A4ED00A2A52D097
:105950006EE0027852066BD18078012804D00228CC
:1059600004D0032804D063E0C96959E0096A57E00C
:10597000496A55E04288BABBC288022A58D10279E6
:1059800092BB0278530601D1838833B102F07F02C3
:10599000012A05D0022A0DD04AE0AFF205413FE0CE
:1059A0008A69407900219047F0B92068807A002800
:1059B000F3D13DE0417901F00F0001F070020B06D8
:1059C000B84901EB8001D1F8001C03D5C1F30111E6
:1059D000090102E0C1F301310903B34B1B78834293
:1059E00026D90AB90029D8D122E0007840061FD173
:1059F000AFF2FF4114E0027802F07F02012A17D1D2
:105A0000827AAAB142889AB902798AB9C288012AEF
:105A10000ED18A6940790021904748B9AFF2E3413D
:105A200031B120684782816100208847002006E06C
:105A300029682068096940788847032813D02168BD
:105A40000A8AA2F57F43FF3B0BD002280ED06AB131
:105A50000878000625D5C888009082420AD90882B5
:105A600018E00E72F8BD20680672F8BD4FF008000D
:105A70000872F8BD0ED228688C4B90F82C00824238
:105A800001D21F7006E0B2FBF0F400FB142008B94D
:105A900001201870286890F82C008882BDE8F84032
:105AA00082E603200872824900030880F8BD81481D
:105AB00010B590F82C10002000F0FDFB774800682E
:105AC000007A082802D0092809D006E078494FF466
:105AD00080500880704910200880002010BD0120EF
:105AE00010BD70B56A4800686C4D0004C10B694870
:105AF0000144098989B200EB41042868017A092927
:105B00000FD02178017061784170A08800F03CFDD1
:105B100029684880208900F037FD29688880A0899D
:105B2000C880286801210172C08820B1FFF701FFF9
:105B3000BDE87040BBE7FFF786FEF9E7F0B55A49CC
:105B4000584D48F68F770B78002148F2800C0BE017
:105B5000CEB205EB8604D4F8002C3A40324342EA38
:105B60000C02C4F8002C491C9942F1D3484940F07A
:105B70008000091F0860F0BD10B5484C2068017A0C
:105B8000022904D0042902D0062905D015E0FFF728
:105B90000BFE2068007A11E04178052909D10178CF
:105BA000490606D1C078FFF7C9FF43480068006A7C
:105BB00080473B4800688068804708202168087259
:105BC000BDE8104073E710B5344C2068007A022815
:105BD00011D004280FD0032804D0052802D00728AC
:105BE00005D008E000F00EF82068007A04E02C48A8
:105BF0000068C0688047082021680872BDE810402E
:105C000055E770472DE9F047244EDFF88C803027A8
:105C1000356835F8100FA968A9B100B3AC88844283
:105C200000D904462046884781462888001B2880E2
:105C3000688820446880002000F013FB014622465B
:105C4000484600F044F9288848B119494FF44050BB
:105C500008800021084600F010FBA8F80070288892
:105C6000A988884201D3032001E018B105203168DA
:105C70000872E6E5316806200872054900200968C7
:105C8000044A090402EBD1314860A8F80070D8E555
:105C9000505C004000600040300F0020200F0020CA
:105CA000240F002000500040E00E0020180F0020BC
:105CB0002E0F0020900E0020280F002006480549D6
:105CC000022201600A72064A0449C0E9011208680A
:105CD00000470000341B0020200F0020900E002001
:105CE000E40E00202DE9F84F0020ADF80000DFF8A9
:105CF0009CA14BF6BF7648F28007644D644C40F699
:105D00008F7848F60F7BDFF88C910AF1440A31E076
:105D10000888614A10F00F00107034D05F4901EB21
:105D20008001D1F8002CADF80020BDF8002012044D
:105D30000BD5D1F8002C02EA0802C1F8002C584912
:105D400001EB800050F8040C8047BDF8000000060D
:105D500010D551485149007801EB8001D1F8002C51
:105D600002EA0B02C1F8002C4E4901EB800050F80A
:105D7000040C8047DAF800004946A9F80000000446
:105D8000C6D4BDE8F88F28682080208800F0300055
:105D90006080208800F4405020802868304080F4E3
:105DA000005080F02000384328600888C00628682A
:105DB00015D400EA0B002860FFF7DEFE26E02188FC
:105DC000890401D580F400506188C90626D4618811
:105DD000890601D580F0200038432860D1E7ADF86E
:105DE0000000BDF80000000506D5286800EA08009C
:105DF0002860FFF776FE09E0BDF800000004B9D581
:105E0000286800EA08002860FFF7DDFE286821887E
:105E10003040C904D3D580F48050D0E780F0100022
:105E2000D5E72DE9F041194C1B4E1C4F4434194D58
:105E300026E000BF47F6FF702060288800F00F01C1
:105E400007EB81003170D0F8002C92B2130408D512
:105E5000D0F8002C40F68F731A40C0F8002C104880
:105E600009E012060CD5D0F8002C48F60F731A4042
:105E7000C0F8002C0B4800EB810050F8040C804760
:105E8000206828800004D5D4BDE8F081005C004083
:105E90002E0F0020320E00201C0F0020005000406A
:105EA000580E00203C0E0020104B10B5521C52081A
:105EB00003EB41010AD000BF10F8013B521E10F85D
:105EC000014B43EA042321F8043BF5D110BD074BF5
:105ED000521C520803EB410106D000BF31F8043BCD
:105EE00020F8023B521EF9D17047000000600040CC
:105EF000FC4908607047FB48006880B27047F94968
:105F0000091D08607047F748001D006880B270479F
:105F1000F4480830006880B27047F2490C310860DC
:105F20007047F0480C30006880B27047ED4920F0AF
:105F30000700103108607047EA481030006880B2EE
:105F40007047E94A02EB8000C0F8001C7047E64940
:105F500001EB8000D0F8000C80B270478200E2486C
:105F60000244D2F8000C48F68F1318400843C2F8D8
:105F7000000C7047DC4901EB8000D0F8000CC0F346
:105F80004120400270478200D7480244D2F8000CFA
:105F900048F6BF731840CB0601D580F01000890683
:105FA00001D580F0200048F280010843C2F8000CBF
:105FB00070478200CC480244D2F8000C4BF68F7335
:105FC0001840CB0401D580F48050890401D580F4B9
:105FD000005048F280010843C2F8000C704700B539
:105FE0000A460346FFF7B3FF9900BF4B012A194445
:105FF00007D0022A04D120F0100000BFC1F8000C25
:1060000000BD20F48050F9E7B74901EB8000D0F8DB
:10601000000CC0F3011000017047B34901EB800090
:10602000D0F8000CC0F30130000370478100AE4887
:106030000144D1F8000C48F6BF72104080F03000E7
:1060400048F280021043C1F8000C70478100A64856
:106050000144D1F8000C4BF68F72104080F4405090
:1060600048F280021043C1F8000C704781009E483E
:106070000144D1F8000C48F68F72104048F28012AB
:106080001043C1F8000C7047810097480144D1F8D3
:10609000000C48F68F62104048F280021043C1F8AD
:1060A000000C7047810090480144D1F8000C48F67C
:1060B0008F62104048F280021043C1F8000C704714
:1060C000810089480144D1F8000C48F68F721040D5
:1060D00048F280121043C1F8000C704781008248DA
:1060E0000144D1F8000C48F68F72104048F280123B
:1060F0001043C1F8000C704781007B480144D1F87F
:10610000000C48F68F62104048F280021043C1F83C
:10611000000C7047744901EB8000D0F8000CC0F30C
:106120000110012800D0002070476F4901EB80006A
:10613000D0F8000CC0F30130012800D000207047D7
:10614000810069480844D0F8001C40F68F72114065
:10615000C0F8001C7047810063480844D0F8001C58
:1061600048F60F721140C0F8001C704781005E486D
:106170000144D1F8000C48F68F7210404CF28002B6
:106180001043C1F8000C7047810057480144D1F812
:10619000000C48F68F72104048F2C0021043C1F85C
:1061A000000C7047810050480844D0F8001C490496
:1061B00009D5D0F8001C48F68F7211404CF28002CD
:1061C0001143C0F8001C7047810047480844D0F8CC
:1061D000001C490609D5D0F8001C48F68F72114002
:1061E00048F2C0021143C0F8001C704782003E48CC
:1061F0001044D0F8002C48F68F731A400A4348F236
:1062000080010A43C0F8002C7047374901EB800039
:10621000D0F8000C00F00F007047324A21F0010165
:106220001032126892B202EBC000304A42F81010ED
:1062300070472C4A21F001011032126892B202EB31
:10624000C0002A4A02EB40008160704725491031A6
:10625000096889B201EBC000244931F8100080B20E
:10626000704720491031096889B201EBC0001F490D
:1062700001EB4000008980B270471A4A1032126860
:1062800092B202EBC000194A02EB40004160704735
:106290003E2909D94A09C90601D1521E92B24FF4CA
:1062A000004141EA822104E04A08C90700D0521C9B
:1062B0009102016070470B4A1032126892B202EBF1
:1062C000C0000A4A0C3202EB40023E2910D94809AC
:1062D000C90601D1401E80B24FF4004141EA80203E
:1062E0000BE00000405C00400050004000600040B7
:1062F0004808C90700D0401C800210607047A549BB
:10630000096889B201EBC000A34901EB4000808815
:10631000C0F3090070479F49096889B201EBC000CA
:106320009D4901EB40008089C0F30900704730B5FA
:1063300021F0010497490B6822F001029BB203EBA4
:10634000C0035D00944BEC50096889B201EBC000BA
:1063500003EB4000826030BD8E4A21F001011268DB
:1063600092B202EBC0008C4A42F810107047894A82
:1063700021F00101126892B202EBC000864A02EBE2
:106380004000816070478349096889B201EBC00011
:10639000814931F8100080B270477E49096889B29E
:1063A00001EBC0007C4901EB4000008980B27047DE
:1063B0002DE9F043774D012912D002290ED1296829
:1063C00089B201EBC0014B0073490B445A602B6842
:1063D0009BB203EBC00001EB4000C260BDE8F0835C
:1063E00029686D4B89B201EBC0011B1D03EB410C09
:1063F000530951085E1E4C1C4FF400493E2A07D930
:106400001F465FEAC26800D1B7B249EA872705E0B4
:106410000F465FEAC27800D02746BF02CCF8007072
:106420002D68ADB205EBC0005B4D0C3505EB4000AF
:106430003E2A05D9D10600D1B3B249EA832103E04F
:10644000D20700D0214689020160C7E7514B0129DC
:106450000AD0022907D1196889B201EBC0004E4960
:1064600001EB400042607047196889B201EBC0003F
:106470004949091D01EB40013E2A09D95009D206BC
:1064800001D1401E80B24FF4004242EA802004E075
:106490005008D20700D0401C8002086070473D4B76
:1064A00001290AD0022907D1196889B201EBC0007D
:1064B000394901EB4000C2607047196889B201EBAD
:1064C000C00035490C3101EB40013E2A09D9500981
:1064D000D20601D1401E80B24FF4004242EA802031
:1064E00004E05008D20700D0401C800208607047CA
:1064F0002849096889B201EBC000274901EB400037
:106500008088C0F3090070472249096889B201EB0D
:10651000C000214901EB40008089C0F309007047A9
:106520001C4A116889B201EBC0014B001A490B44A7
:106530009B8913F47C4F01D001207047126892B2FE
:1065400002EBC00001EB400080888005F5D00220FE
:106550007047124B48F68F7203EB800001290AD076
:10656000022907D1D0F8001C11404CF280021143DF
:10657000C0F8001C7047D0F8001C114048F2C0025F
:10658000F5E741EA00207047C1B2000A40EA012065
:1065900070470000505C0040006000400050004028
:1065A00018490020086018494FF43F4008801549F9
:1065B000091F08600020704770B500F07F05144681
:1065C0000E462846FFF742FE0146A2B23046FFF7CC
:1065D0006BFCA1B22846FFF750FE002070BD70B5DD
:1065E00000F07F060D463046FFF795FE0446304624
:1065F000FFF737FE014622462846FFF768FC204693
:1066000070BD0000445C00402C0F00202DE9F047D5
:1066100088461D4616468146012101F003FAE94FDE
:1066200064243946484601F0B2FA10B9641EA4B297
:10663000F7D200224146484601F03BFA14B9E2493C
:1066400000200860E14F64243946484601F09FFA73
:1066500010B9641EA4B2F7D23146484601F024FABC
:10666000DA4E6424B61C3146484601F090FA10B95F
:10667000641EA4B2F7D22946484601F015FA6424F4
:106680003146484601F083FA10B9641EA4B2F7D22D
:106690000121484601F0D0F9CD4D642429464846F1
:1066A00001F088FA10B1641EA4B2F7D20021484666
:1066B00001F0CCF95020FBF73FFA0020BDE8F0874D
:1066C00010B50B4602463221C248FFF79FFF00205B
:1066D00010BD10B537212020FFF7F2FF0321212044
:1066E000FFF7EEFFC0212220FFF7EAFF88212320D9
:1066F000FFF7E6FF7F213020FFF7E2FF0221322083
:10670000FFF7DEFF03213320FFF7DAFF5F21BDE84B
:1067100010402020D4E72DE9F05F322688468346DA
:10672000AC4F64244FF0FF3A4FF4003500E0641E94
:106730002946384601F03EFA10B1002CF7D194E01A
:10674000002C1AD00121384601F06CF9A04D6424C8
:106750000F3D00E0641E2946384601F02BFA50B187
:10676000002C0AD000223146384601F0A2F96424F8
:10677000DFF8589203E0002CECD176E0641E494625
:10678000384601F004FA58B1002C6ED0594638460C
:1067900001F08AF9DFF83492642409F1020903E078
:1067A000002CEBD161E0641E4946384601F0EFF958
:1067B00030B144B30121384601F034F9642403E0D8
:1067C000002CF0D151E0641E2946384601F0F2F960
:1067D00048B1C4B101223146384601F06AF9794D19
:1067E00064246D1C03E0002CEDD13EE0641E2946BC
:1067F000384601F0CCF920B12CB1724D64243F35FC
:1068000003E0002CF2D130E0641E2946384601F046
:10681000BEF9A0B14CB3384601F048F905464FF235
:10682000FF71384601F05CF90021384601F00EF99D
:106830000121384601F000F96424654E03E0002C84
:10684000E2D112E0641E3146384601F0B3F910B1CE
:10685000002CF7D109E044B10021384601F0F6F8E8
:1068600088F800500020BDE8F09F5046FBE72DE976
:10687000FC5F82460020009004466D46019004F1C2
:1068800028002919C0B2FFF746FF18B14FF0FF30BA
:10689000BDE8FC9F641CE4B2062CF0D3BDF90000F7
:1068A000001106F010FF0646BDF90200001106F0C7
:1068B0000AFF0446BDF90400001106F004FF054676
:1068C000304607F004F802460B4643A0FBF7E6F912
:1068D000204606F0FCFF02460B4642A0FBF7DEF91D
:1068E000284606F0F4FF02460B4641A0FBF7D6F916
:1068F000304606F04AFF002800DA404206F0E3FE88
:106900008346204606F041FF002800DA404206F0A8
:10691000DAFE0446284606F038FF002800DA404236
:1069200006F0D1FE814606F0D2FF4FF080480022EB
:10693000434608F08BFE05460E46204606F0C7FF8C
:106940000022434608F082FE07460C46584606F0F1
:10695000BEFF0022434608F079FE3A46234606F081
:1069600013FD2A46334606F00FFD09F05BFB06F0E7
:10697000F1FF04460146484607F008F800D2A14658
:106980002146484606F0B6FC06F0A1FF08F0A0FA42
:10699000012206F081FE194A194B06F00EFE002274
:1069A000184B06F098FD06F0D5FF0146164806F094
:1069B00069FC10F1FF4F00D30020CAF8000000204E
:1069C00066E7000001000300340F0020820007008A
:1069D00010000010005800406163635F783A25663C
:1069E0000D0A00006163635F793A25660D0A0000B5
:1069F0006163635F7A3A25660D0A00001F85EB51DB
:106A0000B81E0940008056400000B44210B586B060
:106A100001F022F94FF48034204601F036F901F0FC
:106A200061F928B3102000F001FC022000F0EEFB19
:106A3000002001F08FF9002001F09AF9A01101F077
:106A400090F9601001F0A9F94FF4E011204601F02F
:106A50006AF9012001F06FF9392001F02EF90028C0
:106A6000FAD0022001F06AF901F06FF90828FBD191
:106A7000684601F0B3F906B010BD10B502F0F0FAA7
:106A8000FFF7C4FFFAF728FDBDE81040FAF76FBA28
:106A900005F0C3FB214C94F8290010B1FAF773FA02
:106AA000FCE702231EA219461320FDF7AFFE0223C6
:106AB0001EA204211320FDF7A9FE1F4D4FF6FF76FD
:106AC00002E000BFFAF75FFA2868C089B042F9D047
:106AD0002868807C28B194F82800012812D0A0B141
:106AE00015E02068A0F52A41AA3910D194F82800B1
:106AF000012801D018B10AE005F039FA07E005F0E5
:106B000023FF04E004F058FA01E003F00DFEFEE775
:106B1000FFF7B3FF00F0A6F8FEE70000880B0020A7
:106B2000506C656173652053656E64004154204369
:106B30006F6D6D616E64000018140020704730A006
:106B4000FBF7ACF833488168491C8160FAF7BEF95D
:106B500000F049F830A0FBF7A1F82E48C168491CA5
:106B6000C160FAF7B3F900F03EF830A0FBF796F8F1
:106B700028480169491C0161FAF7A8F900F033F8C7
:106B80002FA0FBF78BF823484169491C4161FAF7B4
:106B90009DF900F028F87047704770472D4801684C
:106BA000491C0160FAF7D4BF10B505F00AFBBDE837
:106BB0001040202000F022BB10B501218C07204698
:106BC00002F049F800280DD00121204602F04FF8CC
:106BD00021490888421C0A80FAF7F1FEBDE81040FE
:106BE000FBF71EB810BDBFF34F8F1C4801681C4A4D
:106BF00001F4E06111430160BFF34F8F00BFFDE777
:106C0000486172644661756C745F48616E646C655E
:106C1000720A0000880B00204D656D4D616E616742
:106C2000655F48616E646C65720A00004275734668
:106C300061756C745F48616E646C65720A00000077
:106C400055736167654661756C745F48616E646C0D
:106C500065720A0014140020380F00200CED00E0CB
:106C60000400FA05AFF3008008B574A0FBF716F82E
:106C70000021022377A20846FDF7C8FD022377A270
:106C800019460020FDF7C2FD05F0DEF905F090F988
:106C9000022005F082F900BFFCF755FE0028FBD06A
:106CA0000020FBF718FB401C07D07048FBF7E4FE00
:106CB00038B16FA0FAF7F2FFFEE772A0FAF7EEFF25
:106CC000FEE77548FBF744FD43F6D0742046FCF719
:106CD00084F82046FCF787F840F2B220FCF710FE5B
:106CE0004FF49670FDF75BF80520FDF76DF8032073
:106CF000FBF7A2FC5D4E694D0E364FF0FF380027C2
:106D0000A6F12E0459492078B07000220E310A20D5
:106D1000FCF76EF8012200210C20FCF790F84246A7
:106D200000214420FBF71BFA0220FCF760FF002142
:106D30004420FBF7F6F928426060F8D02078401C28
:106D40002070A088400470D54FF481420021442077
:106D5000FBF705FA6846FCF733F900286AD00021F2
:106D60004C20FBF7DEF900F07F01142903D8002244
:106D70004B48FCF790F84A483C490A228770183182
:106D800006F0D9F9E8BB04F0DAFAC4E9020104F02C
:106D9000EBFA444AC4E90401801841F10001000AF9
:106DA00040EA01608146FCF71DFF29F00100010E59
:106DB000000243F6D072821841F10000C4E90620B7
:106DC0002A48D4E902232F3004F0F1FA2748D4E905
:106DD0000423333004F0EBFA2448D4E90623373097
:106DE00004F0E5FA21492078253100228870162028
:106DF000FBF7FEFF012200211820FCF720F80120FC
:106E000000E017E0FCF7F3FEA0B900214420FBF7F7
:106E100088F90006F9D5802200214420FBF79FF96C
:106E20002078401C207005E0FFE71F4A0021442025
:106E3000FBF795F9642005F0B0F863E74453545725
:106E40005220494E205354532D5344432076312E23
:106E50003000000048616E42616F0000496E697445
:106E60002077616974696E6700000000600F002080
:106E7000434F4E464947204641494C454420202037
:106E800020200000494E4954204641494C454420A9
:106E900020202020000000001C14002000D0272407
:106EA000501B002060015A03009027242849084302
:106EB00028490860704770B50F23C4780178012213
:106EC000F4B1244C2468457804F4E064C4F5E0642B
:106ED000240AC4F10406E3408478B5401C402C43E6
:106EE00001F1E021230181F80034007800F01F0156
:106EF0008A404009800000F1E020C0F8002170BD08
:106F000001F01F0082404809800000F1E020C0F835
:106F1000802170BD104A114001430E48001F0160DE
:106F200070470C4A121D0029116801D0014300E08E
:106F30008143116070474FF0E0210428086903D0B5
:106F400020F004000861704740F00400FAE70000F8
:106F50000000FA050CED00E080FFFF1F01684FF60E
:106F6000FE72114001600021016041608160C160DA
:106F70006A496A4A0839904203D1486840F00F00D4
:106F800006E0664A1432904204D1486840F0F000AE
:106F900048607047614A2832904203D1486840F403
:106FA0007060F5E75D4A3C32904203D1486840F496
:106FB0007040EDE7594A5032904203D1486840F49E
:106FC0007020E5E7554A6432904203D1486840F4A6
:106FD0007000DDE7514A7832904203D1486840F0B2
:106FE0007060D5E74E4A111F904203D1086840F007
:106FF0000F0006E04A4A1432904204D1086840F07B
:10700000F00008607047464A2832904203D1086871
:1070100040F47060F5E7424A3C32904203D1086880
:1070200040F47040EDE73E4A50329042EAD10868A1
:1070300040F47020E5E730B5036847F6F0729343FB
:107040000C6A8A682243D1E904452C4322438C69A7
:107050002243CC6922434C6A22438C6A22431A435E
:107060000260CA6842600A6882604968C16030BDD7
:107070000021016041608160C16001614161816105
:10708000C16101624162816270470029016802D0DA
:1070900041F0010102E04FF6FE72114001607047BD
:1070A000002A026801D00A4300E08A430260704768
:1070B00041607047406880B2704701460020CA00B6
:1070C00002D5174A083A01E0144A083A12680A42FF
:1070D00000D001207047C10003D51149091F086085
:1070E00070470E4908394860704701460020CA00C1
:1070F00002D50B4A083A01E0084A083A12680A42E7
:1071000000D001207047C10003D50549091F086060
:107110007047024908394860704700000800024083
:1071200008040240374900200860091D0860091D55
:107130000860091D086033493348143108607047FE
:1071400030B530498379026853B30B6893430B60C1
:107150000A1D13680468A343136002790A44136884
:10716000046823431360274A083213680468A34362
:107170001360131D1C680568AC431C604479102C17
:1071800005D021440A68006802430A6030BD1168D6
:10719000046821431160196800680143196030BD1B
:1071A0000079084401689143016030BD002101600D
:1071B00001710C22427181717047124910310A68C5
:1071C00002430A60704701460E4A002014321268DA
:1071D0000A4200D0012070470A4914310860704704
:1071E000084A014600201268064B0A4014331B6807
:1071F0000B4202D0002A00D001207047014914310F
:107200000860704700040140FFFF0F00FC4A11684E
:1072100001F03801014311607047F9490A6822F012
:1072200008020A600A6802430A607047F4490A6863
:1072300022F010020A600A6802430A607047F048B0
:10724000F0494160F04941607047ED48ED494160C7
:10725000ED4941607047EA48016941F080010161F0
:107260007047E748016941F0800101617047E449D6
:107270000420CA68D20701D001207047CA685207AB
:1072800001D502207047C968C906FBD503207047A5
:1072900000B50346FFF7EBFF03E000BFFFF7E7FF92
:1072A0005B1E012803D0002B00D1052000BD002B60
:1072B000F4D1FAE770B505464FF430263046FFF7B3
:1072C000E7FF042811D1CE4C206940F00200206174
:1072D0006561206940F0400020613046FFF7D8FF2B
:1072E000216941F6FD721140216170BD30B54FF446
:1072F00030252846FFF7CCFF042810D1C04C206968
:1073000040F004002061206940F0400020612846E0
:10731000FFF7BEFF216941F6FB721140216130BDCC
:1073200000B50346FFF7A3FF03E000BFFFF79FFF91
:107330005B1E012803D0002B00D1052000BD002BCF
:10734000F4D1FAE730B54FF430252846FFF7E8FFCF
:10735000042810D1AA4C206940F004002061206963
:1073600040F0400020612846FFF7DAFF216941F62E
:10737000FB721140216130BDA1490020C969890714
:1073800000D50120704770B5A525FFF7F5FF00B1C6
:1073900000254FF430263046FFF77AFF042827D126
:1073A000974C9848A0609848A060206940F0200061
:1073B0002061206940F0400020613046FFF768FFFF
:1073C00041F6EF7604280ED1206941F6DF710840BE
:1073D0002061206940F0100020618C4805804FF446
:1073E0000050FFF755FF052802D021693140216187
:1073F00070BDF8B5064600204FF4005C00900D46C5
:107400006046FFF745FF042816D17D4C206940F007
:107410000100206135806046FFF73AFF41F6FE77B4
:10742000042806D1B61C280C009630806046FFF771
:107430002FFF216939402161F8BDF0B506464FF4B0
:1074400000570D463846FFF723FF04280CD16C4C3B
:10745000206940F00100206135803846FFF718FFB1
:107460002169BA1E11402161F0BDF0B506464FF406
:1074700000570D463846FFF70BFF042813D1604C28
:107480006048A0606048A060206940F01000206162
:1074900035803846FFF7FCFE052804D0216941F607
:1074A000EF7211402161F0BD2DE9F041C04300F0C1
:1074B000FF0CC0F30727C0F30746050E4FF4005832
:1074C0004046FFF7E5FE042837D14D4C4D49A160F9
:1074D0004D49A160216941F010012161BCF1FF0F0C
:1074E00008D04A480830A0F800C04046FFF7D0FE58
:1074F00004281BD1FF2F07D044480A30078040469C
:10750000FFF7C6FE042811D1FF2E07D03F480C30EC
:1075100006804046FFF7BCFE042807D1FF2D07D0A8
:107520003A480E3005804046FFF7B2FE052804D0E9
:10753000216941F6EF7211402161BDE8F08170B51B
:1075400005464FF430263046FFF7A2FE042818D136
:107550002B4C2C48A0602C48A060206940F02000F3
:107560002061206940F0400020613046FFF790FE26
:1075700041F6DF71042805D0052802D022690A40AF
:10758000226170BD206908402061206940F0100030
:1075900020611E480DB1002100E0A5210180304688
:1075A000FFF776FE0528ECD0216941F6EF72114015
:1075B000216170BDF0B5124C0746124816460D46C3
:1075C000A0601148A0604FF4005C6046FFF760FEC9
:1075D000042814D1206940F01000206135430B4984
:1075E0003D43891C45F0F80008806046FFF750FED7
:1075F000052804D0216941F6EF7211402161F0BDE8
:107600000020024023016745AB89EFCD00F8FF1F42
:107610001C48C069800870471A48006A70471949B9
:1076200000200968890600D501207047154A002905
:10763000116901D0014300E08143116170470146A7
:107640000020104A012903D0D2680A4203D17047B2
:10765000D169C907FBD0012070470A49C86070474B
:1076600008490420CA68D20701D001207047CA68BF
:10767000520701D502207047C968C906FBD503200F
:107680007047000000200240914910B5884206D1A1
:107690000121042000F0FDFB002104203BE08D4986
:1076A000884206D10121082000F0F3FB00210820C8
:1076B00031E08949884206D10121102000F0E9FB20
:1076C0000021102027E08549884206D10121202091
:1076D00000F0DFFB002120201DE08149884206D117
:1076E0000121402000F0D5FB0021402013E07D491E
:1076F000884206D10121802000F0CBFB00218020B0
:1077000009E0794988420AD184150121204600F018
:10771000C0FB00212046BDE8104000F0BABB10BD00
:1077200010B50121084600F0B4FB0021BDE810406F
:10773000012000F0AEBBF0B5CA78002502F00F03BF
:10774000D20601D58A7813430A784FF00F0E12F053
:10775000FF0F4FF001021DD0D0F800400F8802FA51
:1077600005F63740B74211D14FEA850C0EFA0CF7F7
:1077700024EA070703FA0CF43C43CF78282F02D001
:10778000482F02D002E0466100E006616D1C082D22
:10779000E4D304600C88FF2C1ED944685FF0000617
:1077A00006F1080702FA07F50F882F40AF420FD104
:1077B0004FEA860C0EFA0CF7BC4303FA0CF73C4375
:1077C000CF78282F00D14561CF78482F00D10561AF
:1077D000761C082EE4D34460F0BD4FF6FF710180A3
:1077E000022181700421C170704702460020926816
:1077F0000A4200D001207047806880B2704702467C
:107800000020D2680A4200D001207047C06880B2D0
:10781000704701617047416170470AB1016170476B
:1078200041617047C160704741F48032826181617B
:1078300082618169806970472C4B10B51A684FF6D8
:107840008074224042EA00100843186010BD2849A5
:10785000C8617047F0B5254C002801DAE36900E003
:107860006368420D120185B2C0F301579540C0F321
:107870000346032F05D0C2020AD50322B240934328
:1078800007E023F07062636823F07063636002E0D6
:10789000AB4343F0706201B12A43002801DAE26190
:1078A000F0BD6260F0BD10B58A0721F003040F49F6
:1078B000130F21440F228C689A4094438C608A688D
:1078C000984002438A6010BD0949C1F8DC00704746
:1078D00000080140000C014000100140001401406C
:1078E00000180140001C0140002001400000014040
:1078F00000002042C64910B588424FF0010101D175
:107900004C0501E04FF48004204600F0CBFA2046FD
:10791000BDE81040002100F0C5BA70B5044680886B
:1079200086B00D4620F03F06684600F057FAB94988
:107930000298B0FBF1F189B20E43A680228822F0B2
:1079400001022280B44B2A689A421CD85200B0FB34
:10795000F2F080B2042800D20420491C2184A083C4
:10796000208840F00100208021884FF6F53001404A
:10797000A8886A89104308432080A8892989084378
:10798000208106B070BDEB88A3F53F46FF3E0BD0CB
:1079900002EBC20303EB0212B0FBF2F080B240F440
:1079A0008040020506D007E002EB4202B0FBF2F095
:1079B00080B2F6E740F001004FF4967251434FF465
:1079C0007A72B1FBF2F140F40040C6E741F288312F
:1079D0000160002181804BF6FF72C28001814181EC
:1079E0004FF48041818170470029018802D041F025
:1079F000010101E021F00101018070470029818827
:107A000002D041F4006101E021F4006181807047FF
:107A10000029818802D041F4805101E021F4805195
:107A2000818070470029018802D041F4807101E013
:107A300021F48071018070470029018802D041F44F
:107A4000007101E021F40071018070470029018874
:107A500002D041F4806101E021F48061018070472F
:107A6000828901F0FE0122F0FE02114381817047FC
:107A70000029818902D041F0010101E021F00101DA
:107A8000818170470029018802D041F0400101E066
:107A900021F0400101807047002A828801D00A430A
:107AA00000E08A438280704701827047008AC0B23A
:107AB000704712B141F0010101E001F0FE010182C5
:107AC000704708B508440090008808BD0029018867
:107AD00002D041F4004101E0C1F30E010180704782
:107AE000B1F5006F018803D021F400610180704777
:107AF00041F40061FAE7B1F5005F018803D021F499
:107B000000510180704741F40051FAE700290188D3
:107B100002D041F4805101E021F48051018070478E
:107B2000B1F5006F018803D021F400610180704736
:107B300041F40061FAE70029018802D041F02001F8
:107B400001E021F0200101807047008B000A70479E
:107B50000029018802D041F0100101E021F010015C
:107B6000018070470029018803D021F08001018045
:107B7000704741F08001FAE7B1F5804F818B02D068
:107B800021F4804101E041F4804181837047024645
:107B90000020938A128B43EA024323F07F429143F1
:107BA00000D101207047818A008B41EA004121F019
:107BB0007F4070470CB50246002000920A0F21F06A
:107BC0007F41019202D0009A143202E0009A090C1F
:107BD0001832009212680A4200D001200CBDC9433D
:107BE0008182704710B5034600209A884FF4E06404
:107BF00004EA11449B8A224021F07F410B4202D0CB
:107C0000002A00D0012010BDC943818270470000C6
:107C10000054004040420F00A08601000D4908605A
:107C200070470C49486070470A49886070470949A5
:107C30004AF6AA200860704706494CF6CC40086016
:107C40007047044A01460020D2680A4200D0012051
:107C50007047000000300040A448016841F0010175
:107C600001604168A24A114041600168A14A114087
:107C70000160016821F480210160416821F4FE0166
:107C800041604FF41F018160704798490A6822F4EF
:107C900080320A600A6822F480220A60B0F5803FD0
:107CA00007D0B0F5802F03D1086840F4A020086009
:107CB0007047086840F48030F9E702460020530915
:107CC0008A49012B0AD0022B0AD0496A02F01F020E
:107CD000012393400B4200D0012070470968F5E76B
:107CE000096AF3E718B500204FF4A0640090312032
:107CF000FFF7E3FF0099491C0091A14201D0002841
:107D0000F5D03120FFF7D9FF002800D0012018BDA1
:107D100076490A6822F0F80242EAC000086070471B
:107D2000754908607047714A5368084323F47C130F
:107D30001843506070477049086670476B4A516835
:107D400021F003010143516070476848406800F02A
:107D50000C007047654A516821F0F0010143516001
:107D60007047624A516821F4E061014351607047F5
:107D70005E494A6822F4605242EAC0004860704797
:107D80005A4A0029517A01D0014300E081435172DF
:107D900070475949C1F8D8007047544A516821F4D6
:107DA00040410143516070475049002281F8202032
:107DB00081F82020012802D0042802D1052081F872
:107DC000200070474D490860704748490A6A0243DD
:107DD0000A627047494944390860704730B54349E1
:107DE0004A6812F00C03464A03D0042B01D0082B3A
:107DF00021D002604A680F23424C03EA1212A35CAE
:107E00000268DA4042604B68072505EA1323E35C09
:107E100022FA03F383604B6805EAD323E35CDA407C
:107E2000C2604968032303EA9131231F595CB2FB06
:107E3000F1F1016130BD4A684B6802F470124FF0F5
:107E4000020413F4803F04EB924202D04B689B0380
:107E500001D52D4B00E02A4B5A43CAE7234A00299B
:107E6000516901D0014300E08143516170471F4ACD
:107E70000029916901D0014300E08143916170477D
:107E80001A4A0029D16901D0014300E08143D16140
:107E90007047164A0029D16801D0014300E08143B0
:107EA000D1607047114A0029116901D0014300E0F7
:107EB00081431161704711494039086070470E498C
:107EC000C86470470949C87170470848416A41F061
:107ED000807141627047054A0146002092680A425B
:107EE00000D001207047014988727047001002409D
:107EF0000000FFF8FFFFF6FE00004242800442420D
:107F000000127A009F0F002000093D00994910B52A
:107F100088420AD1841401212046FFF7BAFF204687
:107F2000BDE810400021FFF7B4BF9349884202D159
:107F30000121041404E0914988420AD10121C413AB
:107F40002046FFF7AFFF2046BDE810400021FFF7B5
:107F5000A9BF10BD30B502884C8802F441530A888D
:107F6000CD8822438C882C4322430C8922434C89A0
:107F700022438C892243CC8922431A430280828B7C
:107F800022F400628283098A018230BDF0B5054681
:107F90000C4602200021AA8B85B001264FF2400337
:107FA0001A40AA832884AF8BA268022A27D0A0880F
:107FB00000B102266846FFF711FFE1880098B1F58D
:107FC000007F2DD07101B0FBF1F000BF00EB80000D
:107FD000A1684000B0FBF1F0401D80B20A21B0FB67
:107FE000F1F000F00101401A4FF6FF72C0F34F00AC
:107FF00002EA0121821EFE2A01D302200021E2882A
:10800000084302432A8420886188A2890843A18802
:1080100011430843384340F40060A88305B0F0BD25
:10802000000AD3E70021018041808180C180018165
:1080300041818181C1810721018270470021018036
:1080400041808180C1800222826081817047002945
:10805000018802D041F0400101E021F0400101809F
:1080600070470029818B02D041F4806101E021F446
:10807000806181837047090901238B40002A82882F
:1080800099B201D00A4300E08A4382807047002AF7
:10809000828801D00A4300E08A4382807047818150
:1080A000704780897047A1F57E420188FF3A02D06F
:1080B00041F4807101E021F4807101807047002952
:1080C000818802D041F0040101E021F004018180A7
:1080D0007047028822F40062028002880A4302800C
:1080E0007047018841F48051018070470029018860
:1080F00002D041F4005101E021F4005101807047A9
:10810000012901D0008B7047808A7047008A704730
:10811000B1F5804F018803D021F480410180704780
:1081200041F48041FAE70246002012890A4200D059
:1081300001207047C9430181704710B501F00F0459
:108140000122034602FA04F4002009098A4091B290
:108150009A88A4B20A401989214202D0002A00D08C
:10816000012010BD01F00F0201219140C94301819E
:10817000704700000030014000380040003C0040E3
:10818000F94910B5884202D10121C41486E0B0F14A
:10819000804F09D0F54988420DD101210220FFF717
:1081A00081FE0021022064E001210846FFF77AFEEB
:1081B000002101205DE0EE49884206D10121042022
:1081C000FFF770FE0021042053E0EA49884206D1FF
:1081D00001210820FFF766FE0021082049E0E6495A
:1081E000884206D101211020FFF75CFE00211020FB
:1081F0003FE0E249884206D101212020FFF752FEEC
:108200000021202035E0DE49884202D101214414BA
:1082100044E0DC49884202D10121CC043EE0DA4945
:10822000884202D101210C0538E0D849884202D1A8
:1082300001214C0532E0D649884206D10121402077
:10824000FFF730FE0021402013E0D249884206D1DA
:1082500001218020FFF726FE0021802009E0CE4981
:1082600088420AD1841501212046FFF71BFE002118
:108270002046BDE81040FFF715BEC849884202D12C
:1082800001210C040AE0C649884202D101214C04B4
:1082900004E0C44988420AD101218C042046FFF73A
:1082A000F8FD2046BDE810400021FFF7F2BD10BDEB
:1082B00030B50288AC4BB24C98420DD0A0420BD0E6
:1082C000B0F1804F08D0A94DA84205D0A84DA842D2
:1082D00002D0A84DA84203D122F070054A882A4353
:1082E000A54DA84206D0A54DA84203D022F4407562
:1082F000CA882A4302808A8882850A880285984231
:108300000AD0A04208D0A54A904205D0A44A904283
:1083100002D0A44A904201D1097A018601218182CA
:1083200030BD30B5028C22F001020284028C8388B9
:10833000048B22F0020224F073050C882C430D8973
:1083400015434A882A43884DA8420BD08C4DA84239
:1083500008D0924DA84205D0914DA84202D0914D2F
:10836000A8420DD122F008054A8923F440732A431C
:1083700022F004058A882A438D891D43CB892B432B
:1083800083800483C9888186028430BD70B5028CE5
:1083900022F010020284028C8488038B0D8823F45F
:1083A000E6464FF6FF7303EA052535430E8922F0B2
:1083B000200203EA061616434A8803EA02123243F1
:1083C000694EB04202D06E4EB04215D122F0800606
:1083D0004A8924F4406403EA0212324322F0400640
:1083E0008A8803EA021232438E8903EA860626430C
:1083F000CC8903EA8404344384800583C9880187D7
:10840000028470BD70B5028C22F480720284028CEA
:108410008488838B0D8823F073031D4322F400733B
:108420000E894FF6FF7202EA06261E434B8802EAC7
:10843000032333434C4EB04202D0514EB04215D1CB
:1084400023F400664B8924F4405402EA03233343A7
:1084500023F480668B8802EA032333438E8902EA81
:1084600006162643CC8902EA0414344384808583AB
:10847000C9888187038470BD70B5028C22F4805254
:108480000284048C8288838B0D8823F4E6464FF6A1
:10849000FF7303EA0525354324F400560C8903EAEB
:1084A000043434434E8803EA063626432E4CA04259
:1084B00002D0334CA04205D122F480448A8903EAD9
:1084C0008212224382808583C988A0F840100684E6
:1084D00070BD828B22F440628283828B4FF6FF73E1
:1084E00003EA01210A4382837047828B22F00C0247
:1084F0008283828B0A4382837047028B22F440621C
:108500000283028B4FF6FF7303EA01210A430283C1
:108510007047F0B5048C24F010040484078B048C9D
:108520004FF6FF7527F4734705EA03333B4305EA2B
:1085300002221A430C4B05EA011698420ED0104B4A
:1085400098420BD0B0F1804F08D0084B984205D02C
:10855000074B984202D0074B984225D124F02001C6
:10856000314341F0100124E0002C014000040040A0
:1085700000080040000C00400010004000140040C3
:1085800000340140004C01400050014000540140C3
:1085900000180040001C0040002000400040014046
:1085A000004401400048014024F0A0030B4343F085
:1085B000100102830184F0BD028B22F00C020283C1
:1085C000028B0A430283704770B5048C24F00104C7
:1085D0000484058B048C4FF6FF7606EA03131343DD
:1085E00025F0F305F94A2B4390420ED0F84A904209
:1085F0000BD0B0F1804F08D0F64A904205D0F64A31
:10860000904202D0F54A904202D124F0020201E0E9
:1086100024F00A020A4342F001010383018470BD81
:108620002DE9F05F0D4604460888E84FDFF8A0C347
:10863000DFF8A0834988AA882B894FF0804960B36E
:10864000042832D04FF6FF7E082836D0208C9B4677
:1086500020F480502084A38B268C704600EA0222EE
:1086600023F473431A4300EA0B3010430EEA013E31
:10867000BC420BD0644509D04C4507D0444505D0D9
:10868000D54A944202D0D54B9C4245D126F40051A4
:1086900041EA0E0141F4805143E02046FFF794FF88
:1086A000E9882046BDE8F05F86E72046FFF731FF06
:1086B000E9882046BDE8F05F1FE7208C20F4807039
:1086C0002084B4F81CA0208C0EEA031313432AF074
:1086D000F30A0EEA012B43EA0A03BC420BD06445BD
:1086E00009D04C4507D0444505D0BB4A944202D03E
:1086F000BA4A944204D120F4007040EA0B0002E030
:1087000020F42060084340F48070A3832084E9882B
:108710002046BDE8F05FE8E626F402420A4342F450
:108720008051A08320462184E988BDE8F05FD0E62F
:108730002DE9F0410C46002649880746012501B97C
:108740000226A288012A00D1022520882389002838
:10875000384610D0FFF7DDFEE1883846FFF7CDFE42
:1087600023892A4631463846FFF72EFFE1883846EE
:10877000BDE8F04120E7FFF727FFE1883846FFF723
:108780001BFF23892A4631463846FFF7C2FEE1889F
:108790003846BDE8F041B0E610B50A884B88CC8871
:1087A0001A438B8823431A430B891A434B898989BF
:1087B0001A430A43A0F8442010BD4FF6FF71818090
:1087C00000210180C1804180017270470021018039
:1087D00041808180C180018141818181C181704757
:1087E00000210180418001228280C1800181704787
:1087F0000021018041808180C1800181418181818E
:1088000070470029018802D041F0010101E021F008
:10881000010101807047002930F8441F02D041F463
:10882000004101E0C1F30E0101807047002A8289F6
:1088300001D00A4300E08A438281704781827047F9
:108840001143A0F848107047002A828901D00A43DA
:1088500000E08A4382817047018921F0070101818C
:108860007047028922F070020A430281704700B506
:108870000346FFF7F6FF188940F00700188100BD96
:1088800070B516460D46602904464FF00102314688
:108890000AD0FFF799FE29462046FFF7E2FF20891C
:1088A00040F00700208170BDFFF733FEF3E730B5DD
:1088B00004894FF6FF7505EA03231343E4B20B4323
:1088C0002343038130BD10B50446FFF7F0FF208934
:1088D00040F07700208110BD10B50446FFF7E7FF98
:1088E000208940F48040208110BD0185828270473C
:1088F000028822F070020A430280704770B5058931
:10890000048B068C25F007050D434FF6FC410C4007
:1089100040F201110C434FF6FF7101EA031126F0FA
:1089200022061143314305810483018470BD028B0B
:1089300022F070020A4302837047028B4FF6FF73E6
:1089400022F4E04203EA0121114301837047828B44
:1089500022F070020A4382837047828B4FF6FF73C6
:1089600022F4E04203EA0121114381837047002988
:10897000018802D041F0800101E021F080010180F6
:1089800070470029818802D041F0040101E021F004
:108990000401818070470029818802D041F00801DC
:1089A00001E021F00801818070470029818802D010
:1089B00041F0010101E021F0010181807047028B4B
:1089C00022F008020A43028370470000002C014095
:1089D000003401400004004000080040000C00404A
:1089E000028B4FF6FF7322F4006203EA0121114368
:1089F0000183E9E7828B22F008020A438283E3E7DE
:108A0000828B4FF6FF7322F4006203EA01211143C7
:108A10008183D9E7028B22F004020A430283D3E761
:108A2000028B4FF6FF7322F4806203EA01211143A7
:108A30000183C9E7828B22F004020A438283C3E7E1
:108A4000828B4FF6FF7322F4806203EA0121114307
:108A50008183B9E7028B22F080020A430283B3E7E5
:108A6000028B4FF6FF73C2F30E0203EA012111439A
:108A70000183A9E7828B22F080020A438283A3E765
:108A8000828B4FF6FF73C2F30E0203EA01211143FA
:108A9000818399E7028C22F002020A43028493E761
:108AA000028C22F008020A4302848DE7028C4FF602
:108AB000FF7322F0200203EA01111143018483E7CE
:108AC000028C4FF6FF7322F0800203EA011111437A
:108AD000018479E7028C4FF6FF7322F4007203EAF7
:108AE0000121114301846FE7028C4FF6FF7322F4DA
:108AF000006203EA01211143018465E7028C4FF60D
:108B0000FF7322F4005203EA0131114301845BE751
:108B100010B50123048C8B409C430484038C8A4051
:108B20001343038410BD10B50423048C8B409C4375
:108B30000484038C8A401343038410BD30B50124A0
:108B4000058C00F118038C40A543058489B10829E0
:108B50000FD0091FC1F34E001844016821F4E04111
:108B6000016001684FF6FF7303EA022211430160BE
:108B700030BD03EB5100016821F070010160016814
:108B8000F4E70029018802D041F0020101E021F060
:108B90000201018018E70029018802D041F0040198
:108BA00001E021F0040101800EE70029818802D054
:108BB00041F0800101E021F08001818004E702881A
:108BC00022F00802028002880A430280FCE68288C2
:108BD00022F07002828082880A438280F4E6028951
:108BE00022F00702028102890A430281ECE602892F
:108BF00022F08002028102890A430281E4E6818434
:108C0000E2E68185E0E68186DEE60187DCE68187B3
:108C1000DAE6A0F84010D7E6028822F4407202801B
:108C200002880A430280CFE6808ECDE6008FCBE635
:108C3000808FC9E6B0F84000C6E6808CC4E6008D9F
:108C4000C2E602460020128A0A4200D00120BBE69A
:108C5000C9430182B8E602460020138A92890B427A
:108C600002EA010202D0002A00D00120ACE6C9438A
:108C70000182A9E6C44910B588420AD101218C03BA
:108C80002046FFF706F92046BDE810400021FFF717
:108C900000B9BE49884202D101214C0410E0BC4910
:108CA000884202D101218C040AE0BA49884202D1EB
:108CB0000121CC0404E0B84988420AD101210C0505
:108CC0002046FFF7EFF82046BDE810400021FFF7EF
:108CD000E9B810BD30B50446008A85B00D464CF6A3
:108CE000FF710840E98801432182A1894EF6F31003
:108CF0000140A8882A8910436A890A431043A08149
:108D0000A08A4FF6FF410840A9890143A182684625
:108D1000FFF764F89C48844201D1039800E0029870
:108D2000A189090400EBC00101EB0010296801D5FD
:108D3000490000E08900B0FBF1F06422B0FBF2F1E1
:108D400009010B096FF018056B4300EB8300A38941
:108D50001D044FF0320306D503EBC000B0FBF2F068
:108D600000F0070005E003EB0010B0FBF2F000F0AC
:108D70000F000843208105B030BD4FF4165101604B
:108D800000218180C18001810C2242818181704754
:108D900010B5038A4FF2FF0213400A884C88224321
:108DA0008C88C9880C4322431A43028210BD0021DB
:108DB000018041808180C18070470029818902D073
:108DC00041F4005101E021F400518181704710B558
:108DD000C1F3421301F01F040121A140012B07D070
:108DE000022B07D01430002A026805D00A4304E0A1
:108DF0000C30F8E71030F6E78A43026010BD002A15
:108E0000828A01D00A4300E08A4382827047028A44
:108E100022F00F020282028A0A430282704782898C
:108E200022F40062828182890A438281704700298C
:108E3000818902D041F0020101E021F0020181812B
:108E40007047028A22F020020282028A0A430282CA
:108E500070470029018A02D041F4804101E021F4E9
:108E6000804101827047C1F308018180704780888A
:108E7000C0F308007047818941F00101818170478A
:108E8000028BD2B20283028B42EA01210183704736
:108E9000028B02F47F420283028B0A4302837047F3
:108EA0000029818A02D041F0200101E021F0200157
:108EB000818270470029818A02D041F0100101E0CF
:108EC00021F01001818270470029818A02D041F08F
:108ED000080101E021F008018182704700298189A1
:108EE00002D041F4004101E0C1F30E0181817047DD
:108EF0000029818A02D041F4006101E021F400617F
:108F000081827047828A22F004028282828A0A4326
:108F1000828270470029818A02D041F0020101E07B
:108F200021F00201818270470246002012880A4225
:108F300000D001207047C9430180704730B501F06F
:108F40001F0201240025C1F3421304FA02F2012B8F
:108F50000FD0022B0FD0838A4FEA112100881342D1
:108F600004FA01F400EA040001D000B1012528460A
:108F700030BD8389F0E7038AEEE70A0A01219140B8
:108F8000C9430180704700000038014000440040A0
:108F900000480040004C0040005000400648804718
:108FA00006480047FEE7FEE7FEE7FEE7FEE7FEE7CE
:108FB000FEE7FEE7FEE7FEE761900008ED0000082F
:108FC0000CB500214B4801910091026842F48032B7
:108FD00002604FF4A063026802F400320092019A2A
:108FE000521C0192009A12B9019A9A42F3D1026876
:108FF000920333D5012100913F490A6842F01002E3
:109000000A600A6822F007020A600A6842F0020257
:109010000A604168416041684160416841F4806193
:109020004160416821F47C114160416841F4E811DC
:109030004160016841F08071016001688901FCD5DF
:10904000416821F003014160416841F00201416043
:109050004168C1F381010229FAD10CBD00910CBD18
:10906000244810B5016841F0010101604168234ABC
:10907000114041600168224A11400160016821F4F9
:1090800080210160416821F4FE0141604FF41F011D
:109090008160FFF795FF1B494FF00060086010BD2D
:1090A000144910B54868184A10F00C03174803D04B
:1090B000042B01D0082B0AD002604968134AC1F37F
:1090C0000311121D515C0268CA40026010BD4A685B
:1090D0004B6802F470124FF0020413F4803F04EB6B
:1090E000924202D04B689B0301D5094B00E0064B2E
:1090F0005A43E1E700100240002002400000FFF860
:10910000FFFFF6FE08ED00E000127A00B00F00202D
:1091100000093D0010B5FEA0F8F7C0FD002010BD0D
:1091200010B5022801D0002010BDFDA0F8F7B6FD53
:10913000BFF34F8FFC480168FC4A01F4E061114322
:109140000160BFF34F8F00BFFDE7008870470188C3
:10915000408801EB0040704710B5002306E000BFD7
:1091600030F8134021F813405B1C9BB29342F7D3B5
:1091700010BD2DE9F0414FF0006516460F4604463C
:10918000A8421DD3EA4904EB4600884218D2FEF7F4
:1091900056F8A4F10060C00A05EBC020FEF78AF87B
:1091A000002507E037F8151004EB4500FEF745F9F8
:1091B0006D1CADB2B542F5D3BDE8F041FEF74BB83A
:1091C000BDE8F081F0B500242546D3074FF0FF3706
:1091D00034D12FE0035DA3F13006092E01D8F6B299
:1091E0000BE0A3F14106052E01D8373B04E0A3F1C3
:1091F0006106052E22D8573BDEB203195B78A3F136
:10920000300CBCF1090F02D80CF0FF030DE0A3F104
:10921000410CBCF1050F01D8373B05E0A3F1610C0F
:10922000BCF1050F0AD8573BDBB243EA06134B5596
:10923000A41C6D1C9442CDDB0020F0BD3846F0BD6F
:1092400030B5002414E0035DA3F13005092D01D8E9
:109250000D550BE0A3F14105052D01D8373B04E086
:10926000A3F16105052D01D8573B0B55641CE4B2F1
:109270009442E8D30023184609E05B1CDBB2CC5CC7
:109280005B1C44EA04140C54401CDBB2C0B2934291
:10929000F3D900220A5430BDF0B5ADF2044D0D46AD
:1092A00006464FF4806714463946684603F01FFFB0
:1092B0003946684603F01BFF304603F035FF02468F
:1092C000A04203DB2246314668460AE00020694698
:1092D000A31A01E00D54401C8342FBDC0819801ADC
:1092E000314603F0EBFE68460DF2044DF0BD2DE96A
:1092F000F84F0D46002857D0012855D0DFF834A28A
:109300000323072701248C4E4FF0100C0AF10408A8
:109310004FF4A02202281CD0032845D1272D43D288
:1093200056F8251000293FD00878012856D0022889
:109330003AD1002191461046F8F7F3FE56F8251071
:10934000C968072901EB410159D304FA01F202432C
:1093500058E0272D28D256F82510002924D0087867
:10936000012811D002281FD1002191461046F8F79C
:10937000D8FE56F82510C968072901EB410115D31D
:1093800004FA01F2024314E04C680D89ADF8005074
:109390008DF803C08DF8023069462046FEF7CBF900
:1093A00029462046FEF737FABDE8F88F8F4020EABD
:1093B000070200214846F8F7D2FE00221146504627
:1093C000F8F7CDFE002147464046F8F7AAFE56F8CA
:1093D0002510097B8C4020EA040227E04C680D89A7
:1093E000ADF800508DF803C08DF802306946204674
:1093F000FEF7A1F929462046FEF70BFAD4E78F4085
:1094000020EA070200214846F8F7A9FE002211468B
:109410005046F8F7A4FE002147464046F8F781FE83
:1094200056F82510097B04FA01F202433846BDE8DC
:10943000F84F0021F8F793BE2DE9FF411C46154671
:109440000ECB3EA0F8F72AFC00200190029003907A
:10945000032D05D0294642A0F8F720FCBDE8FF8186
:10946000206803F061FE0828206804D20822302119
:10947000FFF712FF206003F057FE024601A92068A3
:10948000FFF7A0FE206803F04FFE024638A02168D7
:10949000F8F704FC9DF8070000909DF806309DF851
:1094A00005209DF8041036A0F8F7F8FB606803F07B
:1094B0003BFE0828606804D208223021FFF7ECFE4A
:1094C000606003F031FE024602A96068FFF77AFE91
:1094D000606803F029FE024630A06168F8F7DEFB01
:1094E0009DF80B0000909DF80A309DF809209DF82A
:1094F00008102EA0F8F7D2FBA06803F015FE08288C
:10950000A06804D208223021FFF7C6FEA0605BE00D
:109510004457333030302D3030310D0A0000000018
:109520000D0A4F4B0D0A00000CED00E00400FA0597
:109530000000080808000500DC1100206172677651
:109540005B305D3A25732C617267765B315D3A253D
:10955000732C617267765B325D3A25730D0A0000E9
:109560006572726F7220617267633A25640D0A003A
:10957000617267765B305D3A25732C25640D0A00B5
:109580006770696F5374617465313A25782C25785A
:109590002C25782C25780D0A000000006172677672
:1095A0005B315D3A25732C25640D0A006770696F85
:1095B0005374617465323A25782C25782C25782CE3
:1095C00025780D0A00000000082203A9FFF7FAFD24
:1095D000A06803F0A9FD0246FEA0A168F8F75EFBB3
:1095E0009DF80F0000909DF80E309DF80D209DF81D
:1095F0000C10FCA0F8F752FB0425002401AFC4F1C5
:109600000306385D6E4300F00300F1B2FFF76FFE12
:10961000385D711CC0F38100C9B2FFF768FE385D88
:10962000B11CC0F30110C9B2FFF761FE385DF61C32
:109630008009F1B2FFF75BFE641CE4B2042CDED3B8
:10964000002402AFC4F10306385D6E4306F1100139
:1096500000F00300C9B2FFF74AFE385D06F11101C0
:10966000C0F38100C9B2FFF742FE385D06F1120176
:10967000C0F30110C9B2FFF73AFE385D1336800916
:10968000F1B2FFF734FE641CE4B2042CDAD30024F8
:1096900003AFC4F10306385D6E4306F1200100F00C
:1096A0000300C9B2FFF723FE385D06F12101C0F3C4
:1096B0008100C9B2FFF71BFE385D06F12201C0F33D
:1096C0000110C9B2FFF713FE385D23368009F1B2ED
:1096D000FFF70DFE641CE4B2042CDAD3BEE670B5CD
:1096E00014460D4602280FD003280DD1012108464B
:1096F000FEF7BDFB0121C248FEF7ACF8002123466E
:109700002A460846FFF798FE002070BD2DE9F04F6D
:10971000A1B002F062FDBBA0F8F7C0FA002402F08D
:1097200093FC02F045FC022002F037FC4FF0FF3BB7
:109730004FF47A7607E0022002F02FFC641CB4425A
:1097400001DDB5A0A6E0FAF7FEF80028F3D0B6A038
:10975000F8F7A4FA0020F8F7BEFD401C0ED0B5A023
:10976000F8F79CFA0320FAF701FAB7A0F8F796FA8F
:10977000B948F9F781F918B1B8A08BE0BCA089E02D
:10978000C0A0F8F78BFAFAF7D4FBDFF8CC82A8F187
:10979000A408454688F80000F8F72BFE0446024668
:1097A00095F90010BBA0F8F779FA1CB1C2A0F8F740
:1097B00075FA80E00024A146EA4600204946524658
:1097C000641C1154401C7F28FBDB0020FAF7A3FA2D
:1097D000BFA0F8F763FA0025C14F07E0022002F0AE
:1097E000DCFB6D1CB54201DDBEA053E0002144202E
:1097F000F8F797FC3842F1D0400465D5BDA0F8F7E2
:109800004DFA00214C20F8F78CFCC0F309017F29A8
:1098100008D800226846F9F73EFB9DF80110BCA06D
:10982000F8F73CFAF9F79CFB03F071FF6FF01902AF
:1098300003F032FF0022BC4B03F04DFE04F08AF827
:10984000054604F044F802460B46B8A0F8F726FA9D
:10985000B5F17E5F02DC15F1814F21D9BB49284665
:1098600003F016FD0746454698F9000003F02BFF6C
:10987000394603F007FD03F088FF00F03F00287031
:10988000FAF74EFB95F90010B1A0F8F707FAC82CCB
:1098900013DDBBA0F8F702FA584621B0BDE8F08FFF
:1098A0001E21444698F90000F8F751FE94F9001083
:1098B000B9A0F8F7F3F90020EFE74FF48042002158
:1098C0004420F8F74CFC78E7BEA0F8F7E7F9C34A64
:1098D000F5E710B5022804D1FFF718FF08B1012001
:1098E00010BD002010BD2DE9F05F002402F0ACFB9C
:1098F00002F05EFB022002F050FB4FF0FF3B4FF402
:109900007A7807E0022002F048FB641C444501DD40
:1099100041A03FE0FAF717F80028F3D00020F8F74D
:10992000DAFC401C05D04C48F9F7A6F818B14BA05A
:1099300030E0ABA02EE00120FAF77EFA0120F9F723
:109940005CFF454C0125DFF8A4A24FF00009A43CC0
:1099500001E0A7A01EE00020524649461154401CD9
:109960007F28FBDBA54A00201154401C2528FBDB87
:10997000A2487421743803F0BAFB0020FAF7CBF93F
:109980000026574F0BE0022002F007FB761C4645ED
:1099900005DD54A0F8F782F95846BDE8F09F002194
:1099A0004420F8F7BEFB38426060ECD0A088400449
:1099B0000ED54FF4804200214420F8F7D0FB00215F
:1099C0004C20F8F7AEFBC0F3090161807F2917E155
:1099D0005EE10000617267765B325D3A25732C258B
:1099E000640D0A006770696F5374617465333A25BA
:1099F000782C25782C25782C25780D0A000000007D
:109A00000004300072785F776974685F7874616C05
:109A10005F7472696D0D0A0049444C455F524320E2
:109A20006572726F720D0A0049444C455F52430DD6
:109A30000A0000006477745F696E697469616C691B
:109A400073650D0A000000006477745F7365746CC1
:109A50006564730D0A00000078120020434F4E46E3
:109A60004947204641494C45442020202020000001
:109A7000494E4954204641494C454420202020204D
:109A8000000000006477745F636F6E6669677572CB
:109A9000650D0A007543757272656E745472696D56
:109AA0005F76616C3A25642C587472696D466C67F8
:109AB0003A25640D0A000000616C726561647920CA
:109AC00063616C6962726174696F6E0D0A000000F7
:109AD0006477745F7278656E61626C650D0A000070
:109AE00000D0052472785F74696D65206F75740D00
:109AF0000A0000005359535F5354415455535F5269
:109B0000584643475F4249545F4D41534B0D0A004D
:109B10004672616D65205265636569766564207380
:109B200065713A25640A000080842E4161646A757B
:109B30007374696E6720207874616C4F6666736514
:109B4000745F70706D3A25660D0A00007BC7543F44
:109B500061646A757374696E67206477745F736596
:109B6000747874616C7472696D2075437572726576
:109B70006E745472696D5F76616C3A25640D0A00EB
:109B800061646A757374696E6720636F756E7420A3
:109B90006F75740D0A000000656E64206477745F51
:109BA0007365747874616C7472696D207543757235
:109BB00072656E745472696D5F76616C3A25640DDE
:109BC0000A0000005359535F5354415455535F41A9
:109BD0004C4C5F52585F4552520D0A0000900524CC
:109BE000494E4954204641494C454400641B0020DD
:109BF000636F756E74206F75740D0A00701C002001
:109C000003D80022F748F9F746F9F6489830F9F7F3
:109C100014FAF44C25219834B4F840008009801ED1
:109C200082B204F174003034F9F762F9608A03F00B
:109C30007FFD00224FF0804305F008FD0646208896
:109C40000D46400503F074FD32462B4603F0B5FC8B
:109C500003F080FE05F020FCE34903F019FB03F05C
:109C600036FEE24AE24B03F030FC03F073FE03F0F1
:109C70002EFE02460B46DFA0F8F710F8218BE1A07C
:109C8000F8F70CF8218EE3A0F8F708F8002084E636
:109C9000E44A00214420F8F762FAD2488030FAF70B
:109CA000DEF86D1CC82D7FF753AE52E610B50228C2
:109CB00004D1FFF718FE08B1012010BD002010BD2F
:109CC000F0B5002506462C4606E0355D202D01D076
:109CD000092D03D1641CA4B28C42F6D300230120C9
:109CE0002D2D1BD1801E17E0355DA5F13007092F02
:109CF00003D803FB0253303B0EE0A5F16107052FAB
:109D000003D803FB0253573B06E0A5F14107052F9B
:109D100006D803FB0253373B641CA4B28C42E3D346
:109D20005843F0BD7CB50D4606464FF0FF3402F0B7
:109D30008BF902F03DF9022002F02FF915B1012D47
:109D400006D01CE0022231460020F9F7B5FC16E0EF
:109D500000200090022269460190F9F7ADFC0098BE
:109D600008B9019808B1214606E0022231460020D8
:109D7000F8F7FCFB04460146ABA0F7F78FFF20463F
:109D80007CBDF0B58BB01646022804D00021032814
:109D900002D001286FD09CE0059106910791002424
:109DA000306803F0C1F90C2866D105AF012501E048
:109DB000052C20D2326812F81400A0F130010929D4
:109DC00005D91139052902D92039052954D805EBBF
:109DD0004403D15CA1F1300CBCF1090F07D9A1F10A
:109DE000410CBCF1050F02D96139052974D88DF8F1
:109DF0001C00D05C1EE0326812F81400A0F13001A3
:109E0000092905D91139052902D92039052963D82D
:109E100005EB440C12F80C10A1F13003092B05D905
:109E2000113B052B02D96139052955D88DF81C0045
:109E300012F80C008DF81D001022022107A8FFF770
:109E40003FFF3855641CE4B2062CB1D39DF81800CE
:109E500001AC9DF81B309DF81A209DF8191084E87C
:109E60000F009DF8170000909DF816309DF8152002
:109E70009DF8141001E015E02EE06EA0F7F70EFF3C
:109E80009DF817100598BDF8182061F31F60089021
:109E9000014671A00992F7F701FF012108A8FFF719
:109EA00041FF16E003910491002103A8FFF73AFF58
:109EB0009DF80F009DF811209DF810108DE8070007
:109EC0009DF80E309DF80D209DF80C1066A0F7F758
:109ED000E5FE00200BB0F0BD0120FBE770B590B0AF
:109EE00016460D46022826D0684C032802D00128C9
:109EF00024D020E04021684603F0F9F8306803F0F0
:109F000062F910F0FF0001D0012807D1012D05D121
:109F100084F82900012801D1FAF760FC94F829207F
:109F20005BA1684604F080FA684603F0FDF881B250
:109F30006846F7F748F910B0002070BD4021684628
:109F400003F0D5F8EAE700B591B04021684603F088
:109F5000CEF84E484EA190F82920684604F064FAE5
:109F6000684603F0E1F881B26846F7F72CF911B0C2
:109F7000002000BD002070472DE9F04FADF57B7D3E
:109F80008A4681464FF0FF364FF0FA0800244FF41E
:109F90007A71684603F0ABF842A1484603F0B2F884
:109FA000002818D0404D00BF55F83410484603F043
:109FB000A9F8070010D055F8340003F0B5F838447C
:109FC000A0EB09018AB2092C05D201783F296ED095
:109FD00031B13D297BD0AAE0641C092CE4D3A6E072
:109FE0006DE064E0641B002000002041CDCCCCCCAF
:109FF000CC6C5E407369675F706F7765723A2566F7
:10A000000D0A0000737473506F7765723A25640D02
:10A010000A00000073747332506F7765723A2564DA
:10A020000D0A0000009005246572723A25640D0A3D
:10A03000000000006D61635F746D703A25782C2517
:10A04000782C25782C25782C25782C25782C2578AB
:10A050002C25780D0A00000065756936343A25789C
:10A060002C25780D0A0000005557424D41433A25F2
:10A0700030327825303278253032782530327825E4
:10A08000303278253032780D0A000000880B00202D
:10A090000D0A776F726B6D6F64653A2025640D0A47
:10A0A0000000000041540000881200200FE005EB82
:10A0B000C4004368DBB36A464146012034E005EB47
:10A0C000C40043689BB36A46414602202CE0BAEBC9
:10A0D00002074FF000024FF02C09EB46C246134630
:10A0E000944600F1010003D00121E646009013E000
:10A0F000614613E010F80280C84503D100F802E081
:10A10000012308E03BB100EB02084BF8218000235B
:10A11000491C514502D2521CBA42EBD305EBC40094
:10A12000436823B15A4603209847060007D018A079
:10A13000F7F7B4FD0DF57B7D3046BDE8F08FAFF647
:10A140002040F5E72DE9F0410C4607463E194FF057
:10A15000FF3016F8021C0D2917D116F8011C0A2928
:10A1600013D1042C11D3002504E0795D0BA0F7F77F
:10A1700095FD6D1CA542F8DB002006F8020CA41E1C
:10A18000A1B23846BDE8F041F6E6BDE8F081000036
:10A190000D0A4552524F520D0A000000256300007F
:10A1A0000022C0F84C21C0E95421704770B5D0F8A6
:10A1B0004C110446D0F850210D4685A0F7F76EFDEE
:10A1C0001BE0294688A0F7F769FD05EB451688A036
:10A1D00014F81610F7F762FD04EB460687A07178B5
:10A1E000F7F75CFD87A0F7F759FDB11C87A0F7F7DB
:10A1F00055FD87A0F7F752FD6D1CD4F8540195FB6F
:10A20000F0F100FB1150D4F850118842D9D1BDE8CB
:10A2100070407FA0F7F742BD00F5A871D0F84C015F
:10A2200006C9491C91FBF2F302FB1311814201D1D3
:10A230000120704700207047D0E95310814201D1BE
:10A2400001207047002070470FB410B50446FFF797
:10A25000E3FF18B1002010BC5DF814FBD4F85011D6
:10A260009DF80C0001EB411104F81100D4F85011D5
:10A270009DF80D0001EB411104EB41014870D4F849
:10A2800050019DF80D2000EB401004EB40000DF153
:10A290000E01801C02F012FF04F5A87003C8401CD8
:10A2A00090FBF1F201FB1200C4F850010120D2E74B
:10A2B00070B50D460446FFF7BFFF08B1002070BD22
:10A2C000D4F84C01422200EB401004EB4001284638
:10A2D00002F0F4FED4F84C01422100EB401004EBF4
:10A2E000400002F004FFD4F84C01D4F85411401C93
:10A2F00090FBF1F201FB1200C4F84C016878402891
:10A3000003D944A0F7F7CAFCD8E7012070BD30B5E7
:10A31000002288B05FF00A03B0FBF3F403FB1404DF
:10A32000B0FBF3F030348C54521C0028F4D1885424
:10A3300010006B4604D40C5C151A401E5C55FAD50F
:10A34000012004E01C5C0D18401C05F8014C9042F3
:10A35000F8DD08B030BD2DE9F041174688460646C5
:10A3600000241DE0305D02F0A3FEC5B23019407834
:10A3700002F09EFEC0B2392D01D9373D00E0303DDC
:10A38000E9B2392801D9373800E03038C0B204EBDF
:10A39000D47240EA011008EB6201A41C087024B2D8
:10A3A000BC42DFDBBDE8F081F8B515460E46074636
:10A3B00000240AE03A5D1CA1684604F035F806EB7B
:10A3C0004400BDF800100180641CAC42F2DBF8BD13
:10A3D000512D3E66726F6E74203A25642C72656151
:10A3E000723A2025640A000069203A2564000000C2
:10A3F000666C61673A256420000000006C656E3A67
:10A40000256420006D7367203A000000257320004A
:10A410000A0000006572726F7220717565756520A3
:10A420006D73670A000000002530325800000000FC
:10A4300030B5F248A1B01C46C168269D491CC160D8
:10A44000052091FBF0F200FB1210002829D14021D9
:10A45000684602F04CFE204603F039FA0022E84B31
:10A4600003F0ABF802460B46E6A1684603F0DCFFBA
:10A47000042102236A460846FAF7C8F9402110A8C9
:10A4800002F035FE284603F022FA02460B46E1A10F
:10A4900010A803F0C9FF022310AA06210420FAF72E
:10A4A000B5F921B030BD38B54FF0FF32002144205E
:10A4B000F7F755FED14C002204F13801207888705E
:10A4C000A069C4F84200E069C4F846001220F8F719
:10A4D0008FFC012200211420F8F7B1FC40F2B220D9
:10A4E000F9F70EFA4FF49670F9F759FC0520F9F7D1
:10A4F0006BFC0220F9F77BFBCA4D00214420F7F7E3
:10A5000010FE28426060F8D02078401C2070A0889F
:10A51000400432D54FF4814200214420F7F71FFE5A
:10A520006846F8F74DFD002826D000214C20F7F7AB
:10A53000F8FD00F07F01282903D80022BA48F8F777
:10A54000AAFCAE490A224A31B74802F0F4FD0028BD
:10A5500012D1B549A94808220A31183002F0EBFDA2
:10A56000002809D1012060700020A060AE48418A17
:10A570006180AEA0F7F792FB38BDB3A0F7F78EFB72
:10A58000BDE838400021B74A4420F7F7E8BDF0B5F0
:10A5900091B04FF0FF3200214420F7F7E0FD974CD7
:10A5A000002204F15E01207888706088A4F86800B9
:10A5B0000C20F8F71DFC012200210E20F8F73FFCCB
:10A5C0000220F9F714FB974D00214420F7F7A9FD6D
:10A5D00028426060F8D02078401C2070A088400499
:10A5E0007ED54FF4814200214420F7F7B8FD10A832
:10A5F000F8F7E6FC002874D000214C20F7F791FD15
:10A6000000F07F01282903D800228748F8F743FC8F
:10A61000854E7A490027B7700A226A31304602F027
:10A620008AFD002872D175490222891C06F10B00AF
:10A6300002F081FD002869D100F081FEC4E9080123
:10A6400000F092FE884AC4E90A01801841F1000135
:10A65000050A45EA01652846F9F7C4FA25F0010024
:10A66000010E000244F20102801841F10001C4E928
:10A670000C016248D4E90823813000F098FE5F485D
:10A68000D4E90A23853000F092FE5C48D4E90C231B
:10A69000893000F08CFE594920787731002288708B
:10A6A0001620F8F7A5FB012200211820F8F7C7FBB8
:10A6B0000120F9F79CFA002828D100214420F7F75F
:10A6C00030FD0006F9D5802200214420F7F747FD30
:10A6D000A7602078401C207056F80D0F206101E023
:10A6E0001AE013E0716861610C91604902F0D0FDDD
:10A6F0000990F6F748FE58B118220AA9684602F0F8
:10A70000DDFC06AC94E80F00FFF792FE11B0F0BD3F
:10A7100006A8F6F794FEF9E711B00021BDE8F04075
:10A72000504A4420F7F71BBDF6F7C0FF01F072FD59
:10A7300004464FA0F7F7B2FA01F086FC01F038FCAE
:10A74000022001F02AFC00BFF9F7FDF80028FBD039
:10A750000020F7F7C0FD401C0BD0092084F86C00E6
:10A7600004F16100F8F788F938B144A0F7F796FAD8
:10A77000FEE747A0F7F792FAFEE74A48F7F7E8FF47
:10A7800044F201042046F8F728FB2046F8F72BFB9B
:10A7900040F2B220F9F7B4F84FF49670F9F7FFFAE7
:10A7A0000520F9F711FB0320F9F7E0F9F7F770FF3F
:10A7B00004460025F7F768FF2A1844EB05000F4C04
:10A7C0000146C4E9062038A0F7F768FA4FF4FA7793
:10A7D00060780A2668B1FFF7DAFEA068411CA16024
:10A7E000322800DD6570304601F0D7FBF6F7CBFB71
:10A7F000EEE7FFF758FE3E46F5E70000D0120020D6
:10A80000000059402044203A2025332E3266206D26
:10A81000202020002041203A2025332E31662020A0
:10A820002000000000D02724951C0020B1EAC7A911
:10A830004944A3BA25303458BCD3C8EBCDF8C2E79D
:10A84000B3C9B9A60A000000BCD3C8EBCDF8C2E773
:10A85000B3ACCAB1BBF2D5DFBDD3CAD5B4EDCEF32C
:10A860000A0000000090272460015A030000C8423B
:10A87000B1EAC7A92076312E30000000434F4E4682
:10A880004947204641494C454420202020200000D3
:10A89000494E4954204641494C454420202020201F
:10A8A000000000001C140020B1EAC7A9C5E4D6C30B
:10A8B000B3C9B9A62025303878253038580A0000A9
:10A8C00030B5FF48A1B01C468168269D491C8160B7
:10A8D000052091FBF0F200FB1210002829D1402145
:10A8E000684602F004FC204602F0F1FF0022F54B1E
:10A8F00002F063FE02460B46F3A1684603F094FDA6
:10A90000042102236A460846F9F780FF402110A877
:10A9100002F0EDFB284602F0DAFF02460B46EEA1FC
:10A9200010A803F081FD022310AA06210420F9F7E4
:10A930006DFF21B030BD2DE9F043DFF8AC830C464C
:10A94000054685B0C068414602F0D4FC81462146E8
:10A95000A86802F097FCE549E54C884202D92146F7
:10A9600002F03EFCE349884202DD214602F08AFC07
:10A9700002F0ADFFE04AE14B02F0ADFD02F0EAFF6C
:10A980000646DF48006890F8360090B11422DD4991
:10A99000684602F093FB009801246F46314602F0AE
:10A9A00077FC57F8241002F01BFC641C052CF5DB27
:10A9B0000646D549304602F09DFC4FF07E570446CE
:10A9C000B84201DD3C4603E0D048844200D9044649
:10A9D0004FF0FF31304602F0CBFC494602F055FC07
:10A9E0000646214602F054FCC94902F0F9FB4146F3
:10A9F00002F04EFC21462861084602F049FC394627
:10AA000002F043FC02F063FF05F00CFB07460C4626
:10AA1000304602F05CFF3A46234602F05CFD00221D
:10AA2000A84B02F058FD02F095FF686105B0BDE843
:10AA3000F0832DE9F047924689460646D14542DA31
:10AA40004C4606EBC4005546D0E9007080462CE029
:10AA50006D1EAC4208DA06EBC5013A46D1E90001A9
:10AA6000434602F05FFFF3D3AC4208DA06EBC500C1
:10AA700006EBC402D0E90010C2E90010641CAC422D
:10AA800008DA06EBC4013A46D1E90001434602F078
:10AA900031FFF3D3AC4208DA06EBC40106EBC50282
:10AAA000D1E90001C2E900016D1EAC42D1DB06EB29
:10AAB000C401621EC1E9007849463046FFF7B9FF7C
:10AAC00004F10109BAE7BDE8F0872DE9F041BCB017
:10AAD0000F468046012A6ED889480068B0F84100C8
:10AAE000002868D05B208B4E02FB00F506EBC50406
:10AAF00060680A280BDB02F00AFE0022864B04F095
:10AB000081FC02F06FFE6060012006F83500D8F885
:10AB1000000002F0DCFE626804EBC202C2E902013E
:10AB2000386802F0D4FE626804EBC202C2E93E015A
:10AB30006068401C606016F8350000283BD004F1C6
:10AB400008015022684602F0B9FA04F1F8015022D7
:10AB500014A802F0B3FA04F5F471502228A802F008
:10AB6000ADFA092200216846FFF763FFDDE90A011B
:10AB7000DDE9082302F008FC4FF0FF34224602F022
:10AB80008BFD02F0E7FEC8F800000922002114A89E
:10AB9000FFF74FFFDDE91E01DDE91C2302F0F4FBA6
:10ABA000224602F079FD02F0D5FE3860092200212C
:10ABB00028A8FFF73EFF3CB0BDE8F08170B550F823
:10ABC0000A4F45682046294600F027FCB8B33C49A7
:10ABD00042684A6582688A654088A1F85C0000F096
:10ABE000C3FB4E4A801841F10001000A40EA0160AF
:10ABF000F8F7F8FF324900224A311420F8F7F8F844
:10AC0000012200211620F8F71AF90120F8F7EFFFCA
:10AC100020B1BDE8704042A0F7F740B800214420C1
:10AC2000F7F77FFA0006F9D54FF48142002144205E
:10AC3000F7F795FABDE87040052001F0AEB920465F
:10AC4000294600F095FC002805D020462946BDE89D
:10AC5000704001F071BF70BD2DE9F04F97B0002733
:10AC60000646ADF800704089ADF8000000F0F4FB36
:10AC700005007DD000F078FB114C284AC4E906019C
:10AC8000801841F10001000A40EA0160F8F7AAFFCC
:10AC900040F29E20F8F734FE4FF49670F9F77FF8F3
:10ACA00004F16A01207888706888A4F87500E0686B
:10ACB000C4F877002069C4F87B000022152035E035
:10ACC00060130020000059402044203A2025332EF4
:10ACD0003366206D202020002041203A2025332E8D
:10ACE00031662020200000000000C842000034C36C
:10ACF0000000B44300003443C28FFDC895C9203F13
:10AD000018140020200A0108C364AA3C000080BF78
:10AD1000C3642A3CC01E00200000244068816D03EB
:10AD2000B7A2CBCDCAA7B0DC0A000000F8F760F8E4
:10AD3000012200211720F8F782F80520F9F744F8DE
:10AD40000320F8F754FF401C12D0DFF89483002151
:10AD50004420F7F7E6F910EA080F6060F7D0207892
:10AD6000401C2070A08840047ED54FF4814200E052
:10AD70007BE000214420F7F7F2F914A8F8F720F956
:10AD8000002872D000214C20F7F7CBF9C0F309015D
:10AD9000B1F5007F03D800223046F8F77CF8002098
:10ADA000B0700A22CF49304602F0C5F900285CD1C4
:10ADB00000F0C5FAC4E9080100F0D6FAC4E90A01B6
:10ADC00012A906F10A0000F0E4FA13A906F10E0038
:10ADD00000F0DFFA10A906F1120000F0DAFAD4F858
:10ADE0001880A76A266A139812990190401A02F0F7
:10ADF0009FFC8146B81B059102F09AFC82468B4667
:10AE000010990198081A02F093FC0746A6EB080077
:10AE1000019102F08DFC00900E4652465B4648467A
:10AE2000059902F0B1FA3A46019B02F0ADFA3346B9
:10AE3000009A02F0A9FA0991DDE900218046334623
:10AE4000384602F048FB06460F4652465B464846E7
:10AE5000059902F040FB32463B4602F036FB424683
:10AE6000099B02F0AAFB01E09EE09AE002F0F2FCEE
:10AE700002F06BFC9C4A9D4B02F02DFB4FF0985268
:10AE80009B4BC4E90C0102F026FB02F063FDE0607D
:10AE9000F8F70BFB02F017FC6FF00A0102F068FAFA
:10AEA000944902F0F5F9944902F024FA0646282163
:10AEB00006A802F01CF9914F08963946E06802F0A6
:10AEC000E7F98F4E09903068B0F92F0002F0FBFBD4
:10AED000014606A8FFF72FFD0AA82A880BA980467D
:10AEE000FFF7F3FD6888ADF8180060788DF81A0058
:10AEF000401C607001F046F80790DDE90A0102F09D
:10AF0000F9F902F0E4FC04F01BF900227D4B02F099
:10AF1000E2FA4FF0C0427C4B02F04FFB02F01AFD08
:10AF20000C9000200D903168BDF83820B1F82F301A
:10AF30004BB3002342EAC332ADF83820B1F83110E8
:10AF400019B3002142EA8131ADF83810ADF83C0068
:10AF5000ADF83A00ADF83E00F6F715FAB8B1182290
:10AF60004146684602F0AAF806AD95E80F0001F0E8
:10AF70005BFE18224146684602F0A0F895E80F00F3
:10AF8000FFF79EFC06E00123D4E70121DAE706A8DB
:10AF9000F6F737FA0C9820613946099802F0AAF9B9
:10AFA000E06017B0BDE8F08F17B00021BDE8F04FAA
:10AFB000564A4420F7F7D3B808B5F6F777FB01F007
:10AFC00029F9044601F040F800F0F2FF022000F0F9
:10AFD000E4FF00BFF8F7B7FC0028FBD00020F7F72C
:10AFE0007AF9401C0ED0032084F86E00092084F802
:10AFF0006C0004F16100F7F73FFD38B144A0F6F7AB
:10B000004DFEFEE747A0F6F749FEFEE74A48F7F790
:10B010009FFB44F201042046F7F7DFFE2046F7F7D6
:10B02000E2FE0320F8F7A2FD0320F7F705FB43A09B
:10B03000F6F734FE2B4C2A4D7F3C0020F8F7C4FE77
:10B040000020F8F7ACFE0020F8F765FE02E000BF34
:10B05000F5F799FF00214420F7F763F82842606074
:10B06000F6D0A088400433D54FF48042002144201C
:10B07000F7F775F86846F7F7A3FF18B300214C20DF
:10B08000F7F74FF8C0F30906B6F5007F04D831464C
:10B0900000222E48F7F7FFFE2C4900200A22887074
:10B0A00010492A48473902F046F838B10D490A22BA
:10B0B0002139264802F03FF828B10EE031462348F6
:10B0C000FFF77CFD09E031462048FFF7C5FD04E0AD
:10B0D0000E4A00214420F7F742F8F5F754FFACE799
:10B0E00000D02724DF130020FA48CE3B1835B13DAD
:10B0F00019DDB14100003443DB0F49400000C84274
:10B100001814002000806640FB210940009027248D
:10B11000434F4E464947204641494C454420202054
:10B1200020200000494E4954204641494C454420C6
:10B1300020202020000000001C140020BBF9D5BEF8
:10B14000C5E4D6C3B3C9B9A60A000000C01C0020DC
:10B1500038B50C460021ADF80010410402D4A16AB4
:10B16000491CA162C10302D56168491C6160C10428
:10B1700002D5A168491CA160810202D52169491C40
:10B180002161810002D5216A491C2162810404D514
:10B19000410402D42168491C216010F4081F02D028
:10B1A0006169491C6161410102D5E168491CE160A6
:10B1B000C00035D5606B0021401C60636846F7F71E
:10B1C00013FFBDF80000C10502D5A16B491CA163A6
:10B1D000010602D5E16B491CE163410602D5216CF1
:10B1E000491C2164810602D5616C491C6164C10659
:10B1F00002D5A16C491CA164010702D5E16C491C70
:10B20000E164410702D5216D491C2165810702D502
:10B21000616D491C6165C00702D0A06D401CA0652E
:10B2200038BD7249002049780E2909D2DFE801F0C3
:10B2300008080C1508080F080807120808098020DC
:10B2400070474FF4C07070474FF4607070474FF410
:10B25000B06070474FF4F06070474FF4786070470B
:10B26000624900208979002900D1C82070474A78B6
:10B270000E2A1ED2DFE802F01D09151B070D180B60
:10B280001D0F1B1D1D12203813E0403811E04838F7
:10B290000FE080380DE0A0F580700AE0A0F50070A6
:10B2A00007E0A0F5806004E0A0F5C06001E0A0F533
:10B2B0000060097B0822891C8A4010444FF69A11CD
:10B2C0004843000AF8F78EBC10B50B460246FFF75C
:10B2D000C7FF8418FFF7A5FF197B204400F5FA701B
:10B2E000072909D2DFE801F0080808040404040073
:10B2F0000822891C8A401044BDE81040F8F74FBD71
:10B300003A4910B50A7B0821921C914001EBD1719A
:10B3100000EB610200213648F6F721FFBDE810403E
:10B32000F7F785BA10B500220A60835CD400A34009
:10B330000C68521C23440B60042AF6DB10BD7CB55C
:10B34000002425466846F8F7A2F8042069462D0235
:10B3500045EA146522020C5C401E144340B20028EA
:10B36000F5DA204629467CBD7CB500242546684692
:10B37000F8F7D8F8042069462D0245EA1465220240
:10B380000C5C401E144340B20028F5DA20462946E2
:10B390007CBD10B500220A60835CD400A3400C6819
:10B3A000521C2344D2B20B60042AF5D310BD10B551
:10B3B00000214254120A42EA0362491C1B0AC9B224
:10B3C0000429F6D310BD2DE9F04115461E46074667
:10B3D0000024E2002846314601F05AFE3855641C2C
:10B3E000E4B2042CF5D3BDE8F0810000281400205D
:10B3F0001C0002006B4800686F30704769490020EC
:10B400000968B1F86F10002900D001207047654825
:10B41000132100686F3001F06ABEF0B5614A012760
:10B420001368002213F16F0302EB420404EB0214D1
:10B43000E6187468B56844404D402C4307D1348801
:10B440002CB102EB420000EB02101844F0BD521C7C
:10B45000BA42E9DB0020F0BD30B5524901230A6849
:10B4600000216F3201EB410404EB011414446588A0
:10B47000854207D124882CB101EB410000EB01107B
:10B48000104430BD491C9942ECDB002030BD4548DA
:10B490000122016800206F3100EB400303EB001331
:10B4A0000B4400F101001B8823B100B29042F3DB92
:10B4B0000020704780B270472DE9F04316460746DA
:10B4C0008C46FFF7AAFF04002FD1DFF8D890D9F8F7
:10B4D000000000F16F08FFF7DAFF05B2002D24DD50
:10B4E000012D02DD21E0761CB6B23046FFF7B4FF35
:10B4F0000028F8D105EB450000EB051101EB08042D
:10B5000024F8135D66806760C4F808C0D9F800109D
:10B51000B1F85B10A181D9F80010B1F85D10E1819C
:10B52000D9F80000B0F85F0020822046BDE8F08323
:10B5300010B5FFF791FF002804D0BDE8104013219B
:10B5400001F0D5BD10BD10B5FFF767FF002804D08E
:10B55000BDE81040132101F0CABD10BD124A002001
:10B56000D2E90012114300D0012070470E48704705
:10B57000F0B50D4C0125D4E9002382EA000683EAE8
:10B5800001073E4302D01A4302D003E0002501E048
:10B59000C4E900012846F0BD034800210160416074
:10B5A0007047000018140020F81300202DE9F04126
:10B5B0008046FE48FE4C50F8311F4568606801F037
:10B5C0000FFE0746294601F00BFE0146384601F002
:10B5D00091FE216806460D46404601F053FE314675
:10B5E00001F056FE294601F0FBFD054631464FF0BD
:10B5F0007E5001F047FE394601F04AFEC4E9005092
:10B600002846BDE8F08110B5EAA29AB0136800930D
:10B610009288ADF804205B228DF806204268CDF8B0
:10B6200007200288ADF80B20B1F8C011ADF80D105D
:10B6300081788DF80F10017A8DF8101000216C467A
:10B6400000EB410204EB81035289491C02EB8202A8
:10B650005200C3F81120C3F832200829F0DB002083
:10B660008DF852008DF854008DF831008DF853009C
:10B670008DF85500CDF85600CDF85A00CDF85E0093
:10B680005B2206216846F5F7ADFD8DF86200CBA080
:10B6900065210088ADF863006846F5F79FFD1AB094
:10B6A00010BDF0B58BB004462821684601F01FFD9F
:10B6B00000221046134694464FEA0D0104EB430561
:10B6C0008F18AE7A521C06EB86067600FE70D2B258
:10B6D0006E898F1806EB8606C6F3D716FE70521CCD
:10B6E000D2B26D898E1805EB8505C5F3CF35521C96
:10B6F000F570D2B28D18521C5B1C85F803C0D2B213
:10B70000082B01DA202AD9D3AA228DF8002025227D
:10B710008DF8012001228DF8022055228DF8242079
:10B7200000228B5C521C1844C0B2232AF9DB8DF82E
:10B73000230025216846F5F753FD0BB0F0BDA04866
:10B7400070472DE9F05F07460C4601F59475B1F896
:10B75000D281B1F8CA01B1F8C01197F88520491C0F
:10B760004843B4F8F81197F886600844B4F810120A
:10B7700097F884300844B4F812124FF0000B0844D4
:10B78000110A12060E4342EA034246EA134697F8AC
:10B79000833017F8821F42EA032246EA136642EA20
:10B7A000010904F5E07401F0C3FF01F00DFC10EB9A
:10B7B00009004FEA502944F288107141688095F8D9
:10B7C0008400AE1C2871401C85F884002088A5F8F0
:10B7D0000900A5F807806088A5F805001B20E8721D
:10B7E00001F0FF0AD7F8062021884FEA4929A4F57D
:10B7F000E07459B35FF00000C6F80A0094F8D00175
:10B80000B0730B36F5F7F3FBB08008EBC80004EB20
:10B8100080006C49D0F86C0201F03AFD01F0CEFFD7
:10B82000F080152025F8680B0122AA7685F81BB058
:10B83000297F491C29774FEA19216A7741EA0A6171
:10B84000C5E9091BA5F82CB0BDE8F09FB4F8C811F4
:10B8500008F0FF00B2FBF1F301FB1322B4F8C4318E
:10B860005843801A4A0852428242C5DD0844C3E761
:10B8700070472DE9F04F0546B0F9000005278FB05D
:10B880000C460D2806D0152804D06E2802D01021B1
:10B890004DA006E06888A0F58241883904D01021C7
:10B8A0004EA0F5F790FC72E1E87A1A2804D01B2824
:10B8B000F9D01C28F7D13EE0287B84F8D001B5F8F8
:10B8C0000900A4F8D201D5F88200C4F8D80195F88F
:10B8D000860084F8DC0121462846FFF732FF04F594
:10B8E00094750027F8F7FCF928880022A91CF7F7BF
:10B8F0007FFA002228881146F7F7A1FAD5F88C00C4
:10B9000008B1F8F76FF995F88500800707D5D5F8E5
:10B910009000F7F7F5FFB5F89400F8F740FA95F8BE
:10B920008500F8F764F918B10127102130A0B8E7B5
:10B93000062020602BE1B5F80990B4F8D2114945F2
:10B940007ED195F85D10B4F8C001C140C90777D029
:10B95000297B94F8D0219142F2D1D5F88210C4F815
:10B96000E81195F8861084F8EC11D5F80DC0D5F8DB
:10B97000118005EBC000CDF8348050F815EF09EBCD
:10B98000C9014068059004EB8106D5F85920D5F827
:10B990005510CDE90A12D4E97810D4E97638089325
:10B9A000D4E97A320B278246C3462BE0880B00206D
:10B9B00000140020436D644D3A3400000D0A00006D
:10B9C000702400200000C8427265637620657272A0
:10B9D0006F72206D7367310A000000007265637634
:10B9E000206572726F72206D7367320A000000006A
:10B9F00073656E642072657370206661756C740A7D
:10BA0000000000000693DDF834800598BEEB0C03BF
:10BA100060EB0800C0B2CDE90C30089B06F5147647
:10BA2000CB1A6AEB0B009B46069BC0B2591A62EB1D
:10BA30000A020990D0B28A46DDE90A21079000E0A7
:10BA4000A4E00598B2EB0E0861EB0001C9B20591C4
:10BA50005846099901F045FE02904046059901F0CB
:10BA600040FE029901F014FC02905046079901F043
:10BA700038FE0490DDE90C0101F033FE049901F079
:10BA800007FC029901F0FEFB02905846099901F06B
:10BA900028FE83465046079901F023FE594601F0DF
:10BAA0009FFB82464046059901F01BFE8046DDE97A
:10BAB0000C0101F016FE414601F092FB0146504692
:10BAC00001F08EFB0146029801F014FC01F05DFECE
:10BAD00001F0F9FD01F0FBFEFC4AFD4B01F0FBFC1F
:10BAE00001F038FFDFF8EC830490D8F83D0001F056
:10BAF000EEFE82468B46D8F8390001F0E8FE80461B
:10BB00000391049801F0E3FE0022F34B01F0E3FC03
:10BB10004246039B01F0DFFC52465B4601F034FCD9
:10BB200001F018FFED4901F0E5FBF061FFF73EFD84
:10BB30003062A6F80090287BB07000F023FA7060A5
:10BB400095F85D003081102205F15E0106F10A00D2
:10BB500001F0B4FAF5F717FC40B121463046FFF783
:10BB600052FD21463046FFF79CFD02E03046F5F7D6
:10BB70000DFCB9F1000F0AD1D949F06901F088FB39
:10BB8000F5F71CFED749F069086000E006270FB002
:10BB90003846BDE8F08F70B5D34D05F5947495F82F
:10BBA000AA0101280BD104F18600F7F770FCD4F844
:10BBB0008600C5F8E00194F88A0085F8E4010120C8
:10BBC00084F8830070BDF8B5C74D074695F8240189
:10BBD000D5F82061801BC043C00720D06846F7F726
:10BBE000EFF9C6EBC60000EB800005EB80040834DB
:10BBF00000F0C8F9C4F8880004F18200F7F792FC5D
:10BC0000F8887F2800D37F20208081B20022A01CEA
:10BC1000F7F741F90120B043C5F82001F8BDB3A002
:10BC2000F6F73CF8F8BD10B50020F8F7B8F8BDE815
:10BC300010400020F8F76FB810B50020F8F7AFF803
:10BC4000BDE810400020F8F766B82DE9F041044641
:10BC500000F0E0FA054607262168002039B10629E0
:10BC600052D0012707295CD008297FD163E0B5F8BD
:10BC70001310A4F8C211E989A4F8C0116968C4F8C6
:10BC8000C411A968C4F8C811A989A4F8CC110A2163
:10BC9000A4F8C411B5F81710A4F8C61101EB81017E
:10BCA0004900A4F8C81184F8D001FF20A4F8D201FB
:10BCB0002888F7F792F86888F7F795F806210020AA
:10BCC000F7F793FCB5F81300F7F7A8FCE889F7F746
:10BCD000AAFC0020F7F714FE0020F8F760F8B5F88A
:10BCE0002900012801D0012000E00020F6F79BFC8C
:10BCF000B5F82900012805D05FF00000F6F79CFC9C
:10BD0000266033E00320F9E794F8AB11012906D14E
:10BD100084F8AB0194F8AA11012900D12660606073
:10BD200024E000206760F7F7F6FF0020F8F737F807
:10BD3000082020601AE094F82001D4F82451401B18
:10BD400000F00100002810DDC5EBC50000EB80000D
:10BD500004EB800021460830FFF78BFD00B1266020
:10BD60006D1C05F00100C4F824016760606848E4B8
:10BD700010B55D4C002060602046FFF766FF00288C
:10BD8000FAD010BDFFF7F4FFF5F7FDF8FAE7F0B5CC
:10BD900087B0554D00F03EFA06464FF4DA6128466A
:10BDA00001F0A5F9002406F161072C60B879009034
:10BDB0007878019078790390F8780490F87A10F008
:10BDC0000B0003D0397B0820891C884002900D208D
:10BDD000059005F5F871684601F00EF815200590FC
:10BDE00005F50471684601F007F86E20059005F529
:10BDF0000C71684601F000F800F0EFF900F024F94A
:10BE000000F0D6F8022000F0C8F84FF4FA7500BF31
:10BE1000F7F799FD0028FBD005E038A0F5F73EFFC5
:10BE2000284600F0BAF80020F6F755FA401CF4D086
:10BE300086F86E4086F86C4005E035A0F5F72EFFD9
:10BE4000284600F0AAF83846F6F716FE0028F4D186
:10BE50003448F6F77DFC0320F7F788FE0094AFF234
:10BE60002723AFF23D22AFF2A121AFF2D5200194FA
:10BE7000F7F758FD012200212B48F7F7AAFF07B07A
:10BE8000F0BD00B595B0402104A801F030F911488B
:10BE900090F87F00012861D0244800BF01F017FD11
:10BEA000CDE90201224823A2006890F861100091B8
:10BEB000C389402104A802F09FFA402803D281B22E
:10BEC00004A8F5F780F915B000BD47E01329AA15BD
:10BED0003236733F880B002000408F4000007A44C8
:10BEE0000000C8420000002070240020CAFDD7E9ED
:10BEF000D2E7B3F620B4EDCEF30A0000494E495420
:10BF0000204641494C4544202020202000000000CC
:10BF1000434F4E464947204641494C454420202046
:10BF2000202000001C14002080D0230400805444F2
:10BF30001814002049443A256420BDC7C9AB3ABB58
:10BF4000F9D5BE20D0C5B5C03A256420CBD9C2CA28
:10BF5000A3BA252E31664D0D0A00000008489DE762
:10BF600010B5FFF714FFBDE8104000F041B9F5F738
:10BF70009DFBFFF7F5FFFFF784FFFFF703FF0000CE
:10BF80009A99D9409E48006870479D490A681044B4
:10BF90000A68121A002AFBDD7047F6E700EB400042
:10BFA0008100002001E000BF401C8842FBD37047A5
:10BFB000F8B50124ADF8004010208DF80300914E33
:10BFC00003258DF8025069463046FBF7B4FB01218A
:10BFD0003046FBF720FCADF8004000208DF8030050
:10BFE0008DF8025069463046FBF7A5FB0220FFF7AB
:10BFF000CCFFF8BD30B5844D044685B02846FBF72C
:10C0000085FF0021ADF800104FF48270ADF80200FA
:10C01000ADF808106815ADF80A00ADF80410ADF8D9
:10C020000C400720ADF80610ADF80E10ADF810006A
:10C0300069462846FBF78EFF01212846FCF707F8E2
:10C0400005B030BD2020D5E70020D3E710B56D4CFA
:10C0500010212046FBF7DFFB0120FFF796FF1021A0
:10C060002046FBF7D6FBBDE8104007208DE78CE7A4
:10C070006649024600200968114200D0012070473D
:10C080007FB5012500245F4A0826ADF8085030B37B
:10C0900004208DF80B0002A91046FBF74CFB002191
:10C0A0000846FBF700FC8DF804408DF8056000950C
:10C0B0008DF806506846FBF743F84FF44070FAF7E6
:10C0C000F5FE06208DF80C000F208DF80D008DF880
:10C0D0000E408DF80F5003A8FAF7EDFE7FBD8DF8E6
:10C0E0000B4003208DF80A0002A91046FBF723FB42
:10C0F0008DF804408DF8056000958DF8064068467F
:10C10000FBF71EF87FBD2DE9F041984615460F4616
:10C1100006460024F8F7F4F902463A481023143092
:10C120000360394806E0395D81810189C907FCD087
:10C130008189641CB442F6DB002107E018F8014055
:10C1400084810489E407FCD08489491CA942F5D381
:10C150002C48103003601046F8F7E3F90020BDE8E2
:10C16000F0812DE9F0411D46164688460746002419
:10C17000F8F7C6F90246234810231430036022481A
:10C1800009E000BF18F8041081810189C907FCD0BB
:10C1900081892970641CBC42F4DB00210C4606E056
:10C1A00084810789FF07FCD087896F54491CB142FD
:10C1B000F6D31448103003601046F8F7B2F90020A7
:10C1C000CDE710B5124C01E0F7F7C6FB2021204661
:10C1D000FBF70BFB0028F7D110BD4FF0E0214FF427
:10C1E0000000C1F88001BFF34F8FBFF36F8F70471E
:10C1F0004FF0E0214FF40000C1F80001704700004B
:10C2000014140020000801400030014000040140E7
:10C21000000C01400E480068704738B50C490D48C5
:10C22000A0F118040860B4F85B000090B4F859302D
:10C2300034F9472F0848B4F90210F5F72FFDB4F888
:10C240004220B4F84010BDE8384004A0F5F726BD00
:10C2500018140020A00B0020F00F0108736C6F74FD
:10C260003A25642C616464723A253034580A00001F
:10C27000FE4870472DE9F041044690F8D101401E78
:10C2800040B284F8D101002805DA002901D003204A
:10C290002060BDE8F081D4E97856B4F8CA11C0F145
:10C2A0000800484301F033FA00F08EFE401941EBDC
:10C2B0000607450AB4F86A026D02963001F038FAB2
:10C2C00000F0A2FE01F0ADFA86B2280A40EA07604B
:10C2D000F7F788FC3046F7F762FD0120F7F71BFD02
:10C2E0000820D5E770B504460025F7F7F9FC20884B
:10C2F0000022A11CF6F77CFD002220881146F6F7EB
:10C300009EFDD4F88C0008B1F7F76CFC94F885001A
:10C31000800707D5D4F89000F7F7F2FAB4F8940044
:10C32000F7F73DFDD4F88C0000B1012094F885109A
:10C330000843F7F75CFC00B10125284670BD70B5D5
:10C34000CA4C04F5947504F5D770F7F7A0F895F882
:10C35000820088B9082084F8D101002084F8D20135
:10C36000D5F88600C4F8E00195F88A0084F8E40165
:10C3700000212046FFF77EFF012085F8830070BD75
:10C38000F8B5BA4D074695F82401D5F82061801B11
:10C39000C043C00727D06846F6F712FEC6EBC600BA
:10C3A00000EB800005EB80040834FFF7EBFDC4F8D8
:10C3B000880004F18200F7F7B5F8F8887F2800D3E9
:10C3C0007F20208081B20022A01CF6F764FD0120AE
:10C3D000B043C5F8200195F8AA01002803D1002137
:10C3E0002846FFF747FFF8BDA04890F8AA1100299A
:10C3F00001D101213EE77047F6E730B504469CA025
:10C400009BB0016800918088ADF804005B208DF836
:10C410000600FFF7B7FDCDF80700B4F8C001002112
:10C42000ADF80B00ADF80D1094F8D0018DF80F00A9
:10C4300094F8D2018DF810000A466D4604EB4200D4
:10C44000B0F8860100EB8000430005EB8200521C2F
:10C45000C0F81130C0F83230082AEFDB8DF85210E6
:10C460008DF854108DF831108DF853108DF855104B
:10C47000CDF85610CDF85A10CDF85E105B2206218B
:10C480006846F4F7AFFE8DF862007BA06521008856
:10C49000ADF863006846F4F7A1FE65216846F4F73D
:10C4A0009DFE1BB030BDF0B58BB004462821684618
:10C4B00000F01DFE00221046134694464FEA0D017F
:10C4C00004EB43058F1895F88661521C06EB86062F
:10C4D0007600FE70D2B2B5F886618F1806EB86063C
:10C4E000C6F3D716FE70521CD2B2B5F886518E181C
:10C4F00005EB8505C5F3CF35521CF570D2B28D180A
:10C50000521C5B1C85F803C0D2B2082B01DA202A2A
:10C51000D6D3AA228DF8002025228DF801200122F1
:10C520008DF8022055228DF8242000228B5C521CAD
:10C530001844C0B2232AF9DB8DF823002521684670
:10C54000F4F74EFE0BB0F0BD2DE9F0470446FFF7BF
:10C5500061FE21680646052700254FF0060904F50F
:10C5600094704FF001080A294ED2DFE801F0055E11
:10C570004D934DECB84DF450B6F81300A4F8C20139
:10C58000F089A4F8C0017068C4F8C401B068C4F8A8
:10C59000C801B089A4F8CC010A20A4F8C401B6F8F7
:10C5A0001700A4F8C60100EB80004000A4F8C80101
:10C5B00084F8D05184F8D15184F8D251C4F8D451C0
:10C5C0003088F6F70AFC7088F6F70DFC062100208B
:10C5D000F7F70BF8B6F81300F7F720F8F089F7F73C
:10C5E00022F8B6F82900012801D0012000E000203F
:10C5F000F6F719F8B6F82900012806D05FF0000018
:10C60000F6F71AF8C4F80080BDE00320F8E794F8C4
:10C6100031020A2802D0C4F80480B4E084F8315210
:10C6200084F83052C4E90085ADE0811C44F28812E0
:10C6300021F8012B90F884204A70B4F8C021CA80F8
:10C640004FF6FF728A80B4F8C2214A801A220A7219
:10C6500094F8D021521C84F8D0214A720D2120F880
:10C66000681B8576C576017F491C07E0402B0020BA
:10C67000436D644D3A3400000D0A000001774577A0
:10C680004562856285856838FFF72CFE20B3FEA0E1
:10C6900027600CE094F8D21161B10546214600F004
:10C6A0005BF92846FFF71EFEB0B1FBA02760F5F747
:10C6B000F5FA68E04FF0E0264FF400052760C6F871
:10C6C000805106F5C076BFF34F8FBFF36F8FF7F73A
:10C6D00007FB46F8805C56E0C4F8009053E094F8FD
:10C6E000AB0101282DD184F8AB5194F8AA0108269A
:10C6F00010B1022825D101E0266022E02760F4F77E
:10C7000042FE30B12046FFF778FE2046FFF7CBFE11
:10C710000EE0E549002000BF04EB4002B2F886219C
:10C7200021F81020401C0828F6DBDF48F4F74CFE07
:10C7300084F8D16184F8D251102104F5C37000F05F
:10C74000D6FC65601FE0092020600220606084F84C
:10C75000308218E0FFE794F82001D4F82451401B00
:10C7600000F0010000280EDDC5EBC50000EB8000E5
:10C7700004EB80002146083000F044F96D1C05F000
:10C780000100C4F824016068BDE8F08770B5C74CAB
:10C79000002565602046FFF7D7FE0028FAD0022862
:10C7A00014D094F8320201280FD100BFFFF7EAFB42
:10C7B000D4F83812884208D384F832520A2084F818
:10C7C0003102FFF7DFFBC4F83C0270BDFFF722FD2A
:10C7D000B4F8C811D4F8D4010844C4F83402D4F829
:10C7E0003C120844C4F83802012084F83202C4F82C
:10C7F000D451DBE7FFF7CAFFF4F7C5FBFAE7F0B562
:10C8000087B0AA4CFFF706FD06464FF42871204674
:10C8100000F06DFC002506F161072560B8790090F5
:10C820007878019078790390F8780490F87A10F08D
:10C830000B0003D0397B0820891C884002900D2012
:10C84000059004F51071684600F0D6FA15200590A1
:10C8500004F51871684600F0CFFA6E20059004F5D3
:10C860002071684600F0C8FAFFF7B7FCFFF7ECFB51
:10C87000FFF79EFB0220FFF790FB4FF4FA7400BF16
:10C88000F7F761F80028FBD005E089A0F5F706FA74
:10C890002046FFF782FB0020F5F71DFD401CF4D079
:10C8A00086F86C5005E087A0F5F7F8F92046FFF709
:10C8B00074FB3846F6F7E0F80028F4D18648F5F71F
:10C8C00047FF0320F7F752F90095AFF2D343AFF2D9
:10C8D000E742AFF25351AFF299500195F7F722F8C2
:10C8E000012200217D48F7F774FA07B0F0BD00B5CA
:10C8F00095B0402104A800F0FAFB794890F87F0039
:10C90000012818D0774800BF00F0E1FFCDE902010F
:10C91000754876A2006890F861100091C3894021A3
:10C9200004A801F069FD402803D281B204A8F4F7FD
:10C930004AFC15B000BD7748E6E710B5FFF75FFF8A
:10C94000BDE81040FFF754BCF4F7B0FEFFF7F5FF69
:10C95000FFF7CDFFFFF74EFF2DE9F0410D460446EE
:10C96000D5E97878B1F8CC0101F5E07500F0E0FE8A
:10C9700000F02AFBC01941EB08064FEA5028A71C1B
:10C9800044F2881027F8020B94F8840007F8010B92
:10C990002888B8804FF6FF707880688838801C201F
:10C9A000B871287CF871D5E90801B860F9604FEAE0
:10C9B0004828A889683400F0BBFE00F005FB4A4A0D
:10C9C000126853880022C018D5E9083C5141C018AC
:10C9D00041EB0C0138657965A87C87F858006E201A
:10C9E00024F8680C0220A076E276207F401C207795
:10C9F000012060774FEA182040EA0660C4E9090286
:10CA0000A28546E4F0B5C27A1B2A3BD10288152ADA
:10CA100038D1B0F80730B1F8C041821CA3427FD1B1
:10CA2000937B91F8D041A3427AD1B2F8075001F537
:10CA3000947405F007033DB9D2F80A50C1F8D451F7
:10CA4000B2F80F50A1F8D85191F8D25101269E406A
:10CA5000354381F8D25101EBC30600F1800550F84F
:10CA6000827FC6F8E871007986F8EC01A41C04EB1B
:10CA7000C300D5F80260C0F81360AD79C575B2F88F
:10CA8000110049E04CE00000B7A2CBCD706F6C6C98
:10CA9000CAA7B0DC0A000000B7A2CBCD66696E6100
:10CAA0006CCAA7B0DC0A000014160020402B00203E
:10CAB000494E4954204641494C45442020202020DD
:10CAC00000000000434F4E464947204641494C452F
:10CAD00044202020202000001C14002080D02304AB
:10CAE000880B0020008054441814002049443A2543
:10CAF0006420BDC7C9AB3AB1EAC7A920D0C5B5C04B
:10CB00003A256420CBD9C2CAA3BA252E31664D0D71
:10CB10000A0000009A99D94004EB4302A2F85C0095
:10CB200091F9D101401C05D191F8AA01002801D149
:10CB300003200860F0BD0000F0B5A9B005460E4620
:10CB4000A021684600F0D3FA45F65A2280A1684633
:10CB500001F06AFC0746684600F0E6FA6C4620449D
:10CB60002B4632467CA101F05FFC684600F0DCFAFF
:10CB7000C21B7FA1A01C01F057FC7B20E05568463A
:10CB800000F0D2FA20447CA101F04EFC684600F08F
:10CB9000CBFA81B26846F4F716FB29B0F0BD70B548
:10CBA000AEB02A22DDE936568DF814201B228DF80E
:10CBB0001520020C34998DF81620ADF817001C468C
:10CBC000084600F0E2FDCDF81900204600F0DDFD3A
:10CBD000CDF81D00ADF821500020CDF82300CDF890
:10CBE0002700280CADF82B00ADF82D60300CADF807
:10CBF0002F0023208DF832000DA804900F2209A9E0
:10CC0000684600F05BFA0DF1140C9CE80F00F4F795
:10CC10003EFB0446C1B20DA8F4F7E0FAE1B20DA85C
:10CC2000F4F7DEFA2EB070BD0FB44FF480712DE929
:10CC3000F043C7B006A800F05AFA50480068B0F8B0
:10CC4000430080B1012809D1182252A9684600F09A
:10CC500035FA4EAC94E80F00FFF7A1FF47B0BDE8EE
:10CC6000F0035DF814FB45F65A2239A106A801F03D
:10CC7000DBFB054606A800F057FA06AC204440A1AD
:10CC800001F0D2FB06A800F04FFA4F990091204422
:10CC90009DF83A31BDF838213CA101F0C5FB53980D
:10CCA00000F073FD8146529800F06FFD8046509869
:10CCB00000F06BFD0746519800F067FD064606A898
:10CCC00000F032FA20443B46324638A1CDE90089D3
:10CCD00001F0AAFB559800F058FD064606A800F0A2
:10CCE00023FABDF95A11BDF95E31BDF95C218DE819
:10CCF0000E002044BDF85831324635A101F094FBB6
:10CD000006A800F011FA20443AA101F08DFB06A814
:10CD100000F00AFA421B16A1A01C01F085FB7B2043
:10CD2000605506A800F000FA204413A101F07CFB36
:10CD300006A800F0F9F9C1B206A8F4F74FFA06A860
:10CD400000F0F2F9C1B206A8F4F74AFA86E700004B
:10CD50004A532530345800007B224E657754616772
:10CD6000223A222530386C582530386C58227D0004
:10CD700025303458000000000D0A0000181400206F
:10CD80007B22545752223A20000000007B2261315E
:10CD900036223A2225303458222C2252223A256457
:10CDA0002C2254223A25642C000000002244223A0E
:10CDB00025642C2250223A25642C2258636D223A95
:10CDC00025642C2259636D223A25642C0000000052
:10CDD000224F223A25642C2256223A25642C2258CE
:10CDE000223A25642C2259223A25642C225A223ACE
:10CDF00025647D007D0000002DE9F04706460C46C5
:10CE00004FF00008406900F082FC032200F044FC6F
:10CE10000F4605460022604B00F0CFFB00F09AFD64
:10CE200002F0B4FA00F053FD00225C4B00F053FB1B
:10CE30000B4602462846394600F0A6FA00F08AFD65
:10CE4000574F316811B101294BD101E0554900E03C
:10CE5000554900F01DFA8146F06802280DD00820DF
:10CE6000824670680E283CD2DFE800F03B1D1109B5
:10CE70003B1A0F3B3B170C3B3B141020F0E74FF0E5
:10CE80008B4512E04FF08A450FE0484D0DE04FF022
:10CE900089450AE04FF0884507E04FF0874504E0F8
:10CEA0004FF0864501E04FF08545B06800280DDD64
:10CEB00000F009FC00F00BFD3D4A3E4B00F00BFB7F
:10CEC000012200F0E9FB00F045FD804630690928A9
:10CED00009DA504600F0F7FB294600F081F936499F
:10CEE0000AE0AFF30080192809DA504600F0EBFBA6
:10CEF000294600F075F9314900F0CAF9054628467F
:10CF000000F05CFC2080404600F058FC60802C4E15
:10CF10002C4800F053FCA0803146484600F0EAF966
:10CF200000F04CFCE0803946484600F059F93146A3
:10CF300000F0E0F900F042FC80B2208100F0CCFB70
:10CF400006464146284600F04BF9314600F048F9C4
:10CF500000F034FC80B2608100F0EAFB00F054F88D
:10CF600000F05FFCA081608900F0E2FB00F02CF88B
:10CF7000C4E90401227C2276020A42EA0162627656
:10CF8000020C42EA0142000EA27640EA0120E0765D
:10CF9000207D2077BDE8F08700A074400000484065
:10CFA000E144A8467B348044C33500430000C044BC
:10CFB0000D71AC8BDB68E03FEA5B7E3FB341823FA3
:10CFC00000007A44B94EAC4110B52C4A2C4B00F00D
:10CFD000F4FA00222B4B00F0F0FABDE8104000F00C
:10CFE0005EBC10B500F0C5FBBDE81040234A244BE1
:10CFF00000F071BA10B5214A214B00F0DEFA00F0C2
:10D000004EFC01F00F0110BD1F4A204B00F0D5BAB5
:10D01000417919B1012901D0022901D0092100E08B
:10D02000112142780E2A16D2DFE802F015070C15FE
:10D0300015070C1515070C151507130940229A4002
:10D04000114406E013094FF400729A40114401F5AF
:10D05000007109B201E001F580518078012807D004
:10D06000022807D0032801D0083904E0091F02E094
:10D07000103900E0203908B270470000FA48CE3B72
:10D080001835B13D80842E410D71AC8BDB68F03FCB
:10D09000202A04DB203A21FA02F00021704721FA0D
:10D0A00002F3D040C2F12002914008431946704774
:10D0B000A0F16101192900D82038704740EA010326
:10D0C0009B0703D009E008C9121F08C0042AFAD23E
:10D0D00003E011F8013B00F8013B521EF9D2704702
:10D0E000D2B201E000F8012B491EFBD270470022AA
:10D0F000F6E710B513460A4604461946FFF7F0FF57
:10D10000204610BD30B505462A460B4612F8010BE5
:10D1100013F8014B08B1A042F8D01CB1002802D08E
:10D120006D1CF1E7284630BD421C10F8011B002998
:10D13000FBD1801A704730B504460020034600E05A
:10D140005B1C934203D2E05CCD5C401BF8D030BD49
:10D150002DE9F05F93460F4680460446002601F015
:10D16000A1F9D0F80090824614F8015B2DB100F0CF
:10D170007FFC0068405DC007F6D12B2D02D02D2D1D
:10D180001AD0641E0021CAF800105A4639462046BB
:10D1900000F07BFC014627B13868A04201D1C7F8F6
:10D1A0000080DAF80000022809D0CAF80090700563
:10D1B00005D54842BDE8F09F46F48066E2E70846A0
:10D1C000F8E700F037BD70B5064601F06BF904686A
:10D1D00005460A220021304600F0F4FC2C6070BDA8
:10D1E000F0B480EA0102D40F4200B2EB410F02D248
:10D1F0000246084611464A0042D0C30DDDB2C1F3D3
:10D20000C752AD1A202D35DAC1F3160141F40002E0
:10D2100004B15242C5F1200602FA06F12A41104437
:10D22000B3EBD05F23D0C4B1012DA0EBC35009DC18
:10D23000F0BC4FF0004202EAC352DBB200F500003E
:10D2400000F03FBD400000F1807000EBC350A0F142
:10D25000807040EAD170490009E0490841EAC07194
:10D26000A0EBC35000F50000400800EBC350F0BC39
:10D2700000F01EBD6142012202EB4101001BF6E7F6
:10D28000F0BC704781F00041AAE780F00040A7E7BA
:10D2900080EA010210B502F00043400022D04A00AB
:10D2A0001FD0010E01EB1261C0F35600C2F356020B
:10D2B00040F4000042F40002A0FB022000047F3989
:10D2C000140400D0401C50EA124001D44000491E12
:10D2D000C2B20C0604EBD010401C4008802A02D0D9
:10D2E00003E0002010BD20F00100002900DA00203A
:10D2F000184310BD30B480EA010202F0004530F05E
:10D30000004221F0004013D090B1C30DD40DC2F300
:10D310001601C0F31600E41A41F4000140F40002C3
:10D320007D34914201D3641C00E04900002C02DAF4
:10D3300030BC002070474FF400000023914201D31D
:10D34000891A034340084FEA4101F7D151B1914294
:10D3500002D14FF0004105E002D24FF0010101E09F
:10D360006FF0010103EBC450284430BC00F0A0BCB6
:10D37000420005D0C0F3C7525242914201DC002066
:10D38000704700EBC15070472DE9FE4F804681EA9F
:10D390000300C00F0C46009021F0004123F000452F
:10D3A000B8EB0200A94105D24046214690461C46F2
:10D3B0000B46024623F00040104347D0270DC7F329
:10D3C0000A00C3F30A510290401A019040286BDA18
:10D3D000C3F3130040F4801B0098924620B1002351
:10D3E000D2EB030A63EB0B0B01985946C0F14002E4
:10D3F000504600F01CFB06460D4650465946019A21
:10D4000000F024FB10EB08006141002487EA115270
:10D4100084EAE7731A4340D0009A62B3019A012A62
:10D420004FEA075215DC001B61EB02014FF000428E
:10D4300002EA0752CDE90042001C41F58011324654
:10D440002B4600F07BFC03B0BDE8F08F4046214640
:10D45000F9E7001B61EB0201001C41F58013001885
:10D460005B412018A2F5001747EB030140EAD57095
:10D47000B6196D4111E06D084FEA360645EAC075F0
:10D480004FEA0752001B61EB0201001C41F58011BD
:10D4900049084FEA30000019514132462B4603B08B
:10D4A000BDE8F04F00F03BBC009801224000002393
:10D4B000D0EB020263EBE073009821464FEAE07480
:10D4C000B8EB000061EB0401E9E783F000435BE7A0
:10D4D00081F0004158E72DE9FE4F81EA030404F092
:10D4E000004421F0004100944FF0000B23F0004372
:10D4F00050EA01045ED052EA03045BD0C3F30A543D
:10D50000C1F30A552C44A4F2F3340194A0FB025455
:10D51000C1F3130141F48011C3F3130343F48013E7
:10D5200001FB024400FB034E840A970A44EA81543B
:10D5300047EA8357A4FB076802958D0A05FB078518
:10D540004FEA932C04FB0C542705029D4FEA065822
:10D5500047EA1637B5EB08056EEB070C870E920EFF
:10D5600047EA811742EA8312A7FB0201B6EB0B01DF
:10D5700064EB00042B0D43EA0C335E1844EB1C50A3
:10D58000DA465146E7FB0201C5F313044FEA0B33B9
:10D5900043EA14534FEA0432019C43EA0603A4F120
:10D5A0000C040294009CCDE900B400F0C7FB03B06A
:10D5B000BDE8F08F00200146F9E72DE9F04D81EA42
:10D5C000030404F0004B21F0004514464FF0000A1C
:10D5D00023F0004150EA050220D054EA01021DD098
:10D5E000C5F30A570246C5F31303C1F31300C1F391
:10D5F0000A5640F4801543F48013A7EB0608101B6D
:10D60000D64608F2FD3873EB050002D308F1010895
:10D6100001E092185B41B8F1000F03DA00200146E7
:10D62000BDE8F08D00204FF48011064684460EE0E0
:10D63000171B73EB050705D3121B63EB05030643AA
:10D640004CEA010C49084FEA300092185B4150EA5D
:10D650000107EDD152EA030012D082EA040083EA06
:10D660000501084305D0101BAB4106D2012200235F
:10D6700006E000224FF0004302E06FF00102531079
:10D680001AEB06004CEB085110EB0A0041EB0B01C2
:10D69000BDE8F04D00F043BB70B521F000430343FB
:10D6A0000CD0C1F30A550024D5EB040564EB040348
:10D6B000D617AD1AB34102DB0020014670BD201819
:10D6C00041EB025170BDC10F80EAE0700844CA0707
:10D6D0009623002100F0F5BA96230022114600F0AF
:10D6E000F0BAF0B4CA17CB0F50405140C61841F100
:10D6F00000054FEAC372314628004FF0960303D06D
:10D70000B623F0BC00F0DDBA30460021F9E70EB5D3
:10D71000C10F80EAE0700844CA07002140F2334399
:10D720008DE80E000A460B4600F008FB03B000BD72
:10D730000EB540F2334102910021CDE900110A46B5
:10D740000B4600F0FBFA03B000BD3EB5CA17CB0F85
:10D75000002450405140C0186141DA0740F2334381
:10D760000094CDE901232246234600F0E7FA03B0F6
:10D7700030BD0EB540F2334202920022CDE90022C4
:10D78000134600F0DBFA03B000BD00F0004220F0C9
:10D790000040C10DC0F3160040F400007F2901DAFB
:10D7A00000207047962903DCC1F19601C84001E0D2
:10D7B00096398840002AF4D04042704720F000405B
:10D7C000C10DC0F3160040F400007F2901DA0020EB
:10D7D0007047962903DCC1F19601C840704796391D
:10D7E0008840704770B5C1F30A5201F0004500242B
:10D7F000C1F3130140F2FF3341F480119A4201DA80
:10D80000002070BD40F233439A42A2F2334203DC5F
:10D810005242FFF73DFC00E090402C43F1D04042E3
:10D8200070BDC1F30A5210B5C1F3130140F2FF33CA
:10D8300041F480119A4201DA002010BD40F23343D6
:10D840009A42A2F2334203DC5242FFF721FC10BDA0
:10D85000904010BD70B5C1F30A5201F0004500249C
:10D86000C1F3130140F2FF3341F480119A4202DA0E
:10D870000020014670BD40F233439A42A2F2334287
:10D8800003DC5242FFF704FC01E000F0D0F82C4327
:10D89000F0D00023D0EB030063EB010170BDC1F3B6
:10D8A0000A52C1F3130140F2FF3341F480119A424E
:10D8B00002DA00200146704740F233439A42A2F256
:10D8C000334202DC5242FFF7E3BB00F0B0B800F095
:10D8D000004230F000400AD0C10D01F56071C0F384
:10D8E000160042EA0151C208400711437047002068
:10D8F0000146704730B5041E71F1000404DB4FF09F
:10D900000044404264EB0101141E73F1000405DB86
:10D910001C464FF00043524263EB04038B4208BFA6
:10D92000824230BD30B5041E71F1000404DB4FF0BB
:10D930000044404264EB0101141E73F1000405DB56
:10D940001C464FF00043524263EB0403994208BF68
:10D95000904230BD01F0004330B421F0004150EA64
:10D96000010206D00A0DA2F56072C1F31301002A6C
:10D9700002DC30BC00207047440F44EAC104C100FF
:10D98000E01830BC00EBC25000F092B9002801DB77
:10D99000C0F10040002901DBC1F10041884270471D
:10D9A00030B50B46014600202022012409E021FA6F
:10D9B00002F59D4205D303FA02F5491B04FA02F56C
:10D9C0002844151EA2F10102F1DC30BD2DE9F05F03
:10D9D0000546002092469B468846064681464024DE
:10D9E0001BE02846414647462246FFF751FB534677
:10D9F0005A46C01A914110D311461846224600F0EB
:10DA000016F82D1A67EB01084F4622460120002127
:10DA100000F00DF817EB00094E41201EA4F101049F
:10DA2000DFDC484631462A464346BDE8F09F202ABF
:10DA300004DB203A00FA02F1002070479140C2F165
:10DA4000200320FA03F3194390407047202A06DB95
:10DA5000CB17203A41FA02F043EAE07306E041FABC
:10DA600002F3D040C2F120029140084319467047AA
:10DA700000487047740C010810B50446FFF7F8FF22
:10DA80000068005D00F0010010BD2DE9F05F8246E6
:10DA90000078002715468B460AF10104B946302864
:10DAA00001D09DB113E014F8010B0127782803D0B1
:10DAB000582801D045B10AE00DB1102D07D100273B
:10DAC000102514F8010B02E0082500E00A250026C5
:10DAD000B0460EE005FB080005FB06F1012701EB4F
:10DAE00010461FFA80F8B6F5803F00D3B94614F807
:10DAF000010B294600F016FA0028EBDABBF1000F03
:10DB000005D00FB1641E00E05446CBF80040B9F1D7
:10DB1000000F06D000F0C6FC02210160C81EBDE85F
:10DB2000F09F48EA0640FAE70FB4002300B589B039
:10DB30000CA900910B996FF00042CB601E4B06932D
:10DB40001E4B07930423CDE901321D4A0892024679
:10DB50006B46002000F088FA09B05DF814FB70B540
:10DB600086B006464FF0FF300091CDE9010100205C
:10DB700015460C4604903246694604A8FFF7D4FFC8
:10DB800002460498211825B108B1084600E0204655
:10DB90002860049800280DD0002A02DD00988842F1
:10DBA00008D0081B0094CDE901043246694604A858
:10DBB000FFF7BAFF06B070BDA1E20008BFE200089F
:10DBC00079DA00082DE9F04791460F468046044671
:10DBD000002614F8015B2DB1FFF74AFF0068405D95
:10DBE000C007F6D12B2D02D02D2D18D0641E4A4629
:10DBF00039462046FFF749FF27B13968A14201D1D4
:10DC0000C7F8008071054FF002040BD54042002890
:10DC100003DD00F047FC0460A007BDE8F08746F490
:10DC20008066E4E70028F8DA00F03CFC04606FF05E
:10DC30000040F2E72DE9F05F93460F468046044628
:10DC4000002600F02FFCD0F80090824614F8015B0B
:10DC50002DB1FFF70DFF0068405DC007F6D12B2DF9
:10DC600002D02D2D1FD0641E0021CAF800105A4684
:10DC70003946204600F034FB024627B13868A042FE
:10DC800001D1C7F80080DAF8000002280ED0CAF8E7
:10DC9000009070050AD500200346D2EB000063EB2C
:10DCA0000101BDE8F09F46F48066DDE71046F8E725
:10DCB0000029A8BF7047401C490008BF20F00100A0
:10DCC000704710B4B0FA80FC00FA0CF050EA01047E
:10DCD00004BF10BC704749B1CCF1200421FA04F410
:10DCE00011FA0CF118BF012121430843A3EB0C01E9
:10DCF000CB1D4FEA00614FEA102042BF002010BC4C
:10DD0000704700EBC35010440029A4BF10BC7047FB
:10DD1000401C490008BF20F0010010BC704710B53E
:10DD2000141E73F1000408DA401C41F1000192183E
:10DD30005B411A4301D120F0010010BD2DE9F04DE7
:10DD400092469B4611B1B1FA81F202E0B0FA80F23C
:10DD500020329046FFF76BFE04460F4640EA0A0069
:10DD600041EA0B0153465A46084313D0114653EA81
:10DD7000010019D0C8F140025046FFF789F9054665
:10DD80000E46504659464246FFF751FE084305D01D
:10DD9000012004E020463946BDE8F08D002005430F
:10DDA00046EAE0762C4337430A986305E40AA0EB81
:10DDB00008000022FD0A44EA47540A3002D5002038
:10DDC0000146E9E7010510196941DDE90845001937
:10DDD0006941BDE8F04DA2E72DE9F04D00231A4658
:10DDE0001B1A8A4103DB00200146BDE8F08DC1F318
:10DDF0000A52C1F3130141F480154FF0000BD10713
:10DE000002D100186D41521E0027044640F2FF1156
:10DE1000384601EB620A3E468046024600204FF437
:10DE20008011FFF735F9C2197141BB1846EB0100AB
:10DE3000B4EB030C75EB000C04D3E41A65EB00059E
:10DE400017460E46241908F101006D41804634281A
:10DE5000E3DDF91946EB0600091BA84103D24FF098
:10DE6000FF32134601E0002213461BEB070046EB8E
:10DE70000A51BDE8F04DFFF752BF2DE9FE4FC3F345
:10DE80000A5701F000450024C1F30A56C3F31303F7
:10DE9000C1F3130143F4801312EB020AA64641F4C6
:10DEA0008011009543EB030CA7F1010B16E0B0EBDA
:10DEB0000A0061EB0C01071E71F1000707DA4FF051
:10DEC0000008D0EB080085F0004568EB0101171A47
:10DED00073EB0107EBD3761E001849415E45F6DA75
:10DEE00050EA010209D0CDE900E50022134602966E
:10DEF000FFF724FF03B0BDE8F08F20460099F9E753
:10DF0000064C074D06E0E06840F0010394E8070086
:10DF100098471034AC42F6D3F2F7ECF8341001080D
:10DF2000541001083A2800D2303820F02002412A4B
:10DF300001D3A2F13700884201D34FF0FF30704780
:10DF40002DE9FF4F087883B09946FF2805D0491C7A
:10DF50002D2804D00024002008E000200BE001243C
:10DF6000F9E700EB800003EB4000491C0B78FF2B26
:10DF7000F7D104B1404200230293147819461D469C
:10DF80002D2C01D02B2C04D1521C2D2C13D000246D
:10DF90000294AA461478FF2C0FD00A25A3FB05781B
:10DFA00001FB05814FF0000C03FB0C11521CE3191F
:10DFB0004AEB0101EEE70124EAE7814453EA01005C
:10DFC00002D019F5C87F06DA03980021C0E90011D4
:10DFD00007B0BDE8F08F0025AE4E2F46DFF8B882BF
:10DFE0001846FFF7C6FBCDE90001B9F1000002DADF
:10DFF000C9F1000400E004460023A74A1AEB030B12
:10E0000042EB045A12E0E00707D02A46334638466E
:10E010004146FFF760FA074688462A4633461046CF
:10E020001946FFF758FA05460E466410002CEAD14F
:10E03000DDE90001B9F1000F5A46534606DAFFF751
:10E04000BCFA3A464346FFF7B8FA05E0FFF743FA51
:10E050003A464346FFF73FFA029A0AB181F000417F
:10E06000039AC2E90001B3E72DE9FF4F1F468DB0C7
:10E07000D7E901464FF0FF382E2045464FF0000902
:10E080000B90B9696D1C0E988847396A824688479B
:10E090000028F6D1BAF1FF3F0AD024F4D064002E54
:10E0A00011DDBAF12B0F08D0BAF12D0F0BD102E020
:10E0B000404611B08DE744F48064B9696D1C0E9838
:10E0C00088478246761E6946600501D52D2000E00E
:10E0D0002B208DF8000001F1010B0DF1200809E063
:10E0E000B9696D1C0E98884782460F9844F40074F5
:10E0F000761E0560002E02DDBAF1300FF0D00B99CC
:10E100008A453ED144F0800406E00F99681CA9F1CD
:10E11000010944F400740860B9696D1C761E0E98FC
:10E12000884782463028F0D02BE00B998A4505D1EC
:10E13000200603D444F08004761E18E0504600F018
:10E1400017FB08B30DF11301761E44F400748B45E0
:10E1500008D2AAF130000BF8010B200607D5A9F16F
:10E16000010003E0200602D409F101008146A00568
:10E1700002D50F99681C0860B9696D1C0E98884714
:10E180008246002ED1DC53E0002E51DDBAF1650F3E
:10E1900002D0BAF1450F4BD1A00549D5B9696D1C24
:10E1A00024F44074761E0E9888478246002E0CDDBB
:10E1B0002B2804D0BAF12D0F07D144F48074B9692B
:10E1C0006D1C0E9888478246761EE00501D52D21EC
:10E1D00000E02B2108F8011BCDF82C8021E00DF187
:10E1E0002901761E44F4007488450CD2AAF130004F
:10E1F00010F0FF0088F8000002D10B99884509D97A
:10E2000008F1010806E0E00501D5244801E042F2EA
:10E210000F708146B9696D1C0E98884782460F9829
:10E220000560002E04DD504600F0A2FA0028D6D189
:10E23000F9690E988847FF208BF8000088F80000E5
:10E240000020069007904B466A4608A906A8FFF7EB
:10E2500077FEA00502D46FF001002AE714F0240F26
:10E260000AD0E00714D1DDE906123868031D3B60CF
:10E270000068C0E900120BE0DDE90601FFF76AFB68
:10E280000146E00704D13868021D3A600068016069
:10E2900028460EE7000014400000F03FF1D8FFFFD1
:10E2A000426842B1016811F8013B23B1521EC0E936
:10E2B0000012184670470121C160881E70474268ED
:10E2C0005AB1C368016843B983688B4205D0491EBF
:10E2D000521CC0E90012002070474FF0FF30704719
:10E2E0002DE9F74F4FF00009009C1546CA4614F877
:10E2F000010B302801D0ADB115E014F8010B4FF03F
:10E300000109782803D0582801D04DB10BE00DB198
:10E31000102D08D14FF00009102514F8010B02E070
:10E32000082500E00A2500273E46B8464FEAE57B6F
:10E3300016E0A5FB07230BFB073105FB080005FBD7
:10E340000616030CD71846F100061FFA80F8381E8F
:10E350004FF0010976F5803000D3CA4614F8010B5E
:10E360002946FFF7DFFD0028E3DA019838B1B9F15B
:10E37000000F01D0641E00E0009C01980460BAF117
:10E38000000F08D000F08EF802210160C81E01467F
:10E3900003B0BDE8F08F310441EA174148EA074075
:10E3A000F6E770B58C1810F8015B15F0070301D182
:10E3B00010F8013B2A1106D110F8012B03E010F8E8
:10E3C000016B01F8016B5B1EF9D12B0705D400230B
:10E3D000521E0DD401F8013BFAE710F8013BCB1AAD
:10E3E000921C03E013F8015B01F8015B521EF9D5A2
:10E3F000A142D8D3002070BD0FB41CB50246002046
:10E4000007AC00290BD0491ECDE90021054B6A4617
:10E410002146069800F0B4F9009A002111701CBC46
:10E420005DF814FBAFEE00080FB4084B10B504A95B
:10E4300002AA039800F0A4F9044602A9002000F003
:10E4400041FD204610BC5DF814FB0000C5EE00083D
:10E450007CB5044600201D46164600290BD0491EF7
:10E46000CDE90041044B6A462946304600F088F960
:10E47000009A002111707CBDAFEE0008490050EAFF
:10E48000C12018BF04204A0D18BF40F0010040F21F
:10E49000FF72B2EB515F08BF40F00200012808BFD5
:10E4A0000520704700487047381400202DE9F041DE
:10E4B0004F1E00EBC7010446D1E9000115461E4678
:10E4C00037F006020DD02A463346FFF704F87F1EC8
:10E4D00004EBC703D3E90023FEF756FF37F006022B
:10E4E000F1D1022F25D0042F13D0062F18BFBDE87D
:10E4F000F0812A463346FEF7EEFFD4E90A23FEF701
:10E5000043FF2A463346FEF7E6FFD4E90823FEF729
:10E510003BFF2A463346FEF7DEFFD4E90623FEF72B
:10E5200033FF2A463346FEF7D6FFD4E90423FEF72D
:10E530002BFF2A463346FEF7CEFFD4E90223FEF72F
:10E5400023FF2A463346FEF7C6FFD4E90023BDE881
:10E55000F041FEF719BF00000022134610460149A2
:10E56000FFF72BB80000F03F0122FFF795B8FEF748
:10E570000BBF0022134610461146FFF71EB840F2AB
:10E58000013200204FF0E041FFF786B8024A002038
:10E590001107FFF781B8000001FDFFFF00214FF0D8
:10E5A0007E50FEF7A7BE0121FEF7E2BE002108461D
:10E5B000FEF7A0BE01480068704700003814002034
:10E5C00002E008C8121F08C1002AFAD1704770473C
:10E5D000002001E001C1121F002AFBD1704700009A
:10E5E0000149086070470000381400202DE9FF5FE2
:10E5F00082B00021DDE90430020DDDF840B00343B4
:10E6000018D044F61050A2F2FF324243151411986C
:10E6100001281FD0A5EB0B00401C5FEA000A4FF059
:10E6200000064E4FDFF83891B046504615D5CAF176
:10E63000000413E0119801244AA3012801D16FEAD4
:10E640000B010298119AC0E90031C0E9024206B0FC
:10E65000BDE8F09FCBF10000DFE704460021404A0F
:10E66000491842EB0450CDE9001012E0E00707D052
:10E6700032463B4640464946FEF72DFF80468946D6
:10E6800032463B4610461946FEF725FF06460F4622
:10E690006410002CEAD1DDE90401DDE90023BAF1C0
:10E6A000000F06DAFEF717FF42464B46FEF713FF50
:10E6B00005E0FEF782FF42464B46FEF77EFF04462A
:10E6C0000E460022284BFFF72DF903D84FF0FF30FC
:10E6D000014607E00022254B20463146FEF754FE56
:10E6E000FFF7DDF8102409E0002C0ADB0A220023E2
:10E6F000FFF76CF9039B30321A55641E50EA010291
:10E70000F2D1641C039AC4F111031444119A012A32
:10E7100003D0012208430DD10AE0084304D00020B1
:10E720004FF0110B119072E7A3EB0B056D1E0DE07E
:10E730005B4504DD4FF0000205F1010504E003DA5A
:10E740004FF00002A5F10105002AECD002981199C2
:10E75000C0E90231C0E9004579E70000000014403B
:10E760000000F03F300000000000F0430000E03FF8
:10E7700030380A2801D2012070470020704700007D
:10E780002DE9FF4F95B09B468946064600250FE2CE
:10E79000252877D100242746F84A0121059400E076
:10E7A000044316F8013F203B01FA03F01042F7D171
:10E7B00030782A2811D06FF02F033078A0F1300282
:10E7C000092A16D8059A44F0020402EB820203EBF0
:10E7D00042021044761C0590EFE759F8042B05928D
:10E7E000002A03DA504244F40054059044F0020435
:10E7F000761C30782E2816D116F8010F44F0040448
:10E800002A280DD06FF02F023078A0F13003092BA9
:10E8100009D807EB870302EB4303C718761CF3E71D
:10E8200059F8047B761C30786C280FD006DC4C2815
:10E8300017D068280DD06A2814D104E0742810D0AD
:10E840007A280FD10DE044F400140AE044F4801457
:10E8500001E044F440147278824202D104F580143D
:10E86000761C761C307866280BD013DC582877D0BD
:10E8700009DC002875D04528F6D04628F4D0472872
:10E880001AD19DE118E0632835D0642879D0652835
:10E8900012D195E1702873D008DC6728F1D069287F
:10E8A0006FD06E280DD06F2806D1B5E073282CD01C
:10E8B000752875D0782874D05A46179990476D1CE2
:10E8C00075E1C4F30250022809D003280DD0D9F80D
:10E8D000001004280DD00D6009F1040967E1D9F892
:10E8E0000010EA17C1E90052F6E7D9F800100D80D0
:10E8F000F2E70D70F0E719F8041B8DF80010002006
:10E900008DF80100EA46012003E059F804AB4FF00E
:10E91000FF3061074FF0000102D40DE008F1010162
:10E920008846B9420FDA8045F8DB1AF8081000294A
:10E93000F4D108E008F1010188468142FADB1AF8B7
:10E9400008100029F6D105985B46A0EB0807214680
:10E950003846179A00F094FA284400EB080507E0BF
:10E960004DE029E10DE01AF8010B5A46179990473E
:10E97000B8F10108F7D25B4621463846179A13E1F1
:10E9800042E00A220092C4F302524FF0000A022A27
:10E9900008D059F804CB032A4FEAEC710AD00DE0F5
:10E9A00029E02AE009F1070121F00702F2E802C19B
:10E9B000914609E00FFA8CFC4FEAEC71042A03D16E
:10E9C0004FFA8CFC4FEAEC71002907DA0A46002165
:10E9D000DCF1000C61EB02012D2202E0220504D5DE
:10E9E0002B228DF80420012203E0E20701D020222F
:10E9F000F7E7904659E00A2102E010220DE01021CD
:10EA00004FF0000A00910BE010224FF0000A44F092
:10EA100004040827009203E008224FF0000A009245
:10EA2000C4F30252022A05D059F804CB0021032A6C
:10EA300008D009E009F1070121F00702F2E802C15C
:10EA4000914605E01FFA8CFC042A01D10CF0FF0C62
:10EA50004FF00008220728D5702806D0009B83F0CD
:10EA6000100353EA0A0305D00EE040228DF804207B
:10EA7000012208E05CEA010206D030228DF8042071
:10EA80008DF8050002229046009B83F0080353EAAC
:10EA90000A030AD15CEA010201D1620705D53022DE
:10EAA0008DF804204FF001087F1E582804D034A0B0
:10EAB00003900EA802900DE036A0F9E75346604699
:10EAC000009AFEF783FF84460398825C0298401EFA
:10EAD000029002705CEA0100F0D1029806A9081ABF
:10EAE00000F1200A600702D524F4803400E00127F9
:10EAF000574502DDA7EB0A0000E0002000EB0A0109
:10EB0000009005984144401A0590E00306D45B4606
:10EB10002146179A059800F0B3F90544002706E04E
:10EB200001A85A46C05D179990476D1C7F1C474548
:10EB3000F6DBE0030CD55B462146179A059800F0FA
:10EB40009FF9054404E030205A46179990476D1C00
:10EB50000099481E00900029F5DC08E0029802990F
:10EB60005A460078491C0291179990476D1CBAF1DA
:10EB70000001AAF1010AF1DC65E1000009280100A9
:10EB80003031323334353637383961626364656623
:10EB900000000000303132333435363738394142E5
:10EBA000434445460000000000F058F90544761C37
:10EBB000307800287FF4ECAD19B02846BDE8F08F1E
:10EBC000620700D4062709F1070222F0070CFCE8CF
:10EBD0000223E14603F000485FEA080C02D00FF27E
:10EBE000702C0DE05FEA045C02D50FF2682C07E0A0
:10EBF0005FEAC47C02D00FF2602C01E0AFF2700C2F
:10EC00004FF0FF3823F00043CDF850C065280CD0FA
:10EC100006DC452809D046281DD047283DD13DE0D7
:10EC2000662818D067287ED138E00021112F01DB3B
:10EC3000112000E0781CCDE9000106A90EA8FFF71D
:10EC4000D5FCDDE90F010E9A03910021009207F136
:10EC5000010A04914DE04FF000400097CDE901100A
:10EC600006A90EA8FFF7C2FCDDE90F0203920E9B76
:10EC700011990022DDF80CA00093049211B9791CBF
:10EC800000EB010AB7EB0A0004D4C0F1FF3007F132
:10EC9000010A0490AAEB0700019044E0012F00DA7A
:10ECA00001270021112F01DD112000E03846CDE9B8
:10ECB000000106A90EA8FFF799FCDDE90F010E9AE5
:10ECC0000391002104910092BA4621070CD40399C4
:10ECD000514500DA8A46BAF1010F05DD009AAAF122
:10ECE0000101515C302908D0B84202DA10F1040F5A
:10ECF00006DA0121CDE9011015E0AAF10101E9E7E9
:10ED0000002805DC049901440491AAEB000102E00B
:10ED1000411C514500DD8A460499401A401C01906F
:10ED20004FF000400290200704D40198504501DBC9
:10ED3000CDF8048000208DF84F0002980DF14F07A8
:10ED4000B0F1004F25D02B200E9002984FF0020812
:10ED500000280CDA404202902D200E9007E00A2194
:10ED60000298FEF71DFE3031029007F8011DB8F140
:10ED70000001A8F10108F2DC02980028EFD1791E09
:10ED80000E980870307800F0200040F0450007F839
:10ED9000020D12A8C01B00F107081498007800B1FA
:10EDA000012000EB0A01019801EBE0710598414454
:10EDB000401A401E0590E00306D45B462146179A90
:10EDC000059800F05DF805441498007818B15A468B
:10EDD000179990476D1CE00324D55B462146179A8E
:10EDE000059800F04DF805441CE00498002807DB66
:10EDF000DDE90301884203DD0098405C179901E0DA
:10EE0000179930205A469047049805F10105401C97
:10EE100004900198401E019004D12E205A46179963
:10EE200090476D1CBAF10001AAF1010ADDDC05E092
:10EE300017F8010B5A46179990476D1CB8F100015D
:10EE4000A8F10108F4DC5B462146179A0598ABE669
:10EE50002D0000002B000000200000002DE9F041F3
:10EE6000044600251E461746880404D405E03946AA
:10EE70002020B0476D1C641EF9D52846BDE8F081FE
:10EE80002DE9F041044600251E469046C80301D5F1
:10EE9000302700E02027880404D505E041463846A5
:10EEA000B0476D1C641EF9D52846BDE8F0814A685C
:10EEB000002A06D00A68531C0B6010704868401E78
:10EEC000486070470A68531C0B6010707047000060
:10EED0002DE9F04D8D4F21F0004A86B005460C46D5
:10EEE000BA452ADBAAEB070028430AD088488245A6
:10EEF00001DC1AD1CDB106B02846BDE8F04DFFF7D0
:10EF000033BB844A844B2846FEF7E5FA07460E4693
:10EF1000824A834B28462146FEF7DDFA06B03A4680
:10EF20003346BDE8F04DFEF72FBA0120FFF758FB3E
:10EF300006B0BDE8F04DFFF71CBB7A48824542DAC7
:10EF4000BAF1795F0BDA2846FFF798FA042808BF70
:10EF5000FFF71CFB284606B02146BDE8F08D2A4687
:10EF60000B461046FEF7B7FA834602466E480E4639
:10EF70000B4606217844FFF799FA5A463346FEF7C6
:10EF8000AAFA804669488A465A463346042178449C
:10EF9000FFF78CFA5A463346FEF79DFA00223B46AD
:10EFA000FEF7F2F902460B4640465146FEF705FBD6
:10EFB0002A462346FEF78FFA06B02A462346BDE8C6
:10EFC000F04DFEF7E1B9284624F0004100223D460D
:10EFD0003B46FEF77DFA4FF0FF32FEF75DFB06463B
:10EFE000024653480F460B4606217844FFF75EFA67
:10EFF00032463B46FEF76FFACDE900014D483246F6
:10F000003B4604217844FFF751FA32463B46FEF76F
:10F0100062FA00222B46FEF7B7F98346029130468A
:10F02000394600F0FFFF804643480D46504517DC47
:10F03000DDE900015A46029BFEF7BFFA42462B4625
:10F04000FEF749FA42462B46FEF79EF90122FEF7EB
:10F0500023FB304A304BFEF738FA304A304B4CE055
:10F060004FF0000A52460B464046FEF78DF9CDE9B7
:10F07000031052462B4610461946FEF72CFA32462C
:10F080003B46FEF725FADDE90332FEF796FA06461F
:10F090000F46DDE900015A46029BFEF78EFA8346D1
:10F0A0000091012230463946FEF7F6FA194A1A4B0A
:10F0B000FEF70EFA06460F46012240462946FEF7A5
:10F0C000EBFA5A46009BFEF706FA32463B46FEF73D
:10F0D000FCF906460F46012250462946FEF7DCFAA7
:10F0E0000E4DDFF858802A464346FEF7F1F93246C6
:10F0F0003B46FEF7EDF92A464346FEF7E9F9002CB8
:10F10000D8BF81F0004106B0BDE8F08D0000F03FAF
:10F110000000F07F075C143326A6913C182D445460
:10F12000FB21F93F0000E03FC01A0000D61A0000A2
:10F130004A1A0000601A00003333EF3FFB21E93F19
:10F140002DE9F84F04460D4621F000400091734927
:10F15000814211DC7249884201DC06D12CB1204683
:10F160002946BDE8F84FFFF7FFB96E48002DCCBF28
:10F170006D496E49BDE8F88F6D49814211DD6D49D9
:10F180008142D8BF4FF0FF366DDD20462946FFF79C
:10F1900075F9042808BFFFF7F9F920462946BDE8AC
:10F1A000F88F6549654F25F00045814233DD64499C
:10F1B000814219DD002632464FF080432046294621
:10F1C000FEF7E2F880468A46012220462946FEF7ED
:10F1D00063FA00223B46FEF778F942465346FEF7B3
:10F1E000ECF904460D463EE001260022BA463B46B5
:10F1F00020462946FEF7C8F880460F4600225346AF
:10F2000020462946FEF761F942463B46FEF7D5F90E
:10F2100004460D4627E04B4981421BDDDFF828A15B
:10F2200002260022534620462946FEF754F90022C2
:10F230003B46FEF7A9F880460F460022534620467B
:10F240002946FEF742F942463B46FEF7B6F9044628
:10F250000D4608E0032622462B4600203B49FEF7D8
:10F26000ACF904460D4622462B4610461946FEF7D9
:10F2700032F98B46824602460B46FEF72CF90746CA
:10F280000246334888460B4606217844FFF70EF9BC
:10F2900052465B46FEF71FF982462E488B463A4699
:10F2A000434605217844FFF701F93A464346FEF705
:10F2B00012F902460B46002E504659460CDAFEF76C
:10F2C00063F822462B46FEF706F901B022462B468C
:10F2D000BDE8F04FFEF7FCB8FEF756F822462B4685
:10F2E000FEF7F9F81C4A7A4402EBC603D3E900237F
:10F2F000FEF7EBF822462B46FEF7E7F8174A7A446A
:10F3000002EBC603D3E90023FEF7E2F8009A002AD5
:10F31000B8BF81F00041BDE8F88F00000000104444
:10F320000000F07F182D4454FB21F93FFB21F9BF69
:10F330000000DC3F0000203E0000F33F0000F03FF3
:10F340000000E63F008003400000F83F0000F0BFEF
:10F350006218000020180000BE1700008617000089
:10F3600030B583B00446FFF725F905460020CDE906
:10F370000000024621466846FEF7F1FB2846FFF7EB
:10F380002FF9DDE9000103B030BD00002DE9F041A7
:10F39000C0F3C751A1F17F050446172DA8BFBDE8F2
:10F3A000F0814FF07F471549002D0EDAFDF718FF69
:10F3B000B7EB400F1ED300281CDD002CC8BF4FF058
:10F3C0007E54B8BF4FF0004414E00D4A22FA05F60F
:10F3D000344208BFBDE8F081FDF702FFB7EB400FF4
:10F3E00008D3002806DD002C03DD4FF40000E840C0
:10F3F0000444B4432046BDE8F0810000CAF24971DC
:10F40000FFFF7F0070B514461D460E46002814BF4E
:10F4100001210021314321F00041C1F17F6101F15F
:10F42000E041C90F16D1002C14BF0121002129434E
:10F4300021F00041C1F17F6101F1E041C90F09D123
:10F440001449B1EB460F08BF00281CD0690008BF63
:10F45000002C18D03146FEF710FD024640F2FF7036
:10F4600030EA11500DD0F017B0EBE17F09D008461B
:10F4700065F31E0084460B4620466146FEF728F8D9
:10F480000246104670BD0120FFF7AAF8BDE87040A3
:10F49000FFF76FB80000E0FF2DE9F0410026A0F56E
:10F4A0000001B1F1FE4F7DD200F500226FF07E0128
:10F4B00001EBE251C2F3025477184FF07E52A0EBF9
:10F4C000C15602EB045557EA040047D0294630469E
:10F4D000FDF786FE804629463046FDF7D3FE4146BD
:10F4E000FDF708FF05460146FDF7D2FE80464A4972
:10F4F000FDF7CEFE4949FDF773FE06464146284614
:10F50000FDF7C6FE3146FDF7C3FE06463846FEF758
:10F51000DAF807464249FDF7BBFE4249794451F803
:10F520002410FDF75DFE3146FDF75AFE06463E49C2
:10F530002846FDF7ADFE3146FDF752FE054638463A
:10F540003A49FDF7A5FE3A49794451F82410FDF7F0
:10F5500047FE2946BDE8F041FDF742BE4FF07E511F
:10F560003046FDF78FFE05463249FDF791FE3249E0
:10F57000FDF736FE2946FDF78BFE3049FDF730FEDC
:10F580002946FDF785FE2E49FDF72AFE0446294649
:10F590000846FDF77DFE2146FDF77AFE044629491F
:10F5A000284600E00EE0FDF773FE2146FDF718FE49
:10F5B000044625492846FDF76BFE2146BDE8F0418B
:10F5C000FDF70EBE4FF07F42B2EB400F03D2BDE815
:10F5D000F041FEF7E8BFB0F1FF4F08BFBDE8F08192
:10F5E000B0F1004F06D90120FEF7FAFFBDE8F04167
:10F5F000FEF7DCBF30F0004105D06FF01606172192
:10F60000FDF7B6FE50E70220FEF7EAFFFEF7C6FF61
:10F6100080F00040BDE8F081DE02323E3B3D943E8A
:10F62000FC849A3620160000D95B5E3F00209A3E8B
:10F63000D4150000924FA93D7279DEBD2D3E143ED7
:10F64000D85B5EBE157B4B3C0000D83E2DE9F04DEB
:10F650001D460C4698B0174621F0004123F00043A8
:10F66000002814BF4FF0010C4FF0000C0CEB440CC1
:10F67000FE4A0CEB02064FEA620C66452BD33E00B5
:10F6800018BF012606EB45061644F94A964222D3D6
:10F69000F84A53EA070C02D0944205D148B918B091
:10F6A00000201146BDE8F08D002808BF4FF0000C87
:10F6B00001D04FF0010C0CEB440212F5001F0AD8E8
:10F6C000002F14BF4FF0010C4FF0000C0CEB450263
:10F6D00012F5001F07D918B03A462B462146BDE85F
:10F6E000F04DFEF744BF0022DFF88CA3002CB8BF1A
:10F6F000534526DADFF884C36345A8BF022220DA27
:10F70000DFF870C39C451CDCDFF874C30CEB235C92
:10F71000BCF1140F08DDCCF1340627FA06FC0CFA14
:10F7200006F6BE420DD108E05FB9CCF1140623FA0B
:10F7300006FC0CFA06F69E4203D10CF00102C2F15F
:10F74000020251EA000C19D1002D17DA002C18BF63
:10F75000022A01D0012A07D00220FEF741FF18B08B
:10F76000BDE8F04DFEF7F8BE0220FEF739FFFEF7C8
:10F77000F3FE18B081F00041BDE8F08DB7F1000C48
:10F780006CD1534525D104F1804212F5801201BF9E
:10F7900000280020B74918B008BFBDE8F08DB54873
:10F7A000884207DC002DA1BF6046294618B0BDE89D
:10F7B000F08D07E0281E05DA80F0004118B06046A1
:10F7C000BDE8F08DAF497944D1E9000118B0BDE83A
:10F7D000F08DDFF8A0C2634525D1002D1FDA19B1E5
:10F7E000514512D1D8B909E0002840F0EC82A24A74
:10F7F000214618B062F31E01BDE8F08D00202146BD
:10F8000018B060F31E01BDE8F08D08DA18B0234689
:10F81000BDE8F04D024600206146FDF7CEBE18B0AF
:10F820002146BDE8F08D514518DAB5F1804F0DD075
:10F83000A5F1005CBCF1FF5C10D1B4F1000C0DDB54
:10F8400018B06146BDE8F04D00F0ECBB234618B09F
:10F850000246BDE8F04D1946FDF73DBE060024F016
:10F86000004C3BD1D9B1514533D1002C06DD002DE0
:10F87000A1BF0020514618B0BDE8F08D002C01DD7D
:10F88000002D1BDB002C13DA002D11DB012A4FF0B9
:10F89000000014BF78497C4918B0BDE8F08D022AF9
:10F8A00018BF002C0AD0012A08D1002C06DA0AE081
:10F8B000002CB8BF002D11DA012A04D0002018B0A6
:10F8C0000146BDE8F08D18B000204FF00041BDE8C2
:10F8D000F08DA1F14050B0F17F601AD0012000EB13
:10F8E000E47050EA020421D0624C521E4FF0000B2B
:10F8F000104304BF4FF0000B644C654883427CDD2D
:10F90000644A654893421FDD884217DB002D25DBE2
:10F9100037E0002C00DA4AB1022A0CBF01204FF078
:10F92000FF3018B0BDE8F04DFDF7F1BE0120FEF745
:10F9300057FE18B0BDE8F04DFEF71BBE4D4A8A4297
:10F9400002DC002D0ADC1CE0814202DA002D18DA0C
:10F9500004E0484B994220DD002D12DD0220FEF725
:10F960003FFEFEF70CFE05460E4600225346584663
:10F970002146FDF7B0FD18B066F31E012846BDE82C
:10F98000F08D0220FEF72CFEFEF700FE0A4621460F
:10F9900018B062F31E01BDE8F08D002230466146CA
:10F9A000FDF793FD80460E466FF00102FDF774FEF1
:10F9B0004FF05532394BFDF78BFD42463346FDF78C
:10F9C0008AFD0022364BFDF783FD824642463346D0
:10F9D000049110461946FDF77EFD5246049BFDF743
:10F9E0007AFD8A4600904FF0C0422E4B4046314689
:10F9F000FDF771FD2C4A2B4B00E027E0CDE9060115
:10FA000051460098FDF767FD82460191274A284B31
:10FA100040463146FDF75FFD5246019BFDF755FD1F
:10FA200082460B4602460591DDE90601FDF7ACFC76
:10FA3000DDE90623002688463046FDF746FD52469E
:10FA4000059BFDF745FD024600F07EB90020B1F5AB
:10FA5000801F07DA352230466146FDF71DFE064657
:10FA60006FF0340000EB215024E00000FFFF1F0086
:10FA7000FFFF0F000000F03F0000F07F0000404358
:10FA800001FCFFFF1E1400000000F0FF0000F0BFAB
:10FA90000000E0410000F043FFFFEF3F5555D53F28
:10FAA0000000E03F4715F73FFE822B6544DF5DF81D
:10FAB0000BAE543EA0F2FF300190C1F3130040F0B2
:10FAC0007F6141F040510291FE498842D8BF002039
:10FAD00004DDFD498142C8BF012001DD0D9008E031
:10FAE00000200D900198401C01900298A0F5801014
:10FAF00002900299F54878440B910D9900EBC100F2
:10FB0000D0E900230F9330460A920B99FDF7DDFCF4
:10FB1000CDE90601DDE90A2130460F9BFDF734FCF3
:10FB200002460B460020EA49FDF747FD05910246D3
:10FB30000B460090DDE90601FDF7CDFC1490E54889
:10FB40008A464FF0000878440299006812904FF0FE
:10FB5000005040EA61010D980F9B01EB804000F5D9
:10FB6000002109910A9A1298FDF7AFFC32460B9BCF
:10FB7000FDF7AEFC42465346FDF7ADFC064602914A
:10FB800040465146099B129AFDF7A5FCDDE9062384
:10FB9000FDF79EFC3246029BFDF797FC059B009A01
:10FBA000FDF799FC0091149A0490534610461946AB
:10FBB000FDF791FC06460246C7480B460291062116
:10FBC0007844FEF773FCCDE90510029B32461046DF
:10FBD0001946FDF780FCDDE90532FDF77CFC059157
:10FBE0000646534640461946149AFDF7CDFB009B46
:10FBF000049AFDF770FC3246059BFDF7C5FBCDE985
:10FC000005104246534610461946FDF764FC002293
:10FC1000B24B02910A90FDF7B7FBDDE90532FDF723
:10FC2000B3FB0E464246AD4B4046FDF74EFC029BF1
:10FC30000A9AFDF74AFCDDE90532FDF749FC424628
:10FC400002910A90334610465146FDF744FCCDE937
:10FC500006015346149A02990A98FDF73CFC8A461D
:10FC600002903346424600990498FDF734FC53460F
:10FC7000029AFDF789FB82460B4602460591DDE9B3
:10FC80000601FDF781FBDDE90623002088460646D4
:10FC9000FDF71BFC5246059BFDF71AFC82460991B5
:10FCA0004FF060428E4B30464146FDF714FC049005
:10FCB00006918C4A8A4B50460999FDF70CFC824606
:10FCC0000291894A894B30464146FDF704FC524671
:10FCD000029BFDF759FB864B7B440D9A03EBC20355
:10FCE000D3E90023FDF750FB0E9007910198FDF733
:10FCF0000EFD0591DDE9061382460E9A0498FDF784
:10FD000043FB7C4A7A440D9B02EBC303D3E90023F7
:10FD100000930292FDF738FB5246059BFDF734FB3A
:10FD20000026884652463046059BFDF7CEFB009BD9
:10FD3000029AFDF7CAFB069B049AFDF7C6FB079BD8
:10FD40000E9AFDF7C5FB024600200B46029038468E
:10FD50002946FDF7C0FB824601912B4638461946DD
:10FD6000029AFDF7B2FB32464346FDF7B4FB52461A
:10FD7000019BFDF709FB07468A4632464346294662
:10FD80000298FDF7A8FB05460E463A465346FDF796
:10FD9000FBFA594A8846914221DBA8EB020353EA59
:10FDA000000210D12A463346FDF78FFBCDE904014E
:10FDB000524A534B38465146FDF7E6FADDE9042333
:10FDC000FDF7B0FD21D20220FEF70AFCFEF7D7FBBB
:10FDD0000A46214618B062F31E01BDE8F08D494B7A
:10FDE00028F000429A4210D3474A08EB020353EA34
:10FDF00000027FF4C6AD2A463346FDF766FB3A465D
:10FE00005346FDF78FFD7FF6BCAD0022019228F02E
:10FE100000403E493E4A01EB2051824223DA481C11
:10FE20004FF4801121FA00F040443A4AC0F30A51DD
:10FE30007A44394BA1F2FF31CB4020EA0303C0F3EF
:10FE4000130040F48010C1F11401C8401268019001
:10FE5000B8F1000FBCBF4042019028463146FDF783
:10FE600034FB05460E462A46334638465146FDF7D2
:10FE70008BFA4FF000084246284B40460591FDF7AB
:10FE80002AFBCDE90601264A264B40460599FDF797
:10FE900022FB009102902A46334640460599FDF721
:10FEA00014FB3A465346FDF713FB1F4A1F4BFDF761
:10FEB00012FB009B029AFDF767FA07468846024646
:10FEC0000B4635E08E9803007AB60B0066100000F2
:10FED0000000F03F9E100000CC0F00000000084022
:10FEE00009C7EE3FFD033ADCF5015B14E02F3EBE8F
:10FEF000A40E0000680E000000009040FE822B65FA
:10FF00004715973C00CC904000346F3F01FCFFFF49
:10FF10000000E03FB40D0000FFFF0F00432EE63F5E
:10FF2000396CA80C615C20BEEF39FAFE422EE63F28
:10FF3000DDE90601FDF728FADDE9062305460E4650
:10FF4000FDF7C3FA3A464346FDF7C2FA0F462A4682
:10FF50003346009010461946FDF7BDFA8246024628
:10FF60002E4888460B4605217844FEF79FFA5246F4
:10FF70004346FDF7B0FA2A463346FDF7A9FA804614
:10FF80008A463B4628463146009AFDF7A4FA3B468E
:10FF9000009AFDF7F9F90691009000224FF0804396
:10FFA00040465146FDF791FA0F460C9042465346A3
:10FFB00028463146FDF78FFA3B460C9AFDF7FDFACD
:10FFC000069B009AFDF781FA2A463346FDF77DFA33
:10FFD0000022134BFDF77CFA054601980E4601EB13
:10FFE00000510815002810DC28463146019AFDF71B
:10FFF00053FBFEF743FA042808BFFEF7C7FA28466A
:020000040801F1
:100000003146019AFDF748FB05460B4618B02A46D3
:1000100058462146BDE8F04DFDF75DBA540C00008E
:100020000000F03F2DE9F04106460F46FDF7D4FEF3
:10003000041E0D4618BF0120284320F00040C0F1E7
:100040007F6000F1E040C00F0ED0301C18BF0120CF
:10005000384320F00040C0F17F6000F1E040C00F65
:1000600004BF0120FEF7BCFA20462946BDE8F08116
:10007000880D01083D0200080C0D01086702000808
:10008000A80D010893020008F40C01087B02000887
:10009000440D01087F030008600D01089D0200085F
:1000A000CC0D010863050008D80D010861040008A3
:1000B000D40C010835040008E40C0108CD03000845
:1000C000940D0108D9050008900C01081B060008D2
:1000D000840C010835070008A80C0108590700081E
:1000E000780C01088B070008B40D01082F080008E0
:1000F000C00D0108BB0800082C0D010847090008C5
:10010000380D0108210A0008140D0108BB0A000877
:10011000200D0108050C00087C0D0108230C0008C7
:100120006C0D0108410C0008500D0108FB0C000883
:10013000000D0108530D00089C0C0108710D00080A
:10014000B40C0108D10D0008C40C01088F0D000883
:10015000A40D0108D5050008000000000000000003
:100160000004A8050008500B0010A1160020000094
:10017000000000000000002F000000000700070042
:1001800000147F147F1400242A7F2A12006264085E
:1001900013230036495522500000050300000000DB
:1001A0001C224100000041221C000014083E0814DB
:1001B0000008083E0808000000A0600000080808C9
:1001C0000808000060600000002010080402003EE3
:1001D0005149453E0000427F40000042615149467E
:1001E000002141454B31001814127F10002745456E
:1001F0004539003C4A494930000171090503003680
:100200004949493600064949291E00003636000092
:100210000000563600000008142241000014141497
:100220001414000041221408000201510906003292
:100230004959513E007C1211127C007F49494936D0
:10024000003E41414122007F4141221C007F49493B
:100250004941007F09090901003E4149497A007F6F
:100260000808087F0000417F4100002040413F0115
:10027000007F08142241007F40404040007F020C74
:10028000027F007F0408107F003E4141413E007F15
:1002900009090906003E4151215E007F09192946DE
:1002A0000046494949310001017F0101003F4040BA
:1002B000403F001F2040201F003F4038403F006368
:1002C000140814630007087008070061514945438A
:1002D00000007F41410000552A552A550000414148
:1002E0007F00000402010204004040404040000042
:1002F00001020400002054545478007F48444438DC
:1003000000384444442000384444487F0038545462
:10031000541800087E0901020018A4A4A47C007FE0
:10032000080404780000447D4000004080847D0083
:10033000007F102844000000417F4000007C04182A
:100340000478007C0804047800384444443800FCF5
:10035000242424180018242418FC007C0804040811
:1003600000485454542000043F444020003C404086
:10037000207C001C2040201C003C4030403C0044BD
:1003800028102844001CA0A0A07C004464544C44C5
:1003900014141414141400000000000000000000E5
:1003A000000000000000000000F800000000000055
:1003B00000333000000000100C06100C0600000096
:1003C00000000000000040C07840C0784000043FBA
:1003D00004043F040400007088FC0830000000188A
:1003E00020FF211E0000F008F000E01800000021AE
:1003F0001C031E211E0000F00888700000001E2152
:1004000023241927211010160E0000000000000000
:10041000000000000000000000E0180402000000DE
:1004200000071820400000020418E000000000400F
:10043000201807000000404080F080404000020289
:10044000010F01020200000000F0000000000101A5
:10045000011F01010100000000000000000080B049
:10046000700000000000000000000000000000011B
:100470000101010101010000000000000000003046
:1004800030000000000000000000806018040060E0
:1004900018060100000000E010080810E000000F3E
:1004A000102020100F00001010F8000000000020A5
:1004B000203F2020000000700808088870000030ED
:1004C0002824222130000030088888483000001895
:1004D000202020110E000000C02010F800000007AE
:1004E0000424243F240000F8088888080800001924
:1004F000212020110E0000E0108888180000000F55
:10050000112020110E0000380808C838080000002B
:10051000003F000000000070880808887000001C80
:10052000222121221C0000E010080810E000000039
:10053000312222110F00000000C0C00000000000A6
:1005400000303000000000000080000000000000CB
:1005500080600000000000008040201008000001C2
:100560000204081020004040404040404000040485
:10057000040404040400000810204080000000204F
:10058000100804020100007048080808F00000008C
:10059000003036010000C030C828E810E00007181D
:1005A000272423140B000000C038E0000000203C8A
:1005B00023020227382008F8888888700000203F2E
:1005C000202020110E00C030080808083800071845
:1005D00020202010080008F808080810E000203F3C
:1005E000202020100F0008F88888E8081000203F1D
:1005F00020202320180008F88888E8081000203FF1
:10060000200003000000C030080808380000071868
:100610002020221E020008F808000008F808203FE9
:10062000210101213F20000808F8080800000020EF
:10063000203F2020000000000808F8080800C080C3
:1006400080807F00000008F888C028180800203F3C
:1006500020012638200008F8080000000000203F94
:1006600020202020300008F8F800F8F80800203F8B
:10067000003F003F200008F830C00008F808203F85
:10068000200007183F00E01008080810E0000F10D5
:10069000202020100F0008F808080808F000203F6C
:1006A000210101010000E01008080810E0000F1807
:1006B000242438504F0008F8888888887000203F2C
:1006C0002000030C3020007088080808380000382B
:1006D000202121221C00180808F808081800000032
:1006E000203F2000000008F808000008F808001F5C
:1006F000202020201F000878880000C8380800004B
:1007000007380E010000F80800F80008F800033C64
:100710000700073C0300081868808068180820302C
:100720002C03032C30200838C800C838080000000B
:10073000203F2000000010080808C83808002038B2
:10074000262120201800000000FE02020200000006
:10075000007F40404000000C30C00000000000005E
:1007600000010638C00000020202FE000000004046
:1007700040407F000000000004020202040000006C
:100780000000000000000000000000000000808069
:100790008080808080800002020400000000000051
:1007A0000000000000000000808080800000001930
:1007B000242222223F2008F8008080000000003F11
:1007C000112020110E000000008080800000000E2B
:1007D000112020201100000000808088F800000E09
:1007E000112020103F200000808080800000001F2A
:1007F000222222221300008080F08888881800209E
:10080000203F202000000000808080808000006B5E
:1008100094949493600008F8008080800000203F4A
:10082000210000203F200080989800000000002058
:10083000203F20200000000000809898000000C0A9
:100840008080807F000008F8000080808000203FCA
:1008500024022D302000000808F8000000000020CD
:10086000203F202000008080808080808000203F0A
:1008700020003F20003F8080008080800000203FDB
:10088000210000203F200000808080800000001FA9
:10089000202020201F00808000808000000080FF3A
:1008A000A12020110E000000008080808000000E3A
:1008B000112020A0FF808080800080808000202088
:1008C0003F212000010000008080808080000033F4
:1008D000242424241900008080E08080000000008F
:1008E000001F202000008080000000808000001F8A
:1008F000202020103F208080800000808080000128
:100900000E300806010080800080008080800F305B
:100910000C030C300F0000808000808080000020DD
:10092000312E0E3120008080800000808080808108
:100930008E70180601000080808080808000002179
:10094000302C2221300000000000807C02020000D8
:100950000000003F404000000000FF0000000000D9
:100960000000FF0000000002027C80000000004048
:10097000403F0000000000060101020204040000E4
:100980000000000000001201000202000040830489
:10099000405700020102030109024300020100C0A6
:1009A00032090400000102020100052400100105C3
:1009B0002401000104240202052406000107058227
:1009C000030800FF09040100020A000000070503F4
:1009D00002400000070581024000000403090418DA
:1009E00003480069006B0065007200200073007509
:1009F00000640069006F00260356006900720074ED
:100A000000750061006C00200043004F004D002085
:100A10000050006F007200740020002000000000F1
:100A200000F45DC60080D14348E19240A60A563FDB
:100A30000000000000000000555555555555C53FB4
:100A40007D6FEB0312D6D4BF5544880E55C1C93F04
:100A50003B8F68B52882A4BF88B20175E0EF493F9B
:100A600009F7FD0DE13D023F4B2D8A1C273A03C0DB
:100A7000C88A599CE52A004059018D1B6C06E6BFC7
:100A800082922EB1C5B8B33F4FBB610567ACDD3F65
:100A9000182D4454FB21E93F9BF681D20B73EF3FA5
:100AA000182D4454FB21F93FE2652F227F2B7A3C1D
:100AB000075C143326A6813CBDCBF07A8807703CD6
:100AC000075C143326A6913CC4EB98999999C9BF49
:100AD000711623FEC671BCBF6D9A74AFF2B0B3BF7E
:100AE0009AFDDE522DDEADBF2F6C6A2C44B4A2BF3E
:100AF0000D5555555555D53FFF8300922449C23FAA
:100B00006E204CC5CD45B73F513DD0A0660DB13FDD
:100B1000EB0D76244B7BA93F11DA22E33AAD903FEF
:100B2000000000000080513D0070C63D00900D3E69
:100B30000050343E00E0573E00D0783E00C08B3E6F
:100B4000000000000AD6A936431C8C37658F733825
:100B5000832DA236121D1F38B3756F38D2535A3801
:100B6000000000000000F03F000000000000F83F1F
:100B700000000000000000000000004003B8E23F59
:100B8000000000000000000006D0CF43EBFD4C3E0B
:100B9000033333333333E33FFFAB6FDBB66DDB3F00
:100BA0004D268F515555D53F01411DA96074D13F48
:100BB00065DBC9934A86CD3FEF4E454A287ECA3F42
:100BC0003E5555555555C53F93BDBE166CC166BFC4
:100BD0002CDE25AF6A56113FF16BD2C541BDBBBEBD
:100BE000D0A4BE726937663E00000000000000001D
:100BF0000040404040404040404041414141414030
:100C000040404040404040404040404040404040E4
:100C10004005020202020202020202020202020273
:100C20000220202020202020202020020202020278
:100C300002029090909090901010101010101010D0
:100C400010101010101010101010101002020202DC
:100C50000202888888888888080808080808080820
:100C6000080808080808080808080808020202021C
:100C700040000000F10B010841542B44454341243E
:100C80000000000041542B544553544F4C45440040
:100C900041542B544553544C4544000041542B556A
:100CA0005345525F434D440041542B4449535441F2
:100CB0004E43450041542B4745545557424D4F44F0
:100CC0004500000041542B5345545557424D4F4465
:100CD0004500000041542B474554574F524B4D4F50
:100CE0004445000041542B534554574F524B4D4FF0
:100CF0004445000041542B524553544F5245000087
:100D000041542B55415254524154450041542B53A8
:100D10004156450041542B50444F414F4646000038
:100D200041542B524E474F464600000041542B4140
:100D3000444454414700000041542B44454C544125
:100D40004700000041542B474554434647000000EC
:100D500041542B50444F41474554434647000000FF
:100D600041542B53455443464700000041542B50F7
:100D7000444F4153455443464700000041542B46DD
:100D8000494C54455200000041542B4745545645A8
:100D90005200000041542B47455453454E534F5287
:100DA000000000004154000041542B52455354416F
:100DB0005254000041542B474554444C495354006D
:100DC00041542B4745544B4C4953540041542B47F5
:100DD000455444455600000041542B534554444566
:100DE000560000000D0A67657464657620636170C3
:100DF0003A256420616E6E64656C61793A25642CD5
:100E0000206B616C6D616E5F656E61626C653A2529
:100E1000642C206B616C6D616E5F513A252E3366D8
:100E20002C206B616C6D616E5F523A252E33662CFF
:100E300020706172615F613A252E34662C207061EA
:100E400072615F623A252E32662C20706F735F6587
:100E50006E61626C653A25642C20706F735F646903
:100E60006D656E3A25640D0A000000000D0A736579
:100E700074646576206361703A256420616E6E64E7
:100E8000656C61793A25642C206B616C6D616E5FD5
:100E9000656E61626C653A25642C206B616C6D61D6
:100EA0006E5F513A252E33662C206B616C6D616E3E
:100EB0005F523A252E33662C20706172615F613A71
:100EC000252E34662C20706172615F623A252E32C5
:100ED000662C20706F735F656E61626C653A256485
:100EE0002C20706F735F64696D656E3A25640D0A1E
:100EF0000000000067657463666720446C69737462
:100F00003A2564204B4C6973743A2564204E65740D
:100F10003A2530345820416E6349443A25642052C2
:100F20006174653A25642046696C7465723A25647B
:100F30002055736572436D643A25642070646F6157
:100F40004F66667365743A256420726E674F6666F5
:100F50007365743A25640D0A000000007B22736CEF
:100F60006F74223A2225303458222C2261363422E2
:100F70003A222530386C582530386C58222C2261A2
:100F80003136223A2225303458222C2246223A2267
:100F900025303458222C2253223A2225303458222C
:100FA0002C224D223A2225303458227D00000000A8
:100FB00041542B5557424D414300000041542B52A0
:100FC0005353490041542B56455253494F4E00004C
:100FD00041542B52465445535400000041542B4772
:100FE00050494F544553540041542B525354000020
:100FF000726E674F66667365745F6D6DA3BA256424
:101000002C70646F614F66667365745F64656720FA
:101010003A25642C206D6F74696F6E66696C746517
:10102000723A25642C20757365725F636D643A258E
:10103000640A000054100108000000203C14000065
:10104000A2E30008581401083C140020A429000061
:10105000D0E50008C116D03FD03F0A122030094029
:10106000019001C012FFFF14111101120A2009BCE6
:1010700074933C1D5A243F1A80044165FFFF1111EF
:101080001A0103168813E803321BE8030C1114013C
:1010900001642DED39CC4604294D121416C201C449
:1010A000090132641305011C090901263A4138017E
:1010B000FF01FF01FF01FF01FF01FF01FF01FF0130
:1010C000FF01FF01FFF1021F0116D03FD03F0A12BE
:1010D00020300940019001C012FFFF1411110112CC
:1010E0000A2009BC74933C1D5A243F1A8004417D98
:1010F000FFFF11115517018813E803322BE8036134
:10110000140101642DED39CC4604294D121416C288
:1011100001C4090132641305011C090901260A20D2
:10112000418D09A5A4394FD9048113241713200137
:10113000163E22E2223E2BFE220113E2021D203F38
:10114000201F982B7F4401134740180D040404F41A
:1011500084D4A5A6A4D484F40C21300EFE0202127D
:101160003A1613121A3242827E16FC848484FC2AB8
:10117000100124FF10101A3F0919E23601064080C1
:101180007F1720102CE724243AF01E2AF0DC1501EA
:101190007F21113008070202FF02020719552BFFB9
:1011A000540125FF0406841010111189899593912B
:1011B000FD919B95C58919091F10D0121C10D0589C
:1011C00017FF0808088C08280A206027101C131035
:1011D000FF41011BFF01791DD0FF9050AC1EC4449C
:1011E000464460B0120312FF1C1108467D34020C05
:1011F00018180D1008078C54261428478C9406BF25
:10120000C01002028189B2828AB282C3A29881038D
:1012100001142603561269127212741275126112A9
:101220006C12201243124F1A4D0812503A6F181ABE
:101230002002011613414F0C1C08035C040A117DA7
:1012400024512AC28712083686090108121A980802
:1012500032431351511B086D041355521B0865048A
:101260001A8F041AD9041321531B08F7081AFF0414
:101270001A070C4132401ADB3819E2111ADF08292B
:10128000FA1AF7084226120E2A20081A046729744F
:101290001A3D380916A41A4D1C4129920124092629
:1012A00028411305092B0909321281160A0103414D
:1012B000885808CADE4241544B210A25524B10027D
:1012C0007917C2234C020406972C02030404250656
:1012D0000708092BA24AEF4988591539901C0801C3
:1012E000404A89A0191069296910394E6910140CF7
:1012F0000140DA8010DA4010DA2010CA10103908E4
:101300009960E910593F7910596F7910596F791028
:10131000595F7960694069D8690CA910DA0310DA5D
:1013200005109A0650691869704909991059217970
:1013300010DA0410DA081059B1791059B17910593E
:10134000E16980B9F019100A1180E0E910292CA98F
:10135000102993A910DA071059A3D113C40F1B2029
:10136000D4041AE4041AF4041304101B2014041AFD
:101370002404411A34081A44041A54041A64041A3E
:1013800074041A84041A94041AA4041AB4041AC41F
:10139000041AD4045AE434411AF40C1B04114C19F5
:1013A000041A24041A34041A44041A54041A64044F
:1013B0001A7404411A84081A94041AA4041AB4046E
:1013C0001AC4041305051C090901DE12812C090346
:1013D00003A415010815911B08E8081A21081ADC56
:1013E0000813DF961B08D00813D3981B08BC0813FA
:1013F000AD9C1B08B00813839D100808E40C01087D
:10140000DD9E1B08D40813479F1F08A40D01087513
:10141000080138134188B808CADE50446F411912D8
:101420007D6F415044F099269A21209B10021902A9
:101430004723093D90080925010203040506070812
:10144000980314204132341AFD014113090D2D0A6D
:081450000A03015A1A010651BA
:04000005080000ED02
:00000001FF
